transcription,medical_specialty,access_level,source,doc_type
"Weekly Menu for Hospital Cafeteria - March 12-18

**Monday, March 13**

* Breakfast: Whole grain waffles with fresh berries and yogurt
* Lunch: Grilled chicken breast with roasted vegetables and quinoa
* Dinner: Spaghetti Bolognese with garlic bread and a green salad
* Snacks: Fresh fruit cups and cheese and crackers

**Tuesday, March 14**

* Breakfast: Overnight oats with banana and almond milk
* Lunch: Turkey and avocado wrap with carrot sticks and hummus
* Dinner: Grilled salmon with roasted sweet potatoes and steamed broccoli
* Snacks: Trail mix with nuts and dried fruit

**Wednesday, March 15**

* Breakfast: Scrambled eggs with whole grain toast and fresh orange juice
* Lunch: Chicken Caesar salad with whole grain croutons
* Dinner: Beef and vegetable stir-fry with brown rice
* Snacks: Yogurt parfait with granola and mixed berries

**Thursday, March 16**

* Breakfast: Smoothies with yogurt, banana, and spinach
* Lunch: Grilled chicken breast with mixed greens and whole grain wrap
* Dinner: Baked chicken with roasted carrots and quinoa
* Snacks: Apple slices with almond butter

**Friday, March 17**

* Breakfast: Whole grain pancakes with fresh berries and maple syrup
* Lunch: Turkey and cheese sandwich on whole grain bread with carrot sticks
* Dinner: Grilled shrimp with roasted asparagus and brown rice
* Snacks: Rice cakes with peanut butter and banana slices",Public Administrative,PUBLIC,generated,hospital cafeteria weekly menu
"Weekly Menu for Hospital Cafeteria

Week of [Date] - [Date]

Monday:

* Breakfast: Whole grain waffles with fresh fruit and yogurt, scrambled eggs with whole wheat toast
* Lunch: Grilled chicken breast with roasted vegetables and quinoa, vegetarian option: lentil soup with whole grain bread
* Snack: Carrot sticks with hummus

Tuesday:

* Breakfast: Overnight oats with nuts and seeds, whole grain English muffin with avocado spread
* Lunch: Turkey and cheese wraps with mixed greens salad and balsamic vinaigrette, vegetarian option: veggie burger on a whole wheat bun
* Snack: Apple slices with almond butter

Wednesday:

* Breakfast: Scrambled eggs with spinach and feta cheese, whole grain pancakes
* Lunch: Grilled salmon with brown rice and steamed broccoli, vegetarian option: vegetable stir-fry with tofu and brown rice
* Snack: Greek yogurt with berries and granola

Thursday:

* Breakfast: Smoothie bowl with banana, spinach, and almond milk topped with nuts and seeds, whole grain cereal with milk
* Lunch: Chicken Caesar salad wrap, vegetarian option: eggplant parmesan sandwich on a whole wheat bun
* Snack: Hard-boiled eggs and cherry tomatoes

Friday:

* Breakfast: Whole grain French toast with fresh berries and maple syrup, oatmeal with banana and honey
* Lunch: Grilled chicken breast with mixed greens salad and balsamic vinaigrette, vegetarian option: veggie wrap with hummus and sprouts
* Snack: Cottage cheese with sliced cucumber",Public Administrative,PUBLIC,generated,hospital cafeteria weekly menu
"Weekly Menu for Hospital Cafeteria (March 12 - March 18)

Monday, March 13:

* Breakfast: Scrambled eggs with whole wheat toast and fresh fruit salad ($4.50)
* Lunch: Grilled chicken breast sandwich on whole grain bread with carrot sticks and hummus ($8.25)
* Snack: Fresh fruit cups (seasonal) ($2.75)

Tuesday, March 14:

* Breakfast: Yogurt parfait with granola and mixed berries ($5.00)
* Lunch: Vegetable quiche with a side salad ($9.50)
* Snack: Whole grain crackers with peanut butter ($3.25)

Wednesday, March 15:

* Breakfast: Overnight oats with banana and honey ($4.75)
* Lunch: Grilled turkey wrap with mixed greens and balsamic vinaigrette ($8.75)
* Snack: Cut vegetables with guacamole dip ($3.50)

Thursday, March 16:

* Breakfast: Cereal bar with milk and fresh fruit ($5.25)
* Lunch: Chicken Caesar salad ($9.00)
* Snack: Trail mix with nuts and dried fruits ($3.75)

Friday, March 17:

* Breakfast: Bagel with cream cheese and lox ($6.50)
* Lunch: Beef and vegetable stir-fry with brown rice ($10.25)
* Snack: Apple slices with caramel dip ($3.00)

Saturday and Sunday:

* Breakfast: Breakfast sandwich (English muffin, egg, and cheese) ($5.00)
* Lunch: Grilled chicken breast with roasted vegetables and quinoa ($9.50)
* Snack: Fresh fruit cups (seasonal) ($2.75)

Note: Prices are subject to change based on market fluctuations.",Public Administrative,PUBLIC,generated,hospital cafeteria weekly menu
"Weekly Menu for Hospital Cafeteria - Week of March 13th to March 19th

Monday, March 13th:

* Breakfast: Scrambled eggs with whole wheat toast and fresh fruit
* Lunch: Grilled chicken breast sandwich on a baguette with carrot sticks and hummus
* Dinner: Baked salmon with roasted vegetables and quinoa

Tuesday, March 14th:

* Breakfast: Greek yogurt parfait with granola and mixed berries
* Lunch: Turkey and avocado wrap with mixed greens salad
* Dinner: Beef stir-fry with brown rice and steamed broccoli

Wednesday, March 15th:

* Breakfast: Whole grain waffles with fresh strawberries and whipped cream
* Lunch: Grilled panini sandwich with soup of the day (tomato soup)
* Dinner: Chicken Caesar salad with whole wheat croutons

Thursday, March 16th:

* Breakfast: Overnight oats with banana and almond milk
* Lunch: Veggie quesadilla with mixed greens salad and guacamole
* Dinner: Grilled pork chop with roasted sweet potatoes and green beans

Friday, March 17th:

* Breakfast: Breakfast burrito with scrambled eggs and whole wheat tortilla
* Lunch: Chicken and quinoa bowl with roasted vegetables
* Dinner: Baked chicken breast with roasted asparagus and brown rice

Saturday and Sunday will follow a similar menu pattern, with slight variations on weekends. Please note that menu items are subject to change based on dietary restrictions and preferences.",Public Administrative,PUBLIC,generated,hospital cafeteria weekly menu
"Weekly Menu for Hospital Cafeteria - Week of March 12th to March 18th

Monday, March 12th:

* Breakfast: Scrambled eggs with whole wheat toast and fresh fruit
* Lunch: Grilled chicken sandwiches with carrot sticks and hummus
* Dinner: Spaghetti with meat sauce, garlic bread, and a side salad

Tuesday, March 13th:

* Breakfast: Yogurt parfait with granola and banana slices
* Lunch: Turkey wraps with mixed greens and balsamic vinaigrette
* Dinner: Baked salmon with roasted vegetables and quinoa

Wednesday, March 14th:

* Breakfast: Avocado toast with scrambled eggs and cherry tomatoes
* Lunch: Chicken Caesar salad wraps
* Dinner: Beef tacos with Mexican rice, black beans, and tortilla chips

Thursday, March 15th:

* Breakfast: Overnight oats with almond milk and sliced almonds
* Lunch: Grilled paninis with mixed greens and balsamic vinaigrette
* Dinner: Slow-cooked chili with crusty bread and a side salad

Friday, March 16th:

* Breakfast: Smoothie bowls with banana, spinach, and almond milk
* Lunch: Chicken quesadillas with salsa and mixed greens
* Dinner: Grilled steak with roasted potatoes and steamed broccoli

Saturday, March 17th (open for hospital staff only):

* Breakfast: Breakfast burritos with scrambled eggs and sausage
* Lunch: Chicken Caesar wraps
* Dinner: Slow-roasted chicken with roasted carrots and brown rice

Sunday, March 18th:

* Breakfast: Cinnamon rolls with fresh fruit and yogurt
* Lunch: Turkey and cheese sandwiches with carrot sticks and hummus
* Dinner: Beef and vegetable stir-fry with steamed rice",Public Administrative,PUBLIC,generated,hospital cafeteria weekly menu
"Weekly Menu for Hospital Cafeteria - March 1st to March 7th

This week's menu features a variety of healthy options to satisfy our staff and visitors' tastes. Please note that our menu items are subject to change based on supplier availability and seasonal produce.

Monday:
- Breakfast: Whole grain toast with scrambled eggs, fresh fruit, and yogurt
- Lunch: Grilled chicken breast sandwich with mixed greens salad and balsamic vinaigrette
- Dinner: Spaghetti with marinara sauce, garlic bread, and a side of steamed broccoli

Tuesday:
- Breakfast: Overnight oats with banana and honey
- Lunch: Turkey and avocado wrap with carrot sticks and hummus
- Dinner: Baked salmon with roasted vegetables and quinoa

Wednesday:
- Breakfast: Greek yogurt parfait with granola and berries
- Lunch: Chicken Caesar salad
- Dinner: Beef stir-fry with brown rice and mixed vegetables

Thursday:
- Breakfast: Scrambled eggs with whole grain English muffin and fresh fruit
- Lunch: Grilled chicken wrap with mixed greens and balsamic vinaigrette
- Dinner: Vegetarian lasagna with garlic bread and a side salad

Friday:
- Breakfast: Smoothie bowl with banana, spinach, and almond milk topped with granola and nuts
- Lunch: Turkey and cheese sandwich with carrot sticks and hummus
- Dinner: Grilled chicken breast with roasted sweet potatoes and green beans

Saturday and Sunday:
- Breakfast: Breakfast burrito with scrambled eggs, sausage, and shredded cheese
- Lunch: Chicken quesadilla with mixed greens salad and balsamic vinaigrette
- Dinner: Grilled steak with roasted asparagus and quinoa

Please note that our menu items are subject to change. If you have any dietary restrictions or preferences, please inform our staff so we can accommodate your needs.",Public Administrative,PUBLIC,generated,hospital cafeteria weekly menu
"Weekly Menu for Hospital Cafeteria - Weeks of March 5th to March 11th

Monday, March 5th:

* Breakfast: Scrambled eggs with whole wheat toast and fresh fruit
* Lunch: Grilled chicken breast with roasted vegetables and quinoa
* Dinner: Baked salmon with sweet potato and green beans

Tuesday, March 6th:

* Breakfast: Greek yogurt parfait with granola and banana
* Lunch: Turkey and avocado wrap with carrot sticks
* Dinner: Vegetarian lasagna with garlic bread

Wednesday, March 7th:

* Breakfast: Overnight oats with almond milk and berries
* Lunch: Grilled turkey sandwich with mixed greens salad
* Dinner: Slow-cooked beef stew with crusty bread

Thursday, March 8th:

* Breakfast: Whole grain waffles with fresh strawberries and whipped cream
* Lunch: Chicken Caesar salad
* Dinner: Roasted chicken breast with roasted carrots and brown rice

Friday, March 9th:

* Breakfast: Avocado toast with scrambled eggs and cherry tomatoes
* Lunch: Grilled cheeseburger with sweet potato fries
* Dinner: Slow-cooked pork tenderloin with roasted Brussels sprouts

Saturday, March 10th:

* Breakfast: Cinnamon roll French toast with fresh fruit
* Lunch: Chicken quesadilla with mixed greens salad
* Dinner: Baked chicken breast with quinoa and steamed broccoli

Sunday, March 11th:

* Breakfast: Breakfast burrito with scrambled eggs and sausage
* Lunch: Turkey and cheese wrap with carrot sticks
* Dinner: Slow-cooked beef brisket with roasted sweet potatoes",Public Administrative,PUBLIC,generated,hospital cafeteria weekly menu
"Weekly Menu - Hospital Cafeteria

Week of [Date]

Monday:

* Breakfast: Scrambled eggs, turkey sausage, whole wheat toast, and fresh fruit ($6.50)
* Lunch: Grilled chicken breast sandwich, carrot sticks with hummus, mixed greens salad ($12.00)
* Snack: Yogurt parfait with granola and berries ($4.25)

Tuesday:

* Breakfast: Overnight oats with banana and almond milk ($5.75)
* Lunch: Vegetarian quinoa bowl with roasted vegetables and pita bread ($11.50)
* Snack: Hard-boiled eggs and cherry tomatoes ($3.75)

Wednesday:

* Breakfast: Avocado toast with scrambled eggs and whole wheat English muffin ($7.25)
* Lunch: Grilled turkey wrap, mixed greens salad, and balsamic vinaigrette ($13.00)
* Snack: Apple slices with peanut butter ($4.00)

Thursday:

* Breakfast: Smoothie bowl with banana, spinach, and almond milk topped with granola and fresh fruit ($6.50)
* Lunch: Grilled chicken Caesar salad ($12.75)
* Snack: Cottage cheese with sliced peaches ($4.50)

Friday:

* Breakfast: Breakfast burrito with scrambled eggs, black beans, and avocado ($7.00)
* Lunch: Grilled panini sandwich with mixed greens and balsamic vinaigrette ($11.25)
* Snack: Carrot sticks with hummus ($3.75)

Saturday and Sunday:

* Breakfast: continental breakfast with pastries, yogurt, and fresh fruit (included with room rate)

Meal prices are subject to change and may vary based on menu item availability.",Public Administrative,PUBLIC,generated,hospital cafeteria weekly menu
"Weekly Menu for Hospital Cafeteria (March 12 - March 18)

Monday, March 13:

* Breakfast: Whole Grain Waffles with Fresh Berries and Yogurt
* Lunch: Grilled Chicken Breast Sandwiches, Carrot Sticks with Hummus, and Mixed Greens Salad
* Dinner: Spaghetti with Meat Sauce, Garlic Bread, and Steamed Broccoli

Tuesday, March 14:

* Breakfast: Overnight Oats with Banana and Almond Milk
* Lunch: Tuna Salad Wraps, Sliced Cucumber, and Cherry Tomatoes
* Dinner: Baked Salmon with Roasted Vegetables and Quinoa

Wednesday, March 15:

* Breakfast: Scrambled Eggs with Spinach and Whole Wheat Toast
* Lunch: Veggie Burgers, Sweet Potato Fries, and Mixed Greens Salad
* Dinner: Chicken Fajitas with Sauteed Onions and Bell Peppers, served with Warm Flour Tortillas

Thursday, March 16:

* Breakfast: Greek Yogurt Parfait with Granola and Fresh Fruit
* Lunch: Grilled Turkey and Avocado Wraps, Carrot Sticks with Hummus, and Mixed Greens Salad
* Dinner: Beef and Vegetable Stir-Fry with Brown Rice

Friday, March 17:

* Breakfast: Cinnamon Rolls with Fresh Fruit and Yogurt
* Lunch: Chicken Caesar Wraps, Sliced Cucumber, and Cherry Tomatoes
* Dinner: Grilled Shrimp with Roasted Asparagus and Quinoa

Saturday and Sunday: Please note that our cafeteria will be offering a special meal on these days. Menu items are subject to change without notice.

Please check the cafeteria board for daily specials and updates throughout the week. We hope you enjoy your meals!",Public Administrative,PUBLIC,generated,hospital cafeteria weekly menu
"Weekly Menu for Hospital Cafeteria - Week of March 11th to March 17th

Monday, March 12th:
- Breakfast: Scrambled eggs with whole wheat toast and fresh fruit
- Lunch: Grilled chicken breast sandwiches with carrot sticks and hummus
- Dinner: Spaghetti Bolognese with garlic bread and mixed greens salad

Tuesday, March 13th:
- Breakfast: Yogurt parfait with granola and banana slices
- Lunch: Turkey and avocado wraps with cherry tomatoes and balsamic vinaigrette
- Dinner: Grilled salmon with roasted vegetables and quinoa

Wednesday, March 14th:
- Breakfast: Whole grain waffles with strawberries and whipped cream
- Lunch: Chicken Caesar salad wraps with croutons and parmesan cheese
- Dinner: Beef and vegetable stir-fry with brown rice

Thursday, March 15th:
- Breakfast: Overnight oats with banana and almond milk
- Lunch: Grilled panini sandwiches with mixed greens and balsamic vinaigrette
- Dinner: Chicken fajitas with sautéed onions and bell peppers, served with warm flour tortillas

Friday, March 16th:
- Breakfast: Whole grain English muffins with scrambled eggs and smoked salmon
- Lunch: Chicken quesadillas with mixed greens and salsa
- Dinner: Grilled chicken breast with roasted sweet potatoes and green beans

Saturday, March 17th (Staff Meal Day):
- Breakfast: Breakfast burritos with scrambled eggs, sausage, and shredded cheese
- Lunch: Grilled chicken sandwiches with carrot sticks and hummus

Please note that menu items are subject to change based on dietary restrictions and availability of ingredients.",Public Administrative,PUBLIC,generated,hospital cafeteria weekly menu
"Weekly Menu for Hospital Cafeteria (March 12 - March 18)

Monday, March 12:

* Breakfast: Scrambled eggs with whole wheat toast and fresh fruit
* Lunch: Grilled chicken breast sandwich on whole grain bread with carrot sticks and hummus
* Dinner: Baked salmon with roasted vegetables and quinoa

Tuesday, March 13:

* Breakfast: Oatmeal with banana and honey
* Lunch: Turkey and avocado wrap with mixed greens salad
* Dinner: Vegetarian stir-fry with brown rice and steamed broccoli

Wednesday, March 14:

* Breakfast: Yogurt parfait with granola and berries
* Lunch: Grilled turkey and cheese sandwich on whole grain bread with tomato soup
* Dinner: Beef and vegetable kebabs with roasted sweet potatoes

Thursday, March 15:

* Breakfast: Smoothie bowl with banana, spinach, and almond milk topped with granola and fresh fruit
* Lunch: Chicken Caesar salad wrap
* Dinner: Slow-cooked chili with crusty bread and a side salad

Friday, March 16:

* Breakfast: Pancakes with fresh berries and maple syrup
* Lunch: Grilled chicken breast with mixed greens salad and balsamic vinaigrette
* Dinner: Baked chicken parmesan with spaghetti and marinara sauce

Saturday, March 17:

* Breakfast: Bagels with cream cheese and lox
* Lunch: Grilled panini sandwich with tomato soup
* Dinner: Slow-roasted prime rib with roasted vegetables and horseradish sauce

Sunday, March 18:

* Breakfast: Breakfast burrito with scrambled eggs, sausage, and avocado
* Lunch: Chicken quesadilla with sour cream and salsa
* Dinner: Grilled shrimp with quinoa and steamed asparagus",Public Administrative,PUBLIC,generated,hospital cafeteria weekly menu
"Weekly Menu for Hospital Cafeteria

Monday:
- Breakfast: Scrambled eggs, whole wheat toast, fresh fruit salad
- Lunch: Grilled chicken sandwich, mixed greens salad, balsamic vinaigrette dressing
- Dinner: Baked salmon, roasted vegetables, quinoa

Tuesday:
- Breakfast: Oatmeal with banana and honey, whole grain English muffin
- Lunch: Turkey and avocado wrap, carrot sticks with hummus dip
- Dinner: Vegetarian lasagna, garlic bread, Caesar salad

Wednesday:
- Breakfast: Yogurt parfait with granola and berries, whole wheat croissant
- Lunch: Grilled chicken Caesar salad, whole wheat crackers
- Dinner: Beef stir-fry with brown rice, steamed broccoli

Thursday:
- Breakfast: Smoothie bowl with banana, spinach, and almond milk, whole grain waffles
- Lunch: Chicken quesadilla, mixed greens salad, salsa
- Dinner: Roasted chicken, roasted sweet potatoes, green beans

Friday:
- Breakfast: Whole grain pancakes with maple syrup, scrambled eggs
- Lunch: Tuna salad sandwich, mixed greens salad, whole wheat crackers
- Dinner: Grilled pork chop, roasted Brussels sprouts, quinoa

Saturday and Sunday:
- Breakfast: Breakfast burrito with scrambled eggs, sausage, and cheese, fresh fruit salad
- Lunch: Chicken Caesar wrap, carrot sticks with hummus dip
- Dinner: Baked chicken, roasted asparagus, brown rice",Public Administrative,PUBLIC,generated,hospital cafeteria weekly menu
"Weekly Menu for Hospital Cafeteria - March 5th to March 11th

Monday, March 5th:

* Breakfast: Scrambled eggs with whole wheat toast and fresh fruit
* Lunch: Grilled chicken breast with roasted vegetables and quinoa
* Dinner: Spaghetti Bolognese with garlic bread and a green salad

Tuesday, March 6th:

* Breakfast: Greek yogurt parfait with granola and mixed berries
* Lunch: Turkey and avocado wrap with carrot sticks and hummus
* Dinner: Grilled salmon with roasted sweet potatoes and steamed broccoli

Wednesday, March 7th:

* Breakfast: Overnight oats with banana and almond milk
* Lunch: Chicken Caesar salad wraps
* Dinner: Beef and vegetable stir-fry with brown rice

Thursday, March 8th:

* Breakfast: Whole grain waffles with fresh strawberries and whipped cream
* Lunch: Lentil soup with whole grain crackers and a side salad
* Dinner: Grilled chicken breast with roasted Brussels sprouts and sweet potatoes

Friday, March 9th:

* Breakfast: Smoothie bar with yogurt, banana, and mixed berries
* Lunch: Grilled panini sandwiches with tomato soup
* Dinner: Slow cooker chili with crusty bread and a side salad

Saturday and Sunday:

* The cafeteria will be closed for weekend maintenance. Reservations can be made for catering services during this time.

Please note that menu items are subject to change based on seasonal availability and dietary requests. If you have any special dietary needs, please contact the cafeteria staff in advance to make arrangements.",Public Administrative,PUBLIC,generated,hospital cafeteria weekly menu
"Weekly Menu for Hospital Cafeteria - Week of March 13th to March 19th

Monday, March 13th:

* Breakfast: Whole-grain toast with scrambled eggs and turkey sausage
* Lunch: Grilled chicken breast sandwich on whole-grain bread with carrot sticks and hummus
* Snack: Fresh fruit salad
* Dinner: Spaghetti with meat sauce, garlic bread, and a green salad

Tuesday, March 14th:

* Breakfast: Yogurt parfait with granola and banana slices
* Lunch: Turkey and avocado wrap with mixed greens salad
* Snack: Apple slices with almond butter
* Dinner: Baked salmon with roasted vegetables and quinoa

Wednesday, March 15th:

* Breakfast: Overnight oats with berries and nuts
* Lunch: Grilled chicken Caesar salad wrap
* Snack: Carrot and celery sticks with ranch dip
* Dinner: Beef and vegetable stir-fry with brown rice

Thursday, March 16th:

* Breakfast: Whole-grain waffles with fresh strawberries and whipped cream
* Lunch: Chicken quesadilla with mixed greens salad and pico de gallo
* Snack: Grapes and cheese cubes
* Dinner: Slow-cooked chili with cornbread and a side salad

Friday, March 17th:

* Breakfast: Scrambled eggs with whole-grain English muffins and turkey bacon
* Lunch: Grilled chicken breast sandwich on whole-grain bread with mixed greens salad
* Snack: Rice cakes with peanut butter and banana slices
* Dinner: Baked chicken parmesan with spaghetti and garlic bread

Saturday and Sunday:

* Breakfast: Bagels with cream cheese and lox, or pastries and coffee
* Lunch: Soup and sandwich options available
* Snack: Fresh fruit salad or yogurt parfait

Please note that menu items are subject to change based on dietary restrictions and staff preferences.",Public Administrative,PUBLIC,generated,hospital cafeteria weekly menu
"Weekly Menu for Hospital Cafeteria

**Monday**

* Breakfast: Scrambled eggs, whole wheat toast, fresh fruit, and yogurt parfait
* Lunch: Grilled chicken breast with roasted vegetables and quinoa
* Snack: Carrot sticks with hummus
* Dinner: Spaghetti with meat sauce, garlic bread, and a green salad

**Tuesday**

* Breakfast: Overnight oats with banana and almond milk
* Lunch: Turkey and avocado wrap with mixed greens
* Snack: Apple slices with cheddar cheese
* Dinner: Baked salmon with roasted sweet potatoes and steamed broccoli

**Wednesday**

* Breakfast: Whole grain waffles with strawberries and whipped cream
* Lunch: Chicken Caesar salad with whole wheat croutons
* Snack: Grapes and crackers
* Dinner: Beef tacos with lettuce, tomatoes, and sour cream

**Thursday**

* Breakfast: Smoothie bar with yogurt, banana, and granola
* Lunch: Veggie burger on a whole grain bun with sweet potato fries
* Snack: Hard-boiled eggs
* Dinner: Chicken parmesan with spaghetti and garlic bread

**Friday**

* Breakfast: Cereal bar with milk and fresh fruit
* Lunch: Grilled chicken breast with mixed greens and balsamic vinaigrette
* Snack: Rice cakes with peanut butter and banana slices
* Dinner: Slow cooker chili with whole grain crackers",Public Administrative,PUBLIC,generated,hospital cafeteria weekly menu
"Weekly Menu for Hospital Cafeteria (March 12 - March 18)

The hospital cafeteria will offer the following menu options during the week of March 12 - March 18:

Monday, March 12:
- Breakfast: Scrambled eggs with whole wheat toast and fresh fruit
- Lunch: Grilled chicken breast sandwich on a baguette with mixed greens salad and balsamic vinaigrette dressing
- Dinner: Spaghetti with marinara sauce, garlic bread, and steamed broccoli

Tuesday, March 13:
- Breakfast: Yogurt parfait with granola and mixed berries
- Lunch: Turkey and avocado wrap with carrot sticks and hummus
- Dinner: Baked salmon with roasted vegetables and quinoa

Wednesday, March 14:
- Breakfast: Cereal bar with banana slices and milk
- Lunch: Grilled panini sandwich with tomato soup
- Dinner: Beef stir-fry with brown rice and mixed vegetables

Thursday, March 15:
- Breakfast: Smoothie bowl with banana, spinach, and almond milk topped with granola and fresh fruit
- Lunch: Chicken Caesar salad wrap
- Dinner: Slow-cooked chili with crusty bread and a side salad

Friday, March 16:
- Breakfast: Bagel with cream cheese and smoked salmon
- Lunch: Grilled chicken breast with roasted vegetables and quinoa
- Dinner: Baked chicken parmesan with spaghetti and garlic bread

Saturday and Sunday will offer the same menu options as weekdays. Please note that menu items are subject to change based on supplier availability and culinary considerations.",Public Administrative,PUBLIC,generated,hospital cafeteria weekly menu
"Weekly Menu for Hospital Cafeteria - Week of March 11th - March 17th

Monday, March 12th:

* Breakfast: Scrambled eggs with whole wheat toast and fresh fruit
* Lunch: Grilled chicken breast sandwiches, carrot sticks with hummus, mixed greens salad with balsamic vinaigrette
* Dinner: Spaghetti with meat sauce, garlic bread, steamed broccoli

Tuesday, March 13th:

* Breakfast: Yogurt parfait with granola and berries
* Lunch: Turkey and avocado wraps, cherry tomatoes with ranch dressing, side salad with choice of toppings
* Dinner: Baked salmon, roasted vegetables, quinoa

Wednesday, March 14th:

* Breakfast: Whole grain waffles with fresh fruit and whipped cream
* Lunch: Chicken Caesar salad wraps, mixed berries with yogurt dip
* Dinner: Beef and vegetable stir-fry, brown rice

Thursday, March 15th:

* Breakfast: Overnight oats with nuts and seeds
* Lunch: Grilled paninis, sliced cucumber with dill dip, side salad with choice of toppings
* Dinner: Chicken fajitas, sautéed onions and bell peppers, warm flour tortillas

Friday, March 16th:

* Breakfast: Smoothies with yogurt, banana, and honey
* Lunch: Grilled chicken breast sandwiches, mixed greens salad with balsamic vinaigrette
* Dinner: Slow-cooked chili, crusty bread, shredded cheddar cheese

Saturday, March 17th (Café Day):

* Breakfast: Pancakes with fresh fruit, maple syrup, and whipped cream
* Lunch: Quesadillas, mixed berries with yogurt dip",Public Administrative,PUBLIC,generated,hospital cafeteria weekly menu
"Weekly Menu for Hospital Cafeteria (March 12 - March 18)

Monday:
- Breakfast: Scrambled eggs, whole wheat toast, fresh fruit salad
- Lunch: Grilled chicken breast, quinoa salad, mixed greens with balsamic vinaigrette
- Snack: Freshly baked muffins and yogurt cups

Tuesday:
- Breakfast: Overnight oats, sliced almonds, and berries
- Lunch: Vegetarian wrap (hummus, avocado, sprouts) with a side of carrot sticks
- Snack: Apple slices with cheddar cheese

Wednesday:
- Breakfast: Whole grain cereal with milk, banana slices, and granola
- Lunch: Grilled turkey breast sandwich on whole wheat bread, mixed greens salad, and cherry tomatoes
- Snack: Rice cakes with peanut butter and banana slices

Thursday:
- Breakfast: Yogurt parfait (Greek yogurt, granola, mixed berries)
- Lunch: Chicken Caesar salad
- Snack: Freshly made trail mix with nuts and dried fruits

Friday:
- Breakfast: Avocado toast on whole wheat bread with scrambled eggs
- Lunch: Grilled chicken breast with roasted vegetables (broccoli, carrots, bell peppers) and quinoa
- Snack: Carrot sticks with hummus

Saturday and Sunday will feature a special ""Breakfast for One"" menu at 7:00 AM, featuring scrambled eggs, whole wheat toast, and fresh fruit salad.

Please note that menu items are subject to change based on seasonal availability and staff preferences.",Public Administrative,PUBLIC,generated,hospital cafeteria weekly menu
"Weekly Menu for Hospital Cafeteria (March 12 - March 18)

Monday:

* Breakfast: Scrambled eggs with whole wheat toast and fresh fruit
* Lunch: Grilled chicken breast with roasted vegetables and quinoa
* Dinner: Beef stir-fry with brown rice and mixed greens salad

Tuesday:

* Breakfast: Oatmeal with banana and honey
* Lunch: Turkey and avocado wrap with carrot sticks and hummus
* Dinner: Baked salmon with sweet potato and steamed broccoli

Wednesday:

* Breakfast: Yogurt parfait with granola and berries
* Lunch: Veggie burger on whole wheat bun with mixed greens salad and balsamic vinaigrette
* Dinner: Chicken fajitas with sautéed onions and bell peppers, served with warm flour tortillas

Thursday:

* Breakfast: Smoothies (choice of banana, strawberry, or mango) with whole grain cereal
* Lunch: Grilled chicken Caesar salad with croutons and parmesan cheese
* Dinner: Slow-cooked chili with crusty bread and a side salad

Friday:

* Breakfast: Pancakes with maple syrup and fresh fruit
* Lunch: Chicken quesadilla with mixed greens salad and sour cream
* Dinner: Baked cod with roasted asparagus and quinoa

Saturday and Sunday:

* Breakfast: Bagels with cream cheese and smoked salmon, or scrambled eggs with whole wheat toast
* Lunch: Sandwiches (choice of turkey, ham, or vegetarian options) with chips and fruit
* Dinner: Grilled chicken breast with roasted vegetables and brown rice",Public Administrative,PUBLIC,generated,hospital cafeteria weekly menu
"Weekly Menu for Hospital Cafeteria

Monday:
- Breakfast: Scrambled eggs, turkey sausage, whole-grain toast, and fresh fruit
- Lunch: Grilled chicken breast, quinoa salad with roasted vegetables, and mixed greens salad with vinaigrette dressing
- Dinner: Beef stir-fry with brown rice, steamed broccoli, and fortune cookies

Tuesday:
- Breakfast: Yogurt parfait with granola, banana, and honey
- Lunch: Turkey and avocado wrap with carrot sticks and hummus
- Dinner: Baked salmon, roasted sweet potatoes, green beans, and Caesar salad

Wednesday:
- Breakfast: Smoothie bowl with banana, spinach, almond milk, and almond butter topping
- Lunch: Grilled chicken Caesar wrap
- Dinner: Vegetarian lasagna with garlic bread and a side salad

Thursday:
- Breakfast: Cereal bar with skim milk, sliced banana, and whole-grain toast
- Lunch: Chicken quesadilla with mixed greens salad and balsamic vinaigrette dressing
- Dinner: Grilled steak, roasted asparagus, quinoa, and sautéed bell peppers

Friday:
- Breakfast: Whole-grain waffles with fresh berries, whipped cream, and maple syrup
- Lunch: Turkey and cheese sandwich on whole-grain bread with carrot sticks and hummus
- Dinner: Slow-cooked chili with crusty bread and a side salad",Public Administrative,PUBLIC,generated,hospital cafeteria weekly menu
"Weekly Menu for Hospital Cafeteria - Week of March 12th to March 18th

Monday, March 12th:

* Breakfast: Scrambled eggs with whole wheat toast and fresh fruit
* Lunch: Grilled chicken breast with roasted vegetables and quinoa
* Dinner: Baked salmon with sweet potato and green beans

Tuesday, March 13th:

* Breakfast: Yogurt parfait with granola and banana
* Lunch: Turkey and avocado wrap with carrot sticks and hummus
* Dinner: Vegetarian lentil soup with whole grain bread and a side salad

Wednesday, March 14th:

* Breakfast: Overnight oats with nuts and seeds
* Lunch: Grilled chicken Caesar salad
* Dinner: Beef and broccoli stir-fry with brown rice

Thursday, March 15th:

* Breakfast: Smoothies (choice of fruit and yogurt)
* Lunch: Chicken quesadilla with mixed greens and salsa
* Dinner: Roasted chicken breast with roasted carrots and parsnips

Friday, March 16th:

* Breakfast: Pancakes with fresh berries and whipped cream
* Lunch: Grilled panini with tomato soup
* Dinner: Slow cooker chili with crusty bread

Saturday and Sunday:

* Brunch will be served on both days from 11am to 2pm. Menu items will include omelets, waffles, and fresh fruit.

All menu items are prepared in accordance with hospital nutrition standards and are available for purchase in the cafeteria during operating hours.",Public Administrative,PUBLIC,generated,hospital cafeteria weekly menu
"Weekly Menu for Hospital Cafeteria - Week of March 12th to March 18th

Monday, March 12th:

* Breakfast: Scrambled eggs with whole wheat toast and fresh fruit
* Lunch: Grilled chicken breast sandwich on whole grain bread with carrot sticks and hummus
* Snack: Yogurt parfait with granola and mixed berries
* Dinner: Spaghetti with meat sauce, garlic bread, and a side salad

Tuesday, March 13th:

* Breakfast: Oatmeal with banana and honey
* Lunch: Turkey and avocado wrap with mixed greens and whole grain tortilla
* Snack: Fresh fruit cup with cheese sticks
* Dinner: Baked salmon with roasted vegetables and quinoa

Wednesday, March 14th (Staff Meal Day):

* Breakfast: Pancakes with fresh berries and maple syrup
* Lunch: Grilled chicken Caesar salad wrap
* Snack: Chips and salsa
* Dinner: Beef and vegetable stir-fry with brown rice

Thursday, March 15th:

* Breakfast: Smoothie bowl with Greek yogurt, banana, and spinach
* Lunch: Chicken quesadilla with mixed greens and whole grain tortilla
* Snack: Apple slices with almond butter
* Dinner: Grilled turkey burger on a whole grain bun with sweet potato fries

Friday, March 16th:

* Breakfast: Whole grain waffles with fresh fruit and whipped cream
* Lunch: Chicken and vegetable soup with crusty bread
* Snack: Carrot sticks with ranch dip
* Dinner: Grilled chicken breast with roasted potatoes and green beans

Saturday, March 17th (Weekend Meal Day):

* Breakfast: French toast with maple syrup and fresh berries
* Lunch: Grilled chicken wrap with mixed greens and whole grain tortilla
* Snack: Yogurt parfait with granola and mixed berries
* Dinner: Baked chicken breast with roasted vegetables and quinoa

Sunday, March 18th (Sunday Funday Meal Day):

* Breakfast: Pancakes with fresh fruit and whipped cream
* Lunch: Turkey and cheese sandwich on whole grain bread with carrot sticks and hummus
* Snack: Chips and salsa
* Dinner: Beef and vegetable stir-fry with brown rice",Public Administrative,PUBLIC,generated,hospital cafeteria weekly menu
"Weekly Menu for Hospital Cafeteria (March 12 - March 18)

Monday, March 12:

* Breakfast: Scrambled eggs, turkey sausage, whole-grain toast, fresh fruit
* Lunch: Grilled chicken breast, roasted vegetables, quinoa, mixed greens salad
* Dinner: Baked cod, sweet potato, steamed broccoli, Caesar salad

Tuesday, March 13:

* Breakfast: Yogurt parfait with granola and berries, whole-grain waffles
* Lunch: Turkey and avocado wrap, carrot sticks, hummus
* Dinner: Beef stir-fry with brown rice, mixed vegetables, fortune cookies

Wednesday, March 14:

* Breakfast: Overnight oats with banana and almond milk, whole-grain English muffin
* Lunch: Grilled chicken Caesar salad, whole-grain crackers
* Dinner: Slow-cooked chili, crusty bread, mixed greens salad

Thursday, March 15:

* Breakfast: Smoothie bar (frozen yogurt, fruit, granola) with fresh fruit skewers
* Lunch: Grilled panini, tomato soup, mixed greens salad
* Dinner: Baked chicken breast, roasted asparagus, quinoa, lemon vinaigrette

Friday, March 16:

* Breakfast: Breakfast burrito with scrambled eggs, sausage, and cheese, whole-grain tortilla
* Lunch: Turkey and cheese sandwich, carrot sticks, hummus
* Dinner: Grilled salmon, roasted bell peppers, brown rice, mixed greens salad

Saturday and Sunday will feature our usual weekend menu options, including breakfast favorites like pancakes and omelets, as well as lunch staples like burgers and sandwiches.

Please note that menu items are subject to change based on seasonal availability and staff preferences.",Public Administrative,PUBLIC,generated,hospital cafeteria weekly menu
"Weekly Menu for Hospital Cafeteria (March 6 - March 12)

Monday:
- Breakfast: Scrambled eggs with whole wheat toast and fresh fruit, Yogurt Parfait Bar
- Lunch: Grilled chicken breast sandwiches on whole grain bread with carrot sticks and hummus, Mixed Greens Salad with assorted toppings
- Dinner: Spaghetti Bolognese with garlic bread and a side salad

Tuesday:
- Breakfast: Overnight oats with banana and almond milk, Fresh fruit cups
- Lunch: Turkey and cheese wraps with mixed greens and balsamic vinaigrette, Soup of the Day (Vegetable Broth)
- Dinner: Grilled salmon with roasted vegetables and quinoa

Wednesday:
- Breakfast: Whole grain waffles with fresh berries and whipped cream, Yogurt smoothies
- Lunch: Chicken Caesar salad wraps, Fresh fruit cups
- Dinner: Beef and vegetable stir-fry with brown rice

Thursday:
- Breakfast: Avocado toast on whole grain bread with scrambled eggs, Mixed Berry Smoothie Bar
- Lunch: Grilled chicken breast with mixed greens and a balsamic vinaigrette, Side salad
- Dinner: Pizza Night - Choose from three toppings (Pepperoni, Mushrooms, Bell Peppers)

Friday:
- Breakfast: Whole grain cereal with milk and banana slices, Yogurt Parfait Bar
- Lunch: Turkey and cheese sandwiches on whole grain bread with carrot sticks and hummus, Mixed Greens Salad with assorted toppings
- Dinner: Grilled chicken breast with roasted sweet potatoes and green beans

Saturday and Sunday:
- Breakfast: Breakfast burritos with scrambled eggs, sausage, and cheese, Fresh fruit cups
- Lunch and Dinner: Soup and sandwich combo - Choose from two soups (Chicken Noodle or Vegetable Broth) paired with a sandwich of your choice.",Public Administrative,PUBLIC,generated,hospital cafeteria weekly menu
"Weekly Menu for Hospital Cafeteria (March 5 - March 11)

Monday, March 5:

* Breakfast: Scrambled eggs, whole wheat toast, fresh fruit salad ($3.50)
* Lunch: Grilled chicken breast sandwich, mixed greens salad, balsamic vinaigrette dressing ($8.25)
* Dinner: Baked salmon, roasted vegetables, quinoa ($9.50)

Tuesday, March 6:

* Breakfast: Yogurt parfait with granola and banana ($2.75)
* Lunch: Turkey and avocado wrap, carrot sticks with hummus ($7.90)
* Dinner: Beef stir-fry with brown rice, mixed vegetables ($10.25)

Wednesday, March 7:

* Breakfast: Whole grain waffles with fresh berries and whipped cream ($3.25)
* Lunch: Grilled panini sandwich, cherry tomatoes, and a side salad ($8.50)
* Dinner: Chicken fajitas with sautéed onions and bell peppers, warm flour tortillas ($9.75)

Thursday, March 8:

* Breakfast: Overnight oats with nuts and seeds ($2.95)
* Lunch: Grilled chicken Caesar wrap, croutons, and parmesan cheese ($8.25)
* Dinner: Slow-cooked lentil soup with whole grain bread ($8.50)

Friday, March 9:

* Breakfast: Avocado toast on whole grain bread with scrambled eggs ($3.75)
* Lunch: Turkey and cheese sandwich, mixed greens salad, balsamic vinaigrette dressing ($8.00)
* Dinner: Grilled shrimp skewers with roasted vegetables and quinoa ($10.50)

Saturday and Sunday:

* Breakfast: Breakfast burrito with scrambled eggs, sausage, and shredded cheese ($3.25)
* Lunch: Chicken quesadilla, mixed greens salad, sour cream and salsa ($7.90)
* Dinner: Baked chicken breast with roasted sweet potatoes and steamed broccoli ($9.00)",Public Administrative,PUBLIC,generated,hospital cafeteria weekly menu
"Weekly Menu for Hospital Cafeteria - Week of March 13th to March 19th

Monday, March 13th:

* Breakfast: Scrambled eggs with turkey sausage, whole wheat toast, and fresh fruit
* Lunch: Grilled chicken breast sandwich on a baguette with carrot sticks and hummus
* Dinner: Spaghetti with meat sauce, garlic bread, and a side salad

Tuesday, March 14th:

* Breakfast: Yogurt parfait with granola and banana slices
* Lunch: Turkey and cheese wrap with mixed greens and cherry tomatoes
* Dinner: Grilled salmon with roasted vegetables and quinoa

Wednesday, March 15th:

* Breakfast: Overnight oats with almond milk and sliced almonds
* Lunch: Chicken Caesar salad with croutons and parmesan cheese
* Dinner: Beef and vegetable stir-fry with brown rice

Thursday, March 16th:

* Breakfast: Avocado toast on whole wheat bread with scrambled eggs
* Lunch: Grilled chicken breast sandwich on a baguette with mixed greens and balsamic vinaigrette
* Dinner: Lentil soup with crusty bread and a side salad

Friday, March 17th:

* Breakfast: Smoothie bowl with banana, spinach, and almond milk topped with granola
* Lunch: Turkey meatball sub on a hoagie roll with marinara sauce
* Dinner: Grilled chicken breast with roasted sweet potatoes and green beans

Saturday and Sunday:

* Breakfast: Breakfast burrito with scrambled eggs, sausage, and shredded cheese
* Lunch: Chicken quesadilla with mixed greens and salsa
* Dinner: Grilled steak with roasted asparagus and quinoa

Note: Menu items are subject to change based on availability of ingredients.",Public Administrative,PUBLIC,generated,hospital cafeteria weekly menu
"Weekly Menu - Cafeteria Services

The hospital cafeteria will operate on a weekly menu plan, providing a variety of healthy and nutritious options for our staff and visitors. The following menu is scheduled for the week of [insert dates] and will be available from 7:00 am to 3:00 pm daily.

Monday:
- Breakfast: Whole grain waffles with fresh berries and yogurt
- Lunch: Grilled chicken sandwiches, carrot sticks, and hummus
- Snack: Fresh fruit salad

Tuesday:
- Breakfast: Scrambled eggs with whole grain toast and hash browns
- Lunch: Vegetarian quinoa bowls with roasted vegetables
- Snack: Assorted granola bars

Wednesday:
- Breakfast: Overnight oats with banana and nuts
- Lunch: Grilled paninis, mixed greens salad, and balsamic vinaigrette dressing
- Snack: Cheese and crackers

Thursday:
- Breakfast: Yogurt parfait with granola and fresh berries
- Lunch: Grilled chicken Caesar wraps
- Snack: Apple slices with peanut butter

Friday:
- Breakfast: Avocado toast on whole grain bread
- Lunch: Turkey and cheese wraps, carrot sticks, and hummus
- Snack: Fresh fruit smoothies

Saturday and Sunday:
- Breakfast: Breakfast burritos with scrambled eggs and sausage
- Lunch: Grilled chicken salads with mixed greens and balsamic vinaigrette dressing
- Snack: Assorted pastries and coffee

Beverages will be available throughout the day, including coffee, tea, juice, and water. The cafeteria will also offer a salad bar with fresh produce and toppings.

Please note that menu items are subject to change based on availability of ingredients.",Public Administrative,PUBLIC,generated,hospital cafeteria weekly menu
"Weekly Menu for Hospital Cafeteria - Week of March 12th to March 18th

Monday, March 13th:

* Breakfast: Overnight oats with fresh berries and granola ($3.50)
* Lunch: Grilled chicken breast sandwiches on whole wheat bread with carrot sticks and hummus ($7.95)
* Dinner: Baked salmon with roasted vegetables and quinoa ($10.50)

Tuesday, March 14th:

* Breakfast: Yogurt parfait with granola and banana slices ($4.25)
* Lunch: Turkey and avocado wraps with mixed greens salad ($8.50)
* Dinner: Beef stir-fry with brown rice and steamed broccoli ($11.95)

Wednesday, March 15th:

* Breakfast: Scrambled eggs with whole wheat toast and fresh fruit ($3.75)
* Lunch: Chicken Caesar salad wraps ($9.25)
* Dinner: Grilled pork chops with roasted sweet potatoes and green beans ($12.50)

Thursday, March 16th:

* Breakfast: Smoothies ( choice of banana, strawberry, or mango ) ($4.00)
* Lunch: Veggie burgers on whole wheat buns with mixed greens salad ($8.95)
* Dinner: Chicken fajitas with sautéed onions and bell peppers, served with warm flour tortillas ($10.50)

Friday, March 17th:

* Breakfast: Cinnamon rolls with coffee or tea ($3.00)
* Lunch: Grilled chicken breast sandwiches on whole wheat bread with carrot sticks and hummus ($7.95)
* Dinner: Baked chicken parmesan with spaghetti and marinara sauce ($11.50)

Saturday, March 18th (Brunch):

* Breakfast items will be served à la carte, including pancakes, omelets, and breakfast burritos ($4-$6 each)",Public Administrative,PUBLIC,generated,hospital cafeteria weekly menu
"Weekly Menu for Hospital Cafeteria - Week of March 11th to March 17th

Monday, March 12th:
- Breakfast: Scrambled eggs with whole wheat toast and fresh fruit
- Lunch: Grilled chicken sandwiches with carrot sticks and hummus
- Dinner: Baked salmon with roasted vegetables and quinoa

Tuesday, March 13th:
- Breakfast: Yogurt parfait with granola and mixed berries
- Lunch: Turkey wraps with mixed greens and balsamic vinaigrette
- Dinner: Vegetarian lasagna with garlic bread and a side salad

Wednesday, March 14th:
- Breakfast: Overnight oats with banana and almond milk
- Lunch: Grilled paninis with tomato soup
- Dinner: Beef stir-fry with brown rice and steamed broccoli

Thursday, March 15th:
- Breakfast: Avocado toast on whole wheat bread with scrambled eggs
- Lunch: Chicken Caesar salad wraps
- Dinner: Baked chicken breast with roasted sweet potatoes and green beans

Friday, March 16th:
- Breakfast: Cinnamon rolls with coffee
- Lunch: Turkey and cheese sandwiches with chips and fruit cups
- Dinner: Slow-cooked beef stew with crusty bread and a side salad

Saturday, March 17th (Saturday Brunch):
- Breakfast/Brunch: Pancakes with maple syrup, scrambled eggs, and bacon",Public Administrative,PUBLIC,generated,hospital cafeteria weekly menu
"Weekly Menu for Hospital Cafeteria - Week of March 12th to March 18th

Monday, March 13th:

* Breakfast: Scrambled eggs with whole wheat toast and fresh fruit
* Lunch: Grilled chicken breast sandwich on whole grain bread with carrot sticks and hummus
* Snack: Yogurt parfait with granola and mixed berries
* Dinner: Spaghetti Bolognese with garlic bread and a side salad

Tuesday, March 14th:

* Breakfast: Overnight oats with banana and almond milk
* Lunch: Turkey and avocado wrap with mixed greens and balsamic vinaigrette
* Snack: Apple slices with cheddar cheese
* Dinner: Grilled salmon with roasted vegetables and quinoa

Wednesday, March 15th:

* Breakfast: Avocado toast on whole grain bread with scrambled eggs
* Lunch: Chicken Caesar salad with whole grain croutons
* Snack: Greek yogurt with honey and mixed nuts
* Dinner: Beef tacos with brown rice, black beans, and sautéed vegetables

Thursday, March 16th:

* Breakfast: Smoothie bowl with banana, spinach, and almond milk topped with granola and fresh fruit
* Lunch: Grilled chicken breast with mixed greens and whole grain crackers
* Snack: Hard-boiled eggs with cherry tomatoes
* Dinner: Chicken stir-fry with brown rice and steamed broccoli

Friday, March 17th:

* Breakfast: Cinnamon roll French toast with fresh berries
* Lunch: Turkey and cheese sandwich on whole grain bread with carrot sticks
* Snack: Rice cakes with almond butter and banana slices
* Dinner: Baked chicken breast with roasted sweet potatoes and green beans",Public Administrative,PUBLIC,generated,hospital cafeteria weekly menu
"Weekly Menu for Hospital Cafeteria - Week of March 12th to March 18th

Monday, March 13th:

* Breakfast: Whole-grain waffles with fresh berries and yogurt
* Lunch: Grilled chicken sandwiches with mixed greens salad and balsamic vinaigrette
* Dinner: Spaghetti Bolognese with garlic bread and a side of steamed broccoli

Tuesday, March 14th:

* Breakfast: Overnight oats with banana and almond milk
* Lunch: Turkey and avocado wraps with carrot sticks and hummus
* Dinner: Grilled salmon with roasted vegetables and quinoa

Wednesday, March 15th:

* Breakfast: Scrambled eggs with whole-grain toast and fresh fruit
* Lunch: Veggie burgers with sweet potato fries and a side salad
* Dinner: Chicken fajitas with sautéed onions and bell peppers, served with warm flour tortillas

Thursday, March 16th:

* Breakfast: Greek yogurt parfait with granola and mixed berries
* Lunch: Grilled chicken Caesar wraps
* Dinner: Beef and vegetable stir-fry with brown rice

Friday, March 17th:

* Breakfast: Whole-grain pancakes with fresh syrup and whipped cream
* Lunch: Turkey and cheese sandwiches with a side of mixed greens salad
* Dinner: Baked chicken with roasted carrots and parsnips

Saturday and Sunday:

* Cafe will be open for breakfast only from 8am to 11am
* Menu items include pancakes, waffles, eggs, and yogurt parfaits",Public Administrative,PUBLIC,generated,hospital cafeteria weekly menu
"Weekly Menu for Hospital Cafeteria

Week of [Date] - March 6th to March 12th

Monday, March 6th:

* Breakfast: Scrambled eggs with whole wheat toast and fresh fruit
* Lunch: Grilled chicken sandwich on whole grain bread with carrot sticks and hummus
* Dinner: Spaghetti with meat sauce, garlic bread, and a side salad

Tuesday, March 7th:

* Breakfast: Yogurt parfait with granola, banana, and honey
* Lunch: Turkey and avocado wrap with mixed greens and balsamic vinaigrette
* Dinner: Grilled salmon with roasted vegetables and quinoa

Wednesday, March 8th:

* Breakfast: Cereal bar with milk and fresh berries
* Lunch: Chicken Caesar salad wrap
* Dinner: Beef and vegetable stir-fry with brown rice

Thursday, March 9th:

* Breakfast: Overnight oats with nuts and dried fruit
* Lunch: Grilled panini sandwich with tomato soup
* Dinner: Roasted chicken with mashed potatoes and green beans

Friday, March 10th:

* Breakfast: Bagel with cream cheese and smoked salmon
* Lunch: Veggie quesadilla with mixed greens salad
* Dinner: Slow-cooked beef stew with crusty bread

Saturday, March 11th (staff meal):

* Breakfast: Pancakes with fresh fruit and maple syrup
* Lunch: Grilled chicken and vegetable skewers with quinoa

Sunday, March 12th:

* Breakfast: Breakfast burrito with scrambled eggs, sausage, and avocado
* Lunch: Turkey and cheese sandwich on whole grain bread with carrot sticks
* Dinner: Baked chicken with roasted sweet potatoes and steamed broccoli",Public Administrative,PUBLIC,generated,hospital cafeteria weekly menu
"Weekly Menu for Hospital Cafeteria (March 1 - March 7)

Monday, March 1:

* Breakfast: Scrambled eggs, turkey sausage, whole-grain toast, and fresh fruit
* Lunch: Grilled chicken breast, quinoa salad with roasted vegetables, and mixed berries
* Dinner: Spaghetti with meat sauce, garlic bread, and steamed broccoli

Tuesday, March 2:

* Breakfast: Yogurt parfait with granola, banana, and honey
* Lunch: Turkey and avocado wrap, carrot sticks, and hummus
* Dinner: Baked salmon, roasted sweet potatoes, and green beans

Wednesday, March 3 (International Day):

* Breakfast: International breakfast buffet featuring pastries, muffins, and hot coffee
* Lunch: Chicken Caesar salad, whole-grain croutons, and parmesan cheese
* Dinner: Grilled chicken fajitas with sautéed onions and bell peppers, warm flour tortillas, and mixed salsa

Thursday, March 4:

* Breakfast: Omelette station with vegetables and cheese, whole-grain English muffins
* Lunch: Grilled panini sandwiches, tomato soup, and mixed greens salad
* Dinner: Beef stir-fry with brown rice, steamed carrots, and fortune cookies

Friday, March 5 (Café Day):

* Breakfast: Café-style breakfast featuring eggs benedict, hash browns, and fresh fruit
* Lunch: Grilled chicken sandwiches, mixed greens salad, and balsamic vinaigrette
* Dinner: Slow-cooked chili with crusty bread, and mixed greens salad

Saturday, March 6 (Special Day):

* Breakfast: Crepes with fresh fruit, whipped cream, and syrup
* Lunch: Turkey club wraps, carrot sticks, and hummus
* Dinner: Grilled chicken breast, roasted asparagus, and quinoa salad",Public Administrative,PUBLIC,generated,hospital cafeteria weekly menu
"Weekly Menu for Hospital Cafeteria (March 5 - March 11)

Monday, March 5:

* Breakfast: Scrambled eggs with whole wheat toast and fresh fruit
* Lunch: Grilled chicken breast sandwich on a multigrain bun with carrot sticks and hummus
* Snack: Mixed berries with Greek yogurt

Tuesday, March 6:

* Breakfast: Overnight oats with banana and almond milk
* Lunch: Veggie wrap with avocado, sprouts, and mixed greens
* Snack: Apple slices with peanut butter

Wednesday, March 7:

* Breakfast: Whole grain waffles with fresh strawberries and whipped cream
* Lunch: Turkey and cheese salad on whole grain bread with grapes
* Snack: Edamame

Thursday, March 8:

* Breakfast: Smoothie bowl with banana, spinach, and almond milk topped with granola
* Lunch: Grilled chicken Caesar salad
* Snack: Cottage cheese with sliced peaches

Friday, March 9:

* Breakfast: Avocado toast on whole grain bread with scrambled eggs
* Lunch: Chicken quesadilla with mixed greens and salsa
* Snack: Carrot sticks with ranch dip

Saturday and Sunday:

* Breakfast: Pancakes or French toast with maple syrup and fresh fruit
* Lunch: Grilled chicken or veggie burgers on a multigrain bun
* Snack: Fresh fruit salad or trail mix

Please note that menu items are subject to change based on seasonal availability and dietary requests. If you have any food allergies or preferences, please inform our staff at least 24 hours in advance.",Public Administrative,PUBLIC,generated,hospital cafeteria weekly menu
"Weekly Menu for Hospital Cafeteria (Week of March 11th - March 17th)

Monday, March 12th:

* Breakfast: Scrambled eggs with whole wheat toast and fresh fruit
* Lunch: Grilled chicken breast sandwich on whole grain bread with carrot sticks and hummus
* Dinner: Spaghetti with meat sauce, garlic bread, and a green salad

Tuesday, March 13th:

* Breakfast: Greek yogurt parfait with granola and berries
* Lunch: Turkey and avocado wrap with mixed greens and balsamic vinaigrette
* Dinner: Baked salmon with roasted vegetables and quinoa

Wednesday, March 14th:

* Breakfast: Overnight oats with banana and almond milk
* Lunch: Chicken Caesar salad wraps
* Dinner: Beef stir-fry with brown rice and steamed broccoli

Thursday, March 15th:

* Breakfast: Smoothies ( choice of banana, strawberry, or mango) with whole grain cereal
* Lunch: Grilled panini sandwiches with tomato soup
* Dinner: Roasted chicken breast with roasted sweet potatoes and green beans

Friday, March 16th:

* Breakfast: Cinnamon rolls with fresh fruit and yogurt
* Lunch: Quesadillas with mixed greens salad and balsamic vinaigrette
* Dinner: Grilled shrimp with pasta and marinara sauce

Saturday and Sunday:

* Breakfast: Bagels with cream cheese and smoked salmon ( Saturday) or breakfast burritos (Sunday)
* Lunch: Leftovers from previous days or chef's special sandwiches

Note: Menu items are subject to change based on dietary restrictions and availability of ingredients.",Public Administrative,PUBLIC,generated,hospital cafeteria weekly menu
"Weekly Menu for Hospital Cafeteria

Monday:
- Breakfast: Scrambled eggs, whole wheat toast, fresh fruit salad
- Lunch: Grilled chicken breast with roasted vegetables, quinoa and mixed greens salad
- Snack: Carrot sticks with hummus
- Dinner: Spaghetti with marinara sauce, garlic bread, and a green salad

Tuesday:
- Breakfast: Yogurt parfait with granola, banana, and honey
- Lunch: Turkey and avocado wrap with mixed greens salad
- Snack: Apple slices with almond butter
- Dinner: Baked salmon with roasted sweet potatoes and steamed broccoli

Wednesday:
- Breakfast: Overnight oats with nuts and seeds
- Lunch: Veggie burgers on whole wheat buns with sweet potato fries
- Snack: Greek yogurt with berries and granola
- Dinner: Chicken fajitas with sautéed onions and bell peppers, served with warm flour tortillas and mixed greens salad

Thursday:
- Breakfast: Smoothie bowl with banana, spinach, and almond milk topped with nuts and seeds
- Lunch: Grilled chicken Caesar salad wraps
- Snack: Hard-boiled eggs
- Dinner: Beef and vegetable stir-fry with brown rice

Friday:
- Breakfast: Cereal bar with fresh fruit and yogurt
- Lunch: Chicken quesadillas with mixed greens salad and salsa
- Snack: Cottage cheese with cucumber slices
- Dinner: Grilled chicken breast with roasted asparagus and quinoa",Public Administrative,PUBLIC,generated,hospital cafeteria weekly menu
"Weekly Menu for Hospital Cafeteria - March 1st to March 7th

Monday, March 1st:

* Breakfast: Scrambled eggs, turkey sausage, whole wheat toast, and fresh fruit
* Lunch: Grilled chicken breast, quinoa salad with roasted vegetables, mixed greens salad, and whole grain bread
* Dinner: Spaghetti with marinara sauce, garlic bread, and a side of steamed broccoli

Tuesday, March 2nd:

* Breakfast: Yogurt parfait with granola, banana slices, and honey
* Lunch: Turkey and avocado wrap, carrot sticks, and hummus
* Dinner: Baked salmon, roasted sweet potatoes, green beans, and brown rice

Wednesday, March 3rd:

* Breakfast: Overnight oats with nuts and dried fruit
* Lunch: Chicken Caesar salad, whole grain croutons, and a side of fresh berries
* Dinner: Beef and vegetable stir-fry with brown rice

Thursday, March 4th:

* Breakfast: Whole grain waffles with fresh strawberries and whipped cream
* Lunch: Grilled chicken breast, mixed greens salad, and whole grain crackers
* Dinner: Chicken parmesan, spaghetti squash, and a side of garlic bread

Friday, March 5th:

* Breakfast: Smoothies ( choice of banana, berries, or citrus) and whole grain toast
* Lunch: Turkey and cheese sandwich, carrot sticks, and hummus
* Dinner: Grilled chicken breast, roasted asparagus, quinoa salad with roasted vegetables, and brown rice

Saturday and Sunday will follow a similar menu pattern.",Public Administrative,PUBLIC,generated,hospital cafeteria weekly menu
"Weekly Menu for Hospital Cafeteria - Week of March 13th to March 19th

Monday, March 14th:

* Breakfast: Scrambled eggs with whole wheat toast and fresh fruit
* Lunch: Grilled chicken breast sandwiches on a bun with carrot sticks and hummus
* Dinner: Baked salmon with roasted vegetables and quinoa

Tuesday, March 15th:

* Breakfast: Yogurt parfait with granola and mixed berries
* Lunch: Turkey and avocado wraps with mixed greens salad
* Dinner: Vegetarian lasagna with garlic bread and a side salad

Wednesday, March 16th:

* Breakfast: Overnight oats with banana and almond milk
* Lunch: Grilled chicken Caesar salad wraps
* Dinner: Beef and vegetable stir-fry with steamed rice

Thursday, March 17th:

* Breakfast: Whole grain waffles with fresh berries and whipped cream
* Lunch: Chicken quesadillas with sour cream and salsa
* Dinner: Baked chicken breast with roasted sweet potatoes and green beans

Friday, March 18th:

* Breakfast: Smoothies with yogurt, banana, and spinach
* Lunch: Turkey and cheese sandwiches on whole wheat bread with a side of fruit
* Dinner: Grilled shrimp with roasted asparagus and quinoa

Saturday, March 19th:

* Breakfast: Bagels with cream cheese and lox
* Lunch: Chicken Caesar salad with croutons
* Dinner: Vegetarian black bean tacos with guacamole and salsa",Public Administrative,PUBLIC,generated,hospital cafeteria weekly menu
"Weekly Menu for Hospital Cafeteria - Week of March 4th to March 10th

**Monday, March 5th**

* Breakfast: Scrambled eggs with turkey sausage, whole wheat toast, and fresh fruit
* Lunch: Grilled chicken breast sandwich on whole grain bread with carrot sticks and hummus
* Snack: Yogurt parfait with granola and mixed berries
* Dinner: Spaghetti with meat sauce, garlic bread, and a side salad

**Tuesday, March 6th**

* Breakfast: Oatmeal with banana and honey, whole wheat English muffin
* Lunch: Turkey and cheese wrap with mixed greens and balsamic vinaigrette
* Snack: Apple slices with almond butter
* Dinner: Baked salmon with roasted vegetables and quinoa

**Wednesday, March 7th**

* Breakfast: Smoothie bar with yogurt, banana, and choice of juice (orange, apple, or cranberry)
* Lunch: Grilled chicken Caesar salad wrap
* Snack: Carrot sticks with ranch dip
* Dinner: Beef stir-fry with brown rice and steamed broccoli

**Thursday, March 8th**

* Breakfast: Whole grain waffles with fresh berries and whipped cream
* Lunch: Chicken quesadilla with mixed greens and salsa
* Snack: Hard-boiled eggs and cherry tomatoes
* Dinner: Grilled chicken breast with roasted sweet potatoes and green beans

**Friday, March 9th**

* Breakfast: Breakfast burrito with scrambled eggs, sausage, and cheese
* Lunch: Turkey and avocado wrap with mixed greens
* Snack: Grapes and crackers
* Dinner: Slow-cooked chili with crusty bread and a side salad",Public Administrative,PUBLIC,generated,hospital cafeteria weekly menu
"Weekly Menu for Hospital Cafeteria

Week of March 11th - March 17th

Monday, March 12th:

* Breakfast: Scrambled eggs with whole wheat toast and fresh fruit
* Lunch: Grilled chicken breast sandwich on whole grain bread with carrot sticks and hummus
* Dinner: Spaghetti with meat sauce, garlic bread, and a side salad

Tuesday, March 13th:

* Breakfast: Yogurt parfait with granola and mixed berries
* Lunch: Turkey and avocado wrap with mixed greens and balsamic vinaigrette
* Dinner: Baked salmon with roasted vegetables and quinoa

Wednesday, March 14th:

* Breakfast: Overnight oats with banana and almond milk
* Lunch: Grilled panini sandwich with tomato soup
* Dinner: Chicken fajitas with sautéed onions and bell peppers, served with warm flour tortillas

Thursday, March 15th:

* Breakfast: Smoothie bowl with mixed berries, spinach, and almond milk topped with granola
* Lunch: Veggie burger on whole grain bread with sweet potato fries
* Dinner: Beef and broccoli stir-fry with brown rice

Friday, March 16th:

* Breakfast: Cinnamon roll French toast with fresh fruit
* Lunch: Chicken Caesar salad wrap
* Dinner: Grilled chicken breast with roasted potatoes and green beans",Public Administrative,PUBLIC,generated,hospital cafeteria weekly menu
"Ward Cleaning Schedule and Rota

The following schedule outlines the duties and responsibilities for ward cleaning personnel to maintain a clean, safe, and healthy environment.

**Monday**

* 07:00 - 08:00 hours: Janitorial staff to tidy up ward areas, empty trash cans, and restock supplies.
* 12:00 - 13:00 hours: Nursing staff to perform deep cleans of patient rooms, including dusting, vacuuming, and disinfecting surfaces.
* 16:00 - 17:00 hours: Janitorial staff to clean bathrooms, including sinks, toilets, showers, and bathtubs.

**Tuesday**

* 08:00 - 09:00 hours: Janitorial staff to sweep and mop floors in ward areas.
* 14:00 - 15:00 hours: Nursing staff to perform handrails and door handle cleaning.
* 18:00 - 19:00 hours: Janitorial staff to restock supplies and tidy up ward areas.

**Wednesday**

* 10:00 - 11:00 hours: Janitorial staff to clean patient linens, including changing sheets and washing bedding.
* 15:00 - 16:00 hours: Nursing staff to perform floor cleaning in high-traffic areas.
* 20:00 - 21:00 hours: Janitorial staff to tidy up ward areas and prepare for the next day.

**Thursday**

* 09:00 - 10:00 hours: Janitorial staff to clean windows and mirrors in ward areas.
* 16:00 - 17:00 hours: Nursing staff to perform cleaning of furniture, including dusting and vacuuming.
* 21:00 - 22:00 hours: Janitorial staff to empty trash cans and restock supplies.

**Friday**

* 11:00 - 12:00 hours: Janitorial staff to clean patient rooms, including making beds and changing towels.
* 18:00 - 19:00 hours: Nursing staff to perform deep cleans of ward areas, including dusting and disinfecting surfaces.

Please note that this schedule is subject to change based on hospital events and priorities.",Public Administrative,PUBLIC,generated,ward cleaning schedule and rota
"Ward Cleaning Schedule and Rota

**Monday**

* Morning shift (8am - 12pm): Cleaning team - Ward 1, Mr. Johnson's department; Laundry team - Ward 2
* Afternoon shift (12pm - 4pm): Floor cleaning team - Ward 3, Maintenance team - Ward 4

**Tuesday**

* Morning shift (8am - 12pm): Laundry team - Ward 2, Cleaning team - Ward 5
* Afternoon shift (12pm - 4pm): Floor cleaning team - Ward 1, Janitorial team - Ward 6

**Wednesday**

* Morning shift (8am - 12pm): Maintenance team - Ward 3, Cleaning team - Ward 4
* Afternoon shift (12pm - 4pm): Floor cleaning team - Ward 2, Ward 5's department staff

**Thursday**

* Morning shift (8am - 12pm): Janitorial team - Ward 6, Laundry team - Ward 1
* Afternoon shift (12pm - 4pm): Cleaning team - Ward 3, Floor cleaning team - Ward 4

**Friday**

* Morning shift (8am - 12pm): Floor cleaning team - Ward 2, Maintenance team - Ward 5
* Afternoon shift (12pm - 4pm): Laundry team - Ward 3, Ward 1's department staff

**Weekends and Public Holidays**: All areas of the ward will be cleaned in rotation by the floor cleaning team.

The following tasks will be performed daily:
- Emptying waste bins
- Sweeping and mopping floors
- Cleaning patient rooms and common areas

Please note that this schedule is subject to change based on operational requirements.",Public Administrative,PUBLIC,generated,ward cleaning schedule and rota
"Ward Cleaning Schedule and Rota

The ward cleaning schedule is designed to ensure that all areas of the ward are cleaned regularly, maintaining a high standard of hygiene and cleanliness. The following schedule applies:

Monday:
- Morning: Ward 1 - General Cleaning
- Afternoon: Ward 2 - Bathroom Cleaning
- Evening: Ward 3 - Corridors and Common Areas

Tuesday:
- Morning: Ward 4 - Floor Scrubbing
- Afternoon: Ward 5 - Linen and Laundry
- Evening: Ward 6 - Waste Management

Wednesday:
- Morning: Ward 7 - Patient Rooms (Level A)
- Afternoon: Ward 8 - Patient Rooms (Level B)
- Evening: Ward 9 - Patient Areas

Thursday:
- Morning: Ward 10 - Reception and Waiting Area
- Afternoon: Ward 11 - Nurse Stations
- Evening: Ward 12 - Corridors and Common Areas

Friday:
- Morning: Ward 13 - Floor Cleaning
- Afternoon: Ward 14 - Linen and Laundry
- Evening: Ward 15 - Waste Management

Saturday and Sunday:
- No cleaning duties assigned.

Staff Responsibilities:

- All ward staff are responsible for reporting any spills or messes to the designated person immediately.
- Staff must follow all cleaning protocols and procedures as outlined in the hospital's standard operating procedures manual.
- A ""spot duty"" system will be implemented during peak periods, with staff rotating through different areas on a daily basis.

Supervisors:
- Ward Lead: Responsible for overseeing ward cleaning schedules and ensuring that all duties are completed.
- Assistant Ward Leads: Assist Ward Lead and cover their duties in their absence.",Public Administrative,PUBLIC,generated,ward cleaning schedule and rota
"Ward Cleaning Schedule and Rota

The following cleaning schedule and rota is to be adhered to by all ward cleaning staff in order to maintain a high standard of cleanliness and hygiene within the wards.

**Daily Cleaning Tasks**

- Monday, Tuesday, Thursday, Friday: Daily floor cleaning and sanitizing
- Wednesday: Patient room cleaning and waste disposal
- Saturday and Sunday: Deep cleaning of common areas (corridors, bathrooms, etc.)

**Weekly Cleaning Tasks**

- Monday to Friday:
  • Daily cleaning of patient rooms and bathrooms
  • Cleaning of handrails, door handles, and other high-touch areas
  • Vacuuming and sweeping of corridors

**Rotas**

- Morning Shift (07:00 - 15:30): Ward Cleaning Staff A and B
- Afternoon Shift (14:00 - 22:30): Ward Cleaning Staff C and D
- Overnight Shift (20:00 - 08:00): Ward Cleaning Staff E and F

**Monthly Tasks**

- First week of each month: Cleaning of ward storage rooms and cupboards
- Second week of each month: Deep cleaning of patient bathrooms
- Third week of each month: Vacuuming and steam cleaning of corridors
- Fourth week of each month: Cleaning of ward furniture and equipment

**Communication and Feedback**

All staff members are required to report any issues or concerns with the cleaning schedule and rota to the Ward Manager. Regular feedback sessions will be held to ensure that all staff members are aware of their responsibilities and can provide suggestions for improvement.

By adhering to this schedule and rota, we can maintain a clean, safe, and healthy environment for our patients and staff.",Public Administrative,PUBLIC,generated,ward cleaning schedule and rota
"Ward Cleaning Schedule and Rota

Monday:

* 08:00 - 12:00: Ward A (Cleaners: Jane Smith, John Doe)
* 13:00 - 17:00: Ward B (Cleaners: Michael Brown, Emily Chen)

Tuesday:

* 08:00 - 12:00: Ward C (Cleaners: David Lee, Sarah Taylor)
* 13:00 - 17:00: Ward D (Cleaners: Kevin White, Rachel Patel)

Wednesday:

* 08:00 - 12:00: Ward A (Cleaners: Jane Smith, John Doe)
* 13:00 - 17:00: Ward B (Cleaners: Michael Brown, Emily Chen)

Thursday:

* 08:00 - 12:00: Ward C (Cleaners: David Lee, Sarah Taylor)
* 13:00 - 17:00: Ward D (Cleaners: Kevin White, Rachel Patel)

Friday:

* 08:00 - 12:00: All wards (Cleaner: James Wilson)
* 13:00 - 17:00: All wards (Cleaner: Hannah Martin)

Saturday and Sunday: No cleaning staff assigned

Cleaning Tasks:

* Daily:
 + Empty bins
 + Wipe down furniture and equipment
 + Vacuum and mop floors
* Weekly:
 + Deep clean bathrooms
 + Clean windows
 + Dust and polish furniture

Note: The cleaning rota is subject to change based on ward requirements and staffing availability.",Public Administrative,PUBLIC,generated,ward cleaning schedule and rota
"Ward Cleaning Schedule and Rota

Section A: Daily Cleaning Tasks

1. Morning Shift (08:00 - 12:00):
 - All ward areas to be cleaned, including patient rooms, corridors, and bathrooms
 - Floors to be swept, mopped, and disinfected
 - Patient equipment and furniture to be dusted and polished
2. Afternoon Shift (12:00 - 16:00):
 - Patient waste to be collected and disposed of
 - Ward linens to be changed and fresh supplies to be restocked
 - Common areas to be tidied, including reception and waiting rooms
3. Evening Shift (16:00 - 20:00):
 - Ward areas to be thoroughly cleaned and disinfected before patient admission
 - Patient corridors to be swept and mopped

Section B: Weekly Cleaning Tasks

1. Monday:
 - Deep cleaning of ward bathrooms
2. Tuesday:
 - Cleaning of patient equipment and furniture
3. Wednesday:
 - Cleaning of ward linens and laundry facilities
4. Thursday:
 - Cleaning of common areas, including reception and waiting rooms
5. Friday:
 - Thorough cleaning of all ward areas

Section C: Rotas for Specific Tasks

1. Ward porter duty:
 - Monday, Wednesday, Friday: 08:00 - 16:00
 - Tuesday, Thursday: 10:00 - 18:00
2. Laundry and linen supply:
 - Every other day, 09:00 - 17:00

Section D: Cleaning Supplies and Equipment

- List of cleaning supplies to be stocked and replenished regularly
- Maintenance schedule for cleaning equipment and machinery",Public Administrative,PUBLIC,generated,ward cleaning schedule and rota
"Ward Cleaning Schedule and Rota

**Shift Details**

Monday to Sunday: 7:00 am - 3:30 pm

* Monday, Wednesday, Friday: Morning Shift (7:00 am - 12:30 pm)
* Tuesday, Thursday: Afternoon Shift (1:00 pm - 6:30 pm)
* Saturday and Sunday: Combined Shift (8:00 am - 4:00 pm)

**Cleaning Responsibilities**

* Day porter:
 + Monday, Wednesday, Friday: Arrive at 7:00 am to restock supplies
 + Tuesday, Thursday: Arrive at 1:00 pm to clear away waste
 + Saturday and Sunday: Arrive at 8:00 am to prepare for the day
* Night porter:
 + Monday, Wednesday, Friday: Arrive at 3:30 pm to tidy up
 + Tuesday, Thursday: Arrive at 6:30 pm to secure the ward
 + Saturday and Sunday: Arrive at 4:00 pm to complete final cleaning tasks

**Equipment Cleaning**

* Daily vacuuming of corridors and wards
* Weekly cleaning of bedpans and other equipment
* Bi-weekly deep clean of toilet facilities

**Supply Management**

* Orders for cleaning supplies will be placed on Fridays at 12:00 pm
* Please ensure sufficient stock levels are maintained throughout the shift

**Communication**

* Report any cleaning issues or concerns to the Ward Manager by 2:30 pm daily
* Communicate with other porters and cleaning staff to ensure smooth operations

By following this schedule, we aim to maintain a clean and hygienic environment for patients, visitors, and staff.",Public Administrative,PUBLIC,generated,ward cleaning schedule and rota
"Ward Cleaning Schedule and Rota

The following cleaning schedule has been agreed upon to ensure a clean and hygienic environment for our patients.

**Monday**

* 08:00 - 09:00: Ward cleaning team (Room 101)
* 12:00 - 13:00: Janitorial services (Common areas and corridors)
* 16:00 - 17:00: Ward cleaning team (Rooms 102-105)

**Tuesday**

* 10:00 - 11:00: Janitorial services (Ward toilets and sinks)
* 14:00 - 15.00: Ward cleaning team (Room 106 and common areas)
* 18:00 - 19:00: Janitorial services (Corridors and door handles)

**Wednesday**

* 09:00 - 10:00: Ward cleaning team (Rooms 101-105)
* 12:30 - 13:30: Janitorial services (Ward linens and laundry)

**Thursday**

* 11:00 - 12.00: Ward cleaning team (Room 106 and common areas)
* 15:00 - 16.00: Janitorial services (Flooring and upholstery)

**Friday**

* 08:30 - 09.30: Ward cleaning team (Ward toilets and sinks)
* 16.30 - 17.30: Janitorial services (Corridors, door handles, and handrails)",Public Administrative,PUBLIC,generated,ward cleaning schedule and rota
"Ward Cleaning Schedule and Rota

**Monday to Friday**

* 0800-0930: Ward Cleaning (Room 201)
	+ Cleaning team: Janitorial Staff
	+ Tasks: Empty bins, dust surfaces, mop floors
* 0930-1200: Disinfectant Spray Application (All wards)
	+ Responsible Person: Maintenance Team
	+ Tasks: Apply disinfectant to high-touch areas and furniture
* 1200-1400: Floor Cleaning (Ward 302)
	+ Cleaning team: Janitorial Staff
	+ Tasks: Sweep, mop, and dry floors
* 1400-1600: Bathroom Cleaning (All wards)
	+ Responsible Person: Ward Cleaning Team
	+ Tasks: Clean toilets, sinks, and showers

**Saturday**

* 0800-1200: Deep Cleaning of Ward Areas (Ward 101)
	+ Cleaning team: Janitorial Staff
	+ Tasks: Dust and polish furniture, clean windows, and tidy up waste areas
* 1200-1600: Floor Cleaning (All wards)
	+ Responsible Person: Maintenance Team
	+ Tasks: Sweep, mop, and dry floors

**Sunday**

* No scheduled cleaning activities. Ward is to be maintained by ward staff during their shift.

**Additional Tasks**

* Empty all bins on daily and weekly basis.
* Report any maintenance or repair issues to the Maintenance Team immediately.
* Ensure that all cleaning equipment is in good working order.

**Responsible Person:** Facilities Manager
**Contact Number:** 01234 567890",Public Administrative,PUBLIC,generated,ward cleaning schedule and rota
"Ward Cleaning Schedule and Rota

**Monday**

* 08:00 - 12:00: Cleaning of ward areas, including furniture and equipment (Staff Member 1)
* 12:00 - 16:00: Disinfection and sanitization of bathroom facilities (Staff Member 2)
* 09:00 - 17:00: Cleaning of patient rooms, including linen changes (Staff Members 3 & 4)

**Tuesday**

* 08:00 - 12:00: Emptying of waste bins and cleaning of floors (Staff Member 5)
* 12:00 - 16:00: Cleaning of kitchen areas, including equipment and utensils (Staff Member 6)
* 09:00 - 17:00: Dusting and polishing of furniture and fixtures (Staff Members 7 & 8)

**Wednesday**

* 08:00 - 12:00: Vacuuming and cleaning of corridors (Staff Member 9)
* 12:00 - 16:00: Cleaning of patient meal areas, including equipment and utensils (Staff Members 10 & 11)
* 09:00 - 17:00: Cleaning of hospital entrances and exits (Staff Member 12)

**Thursday**

* 08:00 - 12:00: Cleaning of ward storage areas, including shelving and cabinets (Staff Member 13)
* 12:00 - 16:00: Disinfection and sanitization of patient rooms (Staff Members 14 & 15)
* 09:00 - 17:00: Cleaning of hospital laundry facilities (Staff Members 16 & 17)

**Friday**

* 08:00 - 12:00: Cleaning of hospital offices, including furniture and equipment (Staff Member 18)
* 12:00 - 16:00: Emptying of waste bins and cleaning of floors (Staff Member 19)
* 09:00 - 17:00: Preparation for weekend ward cleaning (Staff Members 20 & 21)

This schedule is subject to change based on hospital operational needs. Staff members are expected to be flexible and adapt to changes as necessary.",Public Administrative,PUBLIC,generated,ward cleaning schedule and rota
"Ward Cleaning Schedule and Rota

The cleaning schedule for Ward 3 is as follows:

Monday, Wednesday, Friday:
- 08:00 - 16:00: Team A (John Smith, Maria Rodriguez, Tom Johnson)
- 16:00 - 20:00: Team B (Emily Chen, David Lee, Rachel Brown)

Tuesday, Thursday:
- 08:00 - 16:00: Team C (Kevin White, Sophia Patel, Daniel Kim)
- 16:00 - 20:00: Team A

Saturday and Sunday:
- All areas of the ward will be cleaned by a rotating team of staff members. Please report to the Ward Manager for allocation.

Daily Tasks:

- Daily sweep and mop of all floors
- Cleaning of bathrooms and toilets
- Emptying of trash and recycling bins
- Dusting and polishing of furniture and equipment

Weekly Tasks:

- Deep clean of patient rooms, including changing linens and cleaning of surfaces
- Clean and maintain the ward's heating and ventilation systems
- Clean and maintain the ward's electrical equipment

Reporting and Communication:
All staff members are expected to report any issues or concerns regarding the cleaning schedule or tasks to their supervisor immediately.

Note: Please ensure that all cleaning materials and equipment are stored in designated areas and follow proper protocols for waste disposal.",Public Administrative,PUBLIC,generated,ward cleaning schedule and rota
"Ward Cleaning Schedule and Rota

**Monday**

* 8:00 AM - 12:00 PM: Cleaning of wards A1, B2, and C3 by Janitorial Team
* 12:00 PM - 4:00 PM: Waste disposal and linen change in all wards by Housekeeping Staff
* 4:00 PM - 6:00 PM: Cleaning of public areas, including patient lounges and restrooms, by Cleaning Services

**Tuesday**

* 8:00 AM - 12:00 PM: Deep cleaning of ward A2 by Janitorial Team
* 12:00 PM - 4:00 PM: Disinfection of high-touch areas in all wards by Environmental Health Staff
* 4:00 PM - 6:00 PM: Cleaning of nurse stations and medical equipment by Maintenance Team

**Wednesday**

* 8:00 AM - 12:00 PM: Cleaning of ward B1 by Janitorial Team
* 12:00 PM - 4:00 PM: Waste management and recycling in all wards by Housekeeping Staff
* 4:00 PM - 6:00 PM: Cleaning of patient rooms, including dusting and polishing of furniture, by Janitorial Team

**Thursday**

* 8:00 AM - 12:00 PM: Deep cleaning of ward C1 by Janitorial Team
* 12:00 PM - 4:00 PM: Sanitization of food preparation areas in all wards by Environmental Health Staff
* 4:00 PM - 6:00 PM: Cleaning of corridors and stairwells by Maintenance Team

**Friday**

* 8:00 AM - 12:00 PM: Cleaning of ward A3 by Janitorial Team
* 12:00 PM - 4:00 PM: Linen change and laundry in all wards by Housekeeping Staff
* 4:00 PM - 6:00 PM: Cleaning of patient areas, including bathrooms and showers, by Janitorial Team

**Saturday and Sunday**

* No cleaning activities will take place on weekends.

All staff are required to adhere to the ward cleaning schedule and rota to ensure the maintenance of a clean and safe environment for patients, visitors, and staff.",Public Administrative,PUBLIC,generated,ward cleaning schedule and rota
"Ward Cleaning Schedule and Rota

**Monday**

* Ward cleaning team: A, B, C
* Cleaning tasks:
 + Room preparation (8:00 am - 12:00 pm)
 + Bathroom cleaning (10:00 am - 11:30 am)
 + General tidying (2:00 pm - 4:00 pm)
* Equipment maintenance: HVAC system check (9:00 am - 10:00 am)

**Tuesday**

* Ward cleaning team: D, E, F
* Cleaning tasks:
 + Floor sanitizing (8:30 am - 12:00 pm)
 + Window cleaning (11:00 am - 12:30 pm)
 + Disinfecting high-touch areas (2:30 pm - 4:30 pm)
* Equipment maintenance: Fire safety system check (9:30 am - 10:30 am)

**Wednesday**

* Ward cleaning team: A, B, C
* Cleaning tasks:
 + Dusting and polishing furniture (8:00 am - 12:00 pm)
 + Laundry and linen change (11:00 am - 1:00 pm)
 + General tidying (2:00 pm - 4:00 pm)
* Equipment maintenance: Electrical system check (9:30 am - 10:30 am)

**Thursday**

* Ward cleaning team: D, E, F
* Cleaning tasks:
 + Bathroom cleaning (8:30 am - 12:00 pm)
 + Floor sanitizing (11:00 am - 12:30 pm)
 + Disinfecting high-touch areas (2:30 pm - 4:30 pm)
* Equipment maintenance: Plumbing system check (9:00 am - 10:00 am)

**Friday**

* Ward cleaning team: Rotates every 2 weeks, please refer to schedule for details
* Cleaning tasks:
 + General tidying and room preparation (8:00 am - 12:00 pm)
 + Laundry and linen change (11:00 am - 1:00 pm)
 + Equipment maintenance (9:30 am - 10:30 am)

Please note that this schedule is subject to change based on hospital events or emergency situations.",Public Administrative,PUBLIC,generated,ward cleaning schedule and rota
"Ward Cleaning Schedule and Rota

The following is a schedule outlining the cleaning duties for each ward, taking into account the operational hours of the hospital. The rota is designed to ensure that all areas are cleaned regularly, with attention to patient comfort and infection control.

**Monday**

* 8:00 am - 12:00 pm: Ward 1 ( Morning Clean)
* 12:00 pm - 4:00 pm: Ward 2 (Afternoon Clean)
* 4:00 pm - 8:00 pm: Ward 3 (Evening Deep Clean)

**Tuesday**

* 8:00 am - 12:00 pm: Ward 2 (Morning Clean)
* 12:00 pm - 4:00 pm: Ward 1 (Afternoon Clean)
* 4:00 pm - 8:00 pm: Ward 4 (Evening Deep Clean)

**Wednesday**

* All wards will receive a general clean.

**Thursday**

* 8:00 am - 12:00 pm: Ward 3 (Morning Clean)
* 12:00 pm - 4:00 pm: Ward 1 (Afternoon Clean)
* 4:00 pm - 8:00 pm: Ward 2 (Evening Deep Clean)

**Friday**

* All wards will receive a general clean.

**Saturday and Sunday**

* No cleaning duties assigned, as the hospital is closed for maintenance and staff relaxation.

The cleaning rota will be reviewed quarterly to ensure it remains effective and efficient. Any changes or adjustments must be approved by the Senior Management Team.

Please note that this schedule is subject to change due to unforeseen circumstances.",Public Administrative,PUBLIC,generated,ward cleaning schedule and rota
"Ward Cleaning Schedule and Rota

Date: 02/03/2023 - 04/03/2023

Unit Allocation:

* Ward 1: Monday, Wednesday, Friday (08:00-16:00)
* Ward 2: Tuesday, Thursday (08:00-16:00), Saturday (09:00-17:00)
* Ward 3: Sunday, Monday, Wednesday (09:00-17:00)

Cleaning Schedule:

Monday:
* Room 101: Janitorial staff
* Room 102: Portering team
* Room 103: Ward porter

Tuesday:
* Room 104: Janitorial staff
* Room 105: Ward porter
* Room 106: Portering team

Wednesday:
* Room 107: Ward porter
* Room 108: Janitorial staff
* Room 109: Portering team

Thursday:
* Room 110: Portering team
* Room 111: Janitorial staff
* Room 112: Ward porter

Friday:
* Room 113: Ward porter
* Room 114: Janitorial staff
* Room 115: Portering team

Saturday:
* Room 116: Janitorial staff
* Room 117: Ward porter
* Room 118: Portering team

Sunday:
* Room 119: Portering team
* Room 120: Ward porter
* Room 121: Janitorial staff

Rota Rotation:

* Janitorial staff: Rotate every 2 weeks
* Portering team: Rotate every week
* Ward porters: Rotate every month

Note: The cleaning schedule and rota may be subject to change based on hospital operational requirements.",Public Administrative,PUBLIC,generated,ward cleaning schedule and rota
"Ward Cleaning Schedule and Rota

**Monday**

* Ward 1: Cleaners - Jane, John
* Ward 2: Cleaners - Maria, Tom
* Ward 3: Cleaning Team Leader - Sarah, Assistant Cleaner - Emily

**Tuesday**

* Ward 1: Cleaning Team Leader - Jane, Assistant Cleaner - Michael
* Ward 2: Cleaning Team Leader - Maria, Assistant Cleaner - David
* Ward 3: Cleaners - John, Tom

**Wednesday**

* Ward 1: Cleaners - Sarah, Emily
* Ward 2: Cleaning Team Leader - Jane, Assistant Cleaner - Rachel
* Ward 3: Cleaning Team Leader - Maria, Assistant Cleaner - Chris

**Thursday**

* Ward 1: Cleaning Team Leader - John, Assistant Cleaner - Tom
* Ward 2: Cleaners - David, Michael
* Ward 3: Cleaners - Sarah, Emily

**Friday**

* Ward 1: Cleaning Team Leader - Jane, Assistant Cleaner - Jane
* Ward 2: Cleaning Team Leader - Maria, Assistant Cleaner - John
* Ward 3: Cleaning Team Leader - Sarah, Assistant Cleaner - Tom

**Saturday and Sunday**

* All wards will be cleaned by the cleaning team on a rotating basis.

**Task List**

* Daily tidying and waste disposal
* Weekly deep cleans of patient rooms and common areas
* Bi-weekly cleaning of hospital corridors and stairwells
* Monthly disinfection of high-touch areas

**Rota Rotation**

The cleaning rota will be reviewed and revised every 6 months to ensure fairness and consistency. Staff will be notified in advance of any changes.

Please report any issues or concerns with the ward cleaning schedule to the Facilities Manager immediately.",Public Administrative,PUBLIC,generated,ward cleaning schedule and rota
"Ward Cleaning Schedule and Rota

The following cleaning schedule has been agreed upon by all relevant staff members to ensure a clean and safe environment for patients, visitors, and staff.

**Monday**

* 08:00 - 12:00: Ward A (General Cleaning)
* 13:00 - 17:00: Ward B (Focus on bathroom cleaning)
* 18:00 - 20:00: Common areas and corridors

**Tuesday**

* 08:00 - 12:00: Ward C (Dusting and polishing of furniture)
* 13:00 - 17:00: Ward D (Vacuuming and mopping floors)
* 18:00 - 20:00: Patient room cleaning (rotation basis)

**Wednesday**

* 08:00 - 12:00: Common areas and corridors
* 13:00 - 17:00: Ward A (Deep cleaning of patient rooms)
* 18:00 - 20:00: Ward B (Disinfection of equipment)

**Thursday**

* 08:00 - 12:00: Ward C (Cleaning of waste management areas)
* 13:00 - 17:00: Ward D (Polishing of mirrors and glass surfaces)
* 18:00 - 20:00: Patient room cleaning (rotation basis)

**Friday**

* 08:00 - 12:00: Ward A (Focus on patient room cleaning)
* 13:00 - 17:00: Common areas and corridors
* 18:00 - 20:00: Ward B (Final deep clean before the weekend)

**Weekends**

* All wards will be cleaned by a designated team, with an emphasis on maintaining a safe and hygienic environment.

It is essential that all staff members adhere to this schedule to ensure the cleanliness and maintenance of our ward facilities.",Public Administrative,PUBLIC,generated,ward cleaning schedule and rota
"Ward Cleaning Schedule and Rota

Date: March 1, 2023

**Monday**

* 08:00 - 12:00: Ward 1 Cleaners (2 staff members)
	+ Room 101: Jane Doe
	+ Room 102: John Smith
* 13:00 - 17:00: Ward 2 Cleaners (2 staff members)
	+ Room 201: Emily Johnson
	+ Room 202: Michael Davis
* 18:00 - 22:00: Night Shift Cleaners (1 staff member per floor)
	+ Floor 1: Sarah Taylor
	+ Floor 2: David Lee

**Tuesday**

* 08:00 - 12:00: Ward 1 Cleaners (2 staff members)
	+ Room 101: Jane Doe
	+ Room 102: John Smith
* 13:00 - 17:00: Ward 3 Cleaners (2 staff members)
	+ Room 301: Rachel Brown
	+ Room 302: Kevin White
* 18:00 - 22:00: Night Shift Cleaners (1 staff member per floor)
	+ Floor 1: Sarah Taylor
	+ Floor 2: David Lee

**Wednesday**

* 08:00 - 12:00: Ward 2 Cleaners (2 staff members)
	+ Room 201: Emily Johnson
	+ Room 202: Michael Davis
* 13:00 - 17:00: Ward 1 Cleaners (2 staff members)
	+ Room 101: Jane Doe
	+ Room 102: John Smith
* 18:00 - 22:00: Night Shift Cleaners (1 staff member per floor)
	+ Floor 1: Sarah Taylor
	+ Floor 2: David Lee

**Thursday**

* 08:00 - 12:00: Ward 3 Cleaners (2 staff members)
	+ Room 301: Rachel Brown
	+ Room 302: Kevin White
* 13:00 - 17:00: Ward 2 Cleaners (2 staff members)
	+ Room 201: Emily Johnson
	+ Room 202: Michael Davis
* 18:00 - 22:00: Night Shift Cleaners (1 staff member per floor)
	+ Floor 1: Sarah Taylor
	+ Floor 2: David Lee

**Friday**

* 08:00 - 12:00: Ward 1 Cleaners (2 staff members)
	+ Room 101: Jane Doe
	+ Room 102: John Smith
* 13:00 - 17:00: Night Shift Cleaners (1 staff member per floor)
	+ Floor 1: Sarah Taylor
	+ Floor 2: David Lee

**Weekends**

* All wards will be cleaned by a single team of cleaners on both Saturday and Sunday.

Please note that this schedule is subject to change based on hospital requirements and staffing needs.",Public Administrative,PUBLIC,generated,ward cleaning schedule and rota
"Ward Cleaning Schedule and Rota

**Weekly Cleaning Schedule**

Monday: 

* Morning: Central area, patient rooms, corridors, and bathroom facilities
* Afternoon: Ward equipment and furniture

Tuesday: 

* Morning: Patient room linens and laundry
* Afternoon: Hand hygiene stations and waste disposal areas

Wednesday: 

* Morning: Floor polishing and vacuuming of public areas
* Afternoon: Patient room floors and walls

Thursday: 

* Morning: Ward bathroom facilities and shower areas
* Afternoon: Patient room furniture and equipment cleaning

Friday: 

* Morning: Central area, patient rooms, corridors, and bathroom facilities
* Afternoon: Hand hygiene stations and waste disposal areas

**Weekly Rota**

Monday - Tuesday: Cleaning Services (morning shift)
Tuesday - Thursday: Maintenance Team (afternoon shift)
Thursday - Friday: Cleaning Services (morning shift)
Friday - Monday: Laundry Team (afternoon shift)

**Daily Tasks**

* Daily cleaning of patient room floors and bathroom facilities
* Emptying of waste bins and recycling
* Restocking of paper products, soap, and other essentials
* Maintenance of hand hygiene stations

**Reporting and Feedback**

Any issues or concerns with the ward cleaning schedule should be reported to the Operations Manager via email at [insert email address] or by phone at [insert phone number].

Please note that this schedule is subject to change due to unforeseen circumstances.",Public Administrative,PUBLIC,generated,ward cleaning schedule and rota
"Ward Cleaning Schedule and Rota

**Monday**

* 08:00 - 12:00: Ward cleaning by Janitorial team (all areas)
* 13:00 - 15:00: Deep cleaning of patient rooms, including bathrooms and furniture (Team A: Jane Smith, John Doe)
* 16:00 - 18:00: Wipe down all surfaces, including equipment and fixtures (Janitorial team)

**Tuesday**

* 08:00 - 12:00: Disinfection of high-touch areas (Ward Manager)
* 13:00 - 15:00: Cleaning of patient dining area and corridors (Team B: Bob Johnson, Maria Rodriguez)
* 16:00 - 18:00: Vacuuming and sweeping of all floors

**Wednesday**

* 08:00 - 12:00: Laundry service for linens and uniforms
* 13:00 - 15:00: Cleaning of patient bathrooms (Team C: David Lee, Emily Chen)
* 16:00 - 18:00: Wipe down of all surfaces in common areas

**Thursday**

* 08:00 - 12:00: Deep cleaning of hospital corridors and stairwells
* 13:00 - 15:00: Cleaning of patient room trash and recycling (Janitorial team)
* 16:00 - 18:00: Mopping of all floors

**Friday**

* 08:00 - 12:00: Preparation for weekend cleaning
* 13:00 - 15:00: Review of previous week's cleaning schedule
* 16:00 - 18:00: Planning and preparation for upcoming tasks

This ward cleaning schedule and rota is to be reviewed and updated on a weekly basis. Please ensure that all tasks are completed in accordance with hospital standards and policies.",Public Administrative,PUBLIC,generated,ward cleaning schedule and rota
"Ward Cleaning Schedule and Rota

Date: March 1, 2023

Cleaning Responsibilities:

* Monday: Ward Cleaning Team A (10:00 am - 12:00 pm)
 + Clean and disinfect all patient rooms, corridors, and common areas
 + Empty trash and recyclables
 + Restock toilet paper, soap, and other essential supplies
* Tuesday: Ward Cleaning Team B (11:00 am - 1:00 pm)
 + Clean and maintain operating theaters and recovery rooms
 + Sterilize equipment and instruments
 + Sanitize all surfaces and furniture
* Wednesday: Maintenance Team (9:00 am - 12:00 pm)
 + Perform routine maintenance on ward equipment, including cleaning and lubricating machinery
 + Check and replace air filters as needed
 + Inspect and repair any damaged or faulty items
* Thursday: Ward Cleaning Team A (10:00 am - 12:00 pm)
 + Continue with deep cleaning of patient rooms and common areas
 + Clean and maintain ward furniture and fixtures
 + Restock supplies and refresh linens
* Friday: Ward Cleaning Team B (11:00 am - 1:00 pm)
 + Finalize cleaning tasks for the week
 + Conduct a thorough inspection of the ward to ensure it meets high standards

Additional Responsibilities:

* Daily: Maintenance Team (8:00 am - 9:00 am) - Perform morning checks on ward equipment and systems.
* Weekly: Ward Cleaning Teams A and B (every other day at 3:00 pm) - Review cleaning schedules, report any issues or concerns.

Please note that this schedule is subject to change based on hospital events, staff availability, and other factors.",Public Administrative,PUBLIC,generated,ward cleaning schedule and rota
"Ward Cleaning Schedule and Rota

The ward cleaning schedule is designed to ensure a clean, safe, and hygienic environment for all patients, visitors, and staff. The following schedule outlines the cleaning duties and frequencies for each day of the week.

**Monday**

* Morning shift (0800-1200): Ward 1 - Cleaning of patient rooms, bathrooms, and common areas.
* Afternoon shift (1400-1800): Ward 2 - Dusting and polishing of furniture, mirrors, and windows.

**Tuesday**

* Morning shift (0800-1200): Ward 3 - Mopping of floors, cleaning of waste disposal areas, and disinfection of high-touch surfaces.
* Afternoon shift (1400-1800): Ward 4 - Cleaning of patient meal areas, bathrooms, and common spaces.

**Wednesday**

* Morning shift (0800-1200): Ward 5 - Vacuuming of carpets, dusting of furniture, and cleaning of patient rooms.
* Afternoon shift (1400-1800): Ward 6 - Cleaning of corridors, stairwells, and public areas.

**Thursday**

* Morning shift (0800-1200): Ward 7 - Sanitizing of door handles, light switches, and remotes.
* Afternoon shift (1400-1800): Ward 8 - Mopping of floors, cleaning of waste disposal areas, and disinfection of high-touch surfaces.

**Friday**

* Morning shift (0800-1200): Ward 9 - Cleaning of patient meal areas, bathrooms, and common spaces.
* Afternoon shift (1400-1800): Ward 10 - Vacuuming of carpets, dusting of furniture, and cleaning of patient rooms.

**Saturday and Sunday**

* No cleaning duties will be performed on these days to allow for staff rotation and relaxation.

All cleaning staff are required to adhere to the following guidelines:

* Cleaning equipment must be used correctly and efficiently.
* All areas of the ward must be cleaned thoroughly, including hard-to-reach areas.
* The ward must be left in a clean and tidy state at the end of each shift.

Please report any issues or concerns to the Ward Supervisor immediately.",Public Administrative,PUBLIC,generated,ward cleaning schedule and rota
"Ward Cleaning Schedule and Rota

**Monday to Friday**

* Morning Shift (7:00 am - 2:30 pm):
 + Ward Cleaning Team: Ward A, 8:00 am - 12:00 pm
 + Ward Cleaning Team: Ward B, 10:00 am - 2:00 pm
 + Janitorial Staff: Ward C, 9:00 am - 3:00 pm
* Afternoon Shift (2:30 pm - 10:00 pm):
 + Ward Cleaning Team: Ward A, 12:30 pm - 4:30 pm
 + Ward Cleaning Team: Ward B, 3:30 pm - 7:30 pm
 + Janitorial Staff: Ward C, 11:00 am - 5:00 pm

**Saturday and Sunday**

* Morning Shift (8:00 am - 2:30 pm):
 + Ward Cleaning Team: All Wards, 9:00 am - 1:00 pm
 + Janitorial Staff: All Wards, 10:00 am - 4:00 pm
* Afternoon Shift (2:30 pm - 6:00 pm):
 + Ward Cleaning Team: All Wards, 12:30 pm - 4:30 pm

**Special Cleaning Tasks**

* Daily: High-touch areas (e.g. door handles, light switches) to be cleaned and disinfected
* Weekly: Thorough cleaning of patient rooms, including beds, chairs, and floors
* Bi-Weekly: Deep cleaning of bathrooms and common areas
* Monthly: Vacuuming of carpets and upholstery

**Notes**

* The Ward Cleaning Team will be responsible for reporting any spills or accidents to the Janitorial Staff.
* The Janitorial Staff will prioritize tasks based on ward usage and patient needs.
* Any changes to the schedule must be approved by the Facilities Manager.

By signing below, staff members acknowledge that they have read and understood the Ward Cleaning Schedule and Rota.",Public Administrative,PUBLIC,generated,ward cleaning schedule and rota
"Ward Cleaning Schedule and Rota

**Monday**

* Ward 1: Cleanliness Check at 08:00, Disinfect high-touch areas at 12:00, Laundry collection at 16:00
* Ward 2: Mopping of floors at 10:00, Sanitizing patient rooms at 14:00, Waste disposal at 18:00
* Ward 3: Vacuuming of carpets at 09:00, Cleaning of bathroom facilities at 13:00, Monitoring of linen supplies at 17:00

**Tuesday**

* Ward 1: Deep cleaning of ward areas at 10:00, Disinfection of furniture and fixtures at 15:00, Waste management at 19:00
* Ward 2: Cleaning of kitchen and dining area at 11:00, Sanitizing of patient equipment at 16:00, Monitoring of stock levels at 18:00
* Ward 3: Cleaning of ward toilets at 09:30, Vacuuming of corridors at 14:30, Monitoring of temperature control systems at 17:30

**Wednesday**

* Ward 1: Cleanliness check and reporting to management at 08:00, Mopping of floors at 12:00, Laundry collection at 16:00
* Ward 2: Sanitizing patient rooms at 10:00, Cleaning of bathroom facilities at 14:00, Waste disposal at 18:00
* Ward 3: Vacuuming of carpets at 09:00, Monitoring of linen supplies at 17:00, Reporting to team leader at 19:00

**Thursday**

* Ward 1: Deep cleaning of ward areas at 10:00, Disinfection of furniture and fixtures at 15:00
* Ward 2: Cleaning of kitchen and dining area at 11:00, Monitoring of stock levels at 18:00
* Ward 3: Cleaning of ward toilets at 09:30, Vacuuming of corridors at 14:30

**Friday**

* Ward 1: Cleanliness check and reporting to management at 08:00, Laundry collection at 16:00
* Ward 2: Sanitizing patient rooms at 10:00, Waste disposal at 18:00
* Ward 3: Monitoring of temperature control systems at 17:30, Reporting to team leader at 19:00",Public Administrative,PUBLIC,generated,ward cleaning schedule and rota
"Ward Cleaning Schedule and Rota

**Ward A**

* Daily cleaning tasks:
	+ Morning: Vacuuming of floors, restocking of supplies
	+ Afternoon: Dusting of furniture and fixtures, wiping down surfaces
	+ Evening: Disinfection of high-touch areas, removal of trash and recyclables
* Weekly tasks:
	+ Monday: Deep clean bathrooms and showers
	+ Tuesday: Clean windows and mirrors
	+ Wednesday: Organize and tidy up linen storage
	+ Thursday: Mop floors and re-arrange furniture for optimal patient flow
	+ Friday: Sanitize door handles and light switches
* Rotational tasks:
	+ Monday, Wednesday, Friday: Cleaning of patient rooms ( alternate between two cleaning staff)
	+ Tuesday, Thursday: Deep clean common areas and corridors

**Ward B**

* Daily cleaning tasks:
	+ Morning: Restocking of supplies and organization of linen storage
	+ Afternoon: Dusting of furniture and fixtures, wiping down surfaces
	+ Evening: Disinfection of high-touch areas, removal of trash and recyclables
* Weekly tasks:
	+ Monday: Clean and disinfect patient beds and mattresses
	+ Tuesday: Vacuum and mop floors
	+ Wednesday: Organize and tidy up linen storage
	+ Thursday: Sanitize door handles and light switches
	+ Friday: Restock cleaning supplies and prepare for next week

**Shared Tasks**

* Daily: Cleaning of common areas, corridors, and patient rooms
* Weekly: Deep clean bathrooms, showers, and patient rooms
* Bi-Weekly: Clean and disinfect hospital equipment and furniture

All staff members are expected to adhere to this schedule and report any changes or concerns to the facilities manager.",Public Administrative,PUBLIC,generated,ward cleaning schedule and rota
"Ward Cleaning Schedule and Rota

**Weekly Cleaning Tasks**

* Monday: Ward disinfection, vacuuming of floors and surfaces
* Tuesday: Mop all floors, restock cleaning supplies
* Wednesday: Dust and polish furniture, clean windows
* Thursday: Clean bathrooms, including toilet, sink, and shower areas
* Friday: Empty trash and recyclables, tidy up ward areas

**Daily Cleaning Rota**

* Morning (07:00-08:00): Quick pick-up of debris, restock supplies
* Mid-morning (10:00-12:00): Deep clean patient rooms, change bed linens as required
* Afternoon (14:00-16:00): Clean common areas, tidy up corridors and doorways

**Weekly Deep Cleaning Tasks**

* Every Thursday: Clean and disinfect all medical equipment, including wheelchairs and beds
* Every Friday: Vacuum furniture and upholstery, dust and clean light fixtures
* Every Sunday: Mop kitchen floor, clean kitchen appliances and surfaces

**Shift-Based Cleaning Rota**

* Ward 1: Monday, Wednesday, Friday (08:00-16:00)
* Ward 2: Tuesday, Thursday (08:00-16:00)
* Ward 3: Monday, Wednesday, Friday (10:00-18:00)

**Resident Care Assistant Rotation**

* Rotates every two weeks to ensure all staff members have an opportunity to work on each ward

This cleaning schedule is designed to ensure the wards are cleaned and maintained to a high standard, promoting a clean and safe environment for patients, visitors, and staff.",Public Administrative,PUBLIC,generated,ward cleaning schedule and rota
"Ward Cleaning Schedule and Rota

**Monday**

* 07:00 - 08:00: Ward cleaning ( Room 1, 2 & 3)
* 08:00 - 12:00: Cleaning of corridors and day rooms
* 12:00 - 13:00: Sanitizing of patient equipment and furniture
* 13:00 - 15:00: Deep cleaning of bathrooms

**Tuesday**

* 07:00 - 10:00: Ward cleaning (Room 4, 5 & 6)
* 10:00 - 12:00: Cleaning of hospital laundry rooms
* 12:00 - 14:00: Maintenance of ward telephones and communication systems
* 14:00 - 15:00: Dusting of patient furniture

**Wednesday**

* 07:00 - 08:00: Ward cleaning (Room 1, 2 & 3)
* 08:00 - 12:00: Cleaning of hospital kitchen areas
* 12:00 - 13:00: Sanitizing of food preparation and serving equipment
* 13:00 - 15:00: Organization of ward storage rooms

**Thursday**

* 07:00 - 10:00: Ward cleaning (Room 4, 5 & 6)
* 10:00 - 12:00: Cleaning of hospital waste disposal areas
* 12:00 - 14:00: Maintenance of hospital fire safety equipment
* 14:00 - 15:00: Vacuuming of patient rooms

**Friday**

* 07:00 - 08:00: Ward cleaning (Room 1, 2 & 3)
* 08:00 - 12:00: Cleaning of hospital corridors and stairs
* 12:00 - 13:00: Sanitizing of hospital door handles and railings
* 13:00 - 15:00: Organization of ward linen storage

**Weekends**

* Ward cleaning will be performed on a reduced schedule, focusing on high-priority areas.

Please note that this document is subject to review and revision as necessary.",Public Administrative,PUBLIC,generated,ward cleaning schedule and rota
"Ward Cleaning Schedule and Rota

Monday to Friday:

* Morning Shift (8am - 4pm):
 + Ward Cleaning Team: Jane Smith, John Doe, Emily Chen
 + Cleaning Tasks: Emptying bins, Dusting furniture, Mopping floors, Vacuuming carpets
 + Cleaning Frequency: Daily during morning shift, Weekly deep cleaning on Fridays
* Afternoon Shift (12pm - 8pm):
 + Ward Cleaning Team: Michael Brown, Sarah Taylor, David Lee
 + Cleaning Tasks: Replenishing linens, Restocking supplies, Sanitizing high-touch areas
 + Cleaning Frequency: As needed, Bi-weekly deep cleaning of bathrooms

Saturday and Sunday:

* Hospital-wide Cleaning:
 + Ward Cleaning Team: John Smith, Emily Johnson, Karen Thompson
 + Cleaning Tasks: Deep cleaning of patient rooms, Emptying and restocking linens, Maintaining public areas

Weekly Rota Review:

* Monday: Morning shift team reviews and plans for the week
* Tuesday: Afternoon shift team reviews and plans for the week
* Wednesday: Ward cleaning team meets to discuss any issues or concerns
* Thursday: Hospital-wide cleaning team reviews and plans for the upcoming weekend
* Friday: Morning shift team conducts weekly deep cleaning

Monthly Cleaning Tasks:

* First week of each month: Deep cleaning of ward bathrooms
* Second week of each month: Deep cleaning of patient room furniture
* Third week of each month: Vacuuming of wards outside of patient rooms
* Fourth week of each month: Review and revision of ward cleaning schedules",Public Administrative,PUBLIC,generated,ward cleaning schedule and rota
"Ward Cleaning Schedule and Rota

**Monday**

* Room 101: Cleaning and laundry (09:00 - 12:00)
* Room 202: Vacuuming and dusting (10:00 - 11:30)
* Room 303: Disinfection and polishing (11:00 - 12:30)
* Common area: Mopping and refilling supplies (14:00 - 15:00)

**Tuesday**

* Room 101: Cleaning and laundry (09:00 - 12:00)
* Room 202: Restocking tissues and toilet paper (10:30 - 11:30)
* Room 303: Cleaning of bathroom facilities (11:00 - 12:30)
* Common area: Waste disposal and recycling (14:00 - 15:00)

**Wednesday**

* Room 101: Vacuuming and dusting (09:00 - 10:30)
* Room 202: Disinfection and polishing (10:30 - 12:00)
* Room 303: Cleaning of patient rooms (11:30 - 13:00)
* Common area: Cleaning of kitchen facilities (14:00 - 15:00)

**Thursday**

* Room 101: Restocking supplies (09:00 - 10:30)
* Room 202: Mopping and refilling supplies (10:30 - 11:30)
* Room 303: Disinfection and polishing (11:00 - 12:30)
* Common area: Cleaning of patient bathrooms (14:00 - 15:00)

**Friday**

* Room 101: Cleaning and laundry (09:00 - 12:00)
* Room 202: Vacuuming and dusting (10:00 - 11:30)
* Room 303: Waste disposal and recycling (11:00 - 12:30)
* Common area: Final cleaning of the ward before weekend (14:00 - 15:00)

**Weekends**

* Ward to be left in good order, with all rooms cleaned and supplies restocked.

This schedule is subject to change based on operational needs and will be communicated to staff in advance.",Public Administrative,PUBLIC,generated,ward cleaning schedule and rota
"Ward Cleaning Schedule and Rota

The ward cleaning schedule will be executed on a daily basis, with a focus on maintaining high standards of cleanliness and hygiene. The following teams will be responsible for each day's tasks:

Monday: Janitorial Team (8:00 am - 4:00 pm)
- Clean and disinfect patient rooms, bathrooms, and common areas
- Empty waste bins and replace liners as needed

Tuesday: Nursing Staff (8:00 am - 4:00 pm)
- Restock supplies and linens
- Sanitize medical equipment and workstations

Wednesday: Food and Beverage Team (7:30 am - 3:30 pm)
- Clean and sanitize food preparation areas, serving stations, and dining rooms
- Maintain inventory of paper goods, cleaning supplies, and other essential items

Thursday: Engineering Team (8:00 am - 4:00 pm)
- Perform routine maintenance tasks on heating, ventilation, and air conditioning systems
- Check and replace filters as needed

Friday: Janitorial Team (8:00 am - 4:00 pm)
- Clean and disinfect patient rooms, bathrooms, and common areas
- Empty waste bins and replace liners as needed

Saturday and Sunday: Closed for deep cleaning and maintenance tasks. The janitorial team will work on these days to ensure the ward is clean and prepared for the upcoming week.

All staff members are expected to adhere to the cleaning schedule and rota, ensuring that the ward is maintained at a high standard of cleanliness and hygiene at all times.",Public Administrative,PUBLIC,generated,ward cleaning schedule and rota
"Ward Cleaning Schedule and Rota

Date: March 1, 2023

The following ward cleaning schedule has been agreed upon for the next four weeks:

Weeks 1-4:

* Monday, Wednesday, Friday:
	+ Shift 1: 8:00 am - 12:00 pm (Cleaning Team A)
	+ Shift 2: 12:00 pm - 4:00 pm (Cleaning Team B)
	+ Shift 3: 4:00 pm - 8:00 pm (Cleaning Team C)
* Tuesday, Thursday:
	+ Shift 1: 8:00 am - 12:00 pm (Cleaning Team A)
	+ Shift 2: 12:00 pm - 4:00 pm (Cleaning Team B)
	+ Shift 3: 4:00 pm - 8:00 pm (Cleaning Team C)

Deep Cleaning:

* Every second Wednesday:
	+ All shifts will be covered by the Hospital Maintenance Team

Special Cleaning Requests:

* Every Friday at 2:00 pm, a special cleaning request will be made for the main ward area.

Reporting:

* The Ward Cleaner's Report sheet should be submitted to the Hospital Administrative Office by 5:00 pm on each day of cleaning.
* Any discrepancies or issues with the cleaning schedule should be reported to the Hospital Manager immediately.

Note: Please ensure that all cleaning equipment and supplies are available for use during your assigned shifts.",Public Administrative,PUBLIC,generated,ward cleaning schedule and rota
"Ward Cleaning Schedule and Rota

The ward cleaning schedule is as follows:

Monday, Tuesday, Thursday: Ward 1 - Morning Shift (7am-12pm), Afternoon Shift (1pm-6pm)
Wednesday, Friday: Ward 2 - Morning Shift (7am-12pm), Afternoon Shift (1pm-6pm)

Tuesday Evening: Ward 3 - Nightly Clean (6pm-10pm)
Wednesday Evening: Ward 4 - Nightly Clean (6pm-10pm)

Shift Duration:

* Morning Shift: 5 hours
* Afternoon Shift: 5 hours
* Nightly Clean: 4 hours

Cleaning Tasks:

* Daily:
 + Restroom cleaning and disinfection
 + Floor sweeping and mopping
 + Waste disposal
* Weekly:
 + Deep clean of patient rooms, including dusting, vacuuming, and sanitizing surfaces
 + Cleaning of common areas, including lounges and dayrooms
* Bi-Weekly:
 + Cleaning of linen storage areas

Cleaner Assignments:

* Ward 1: Cleaner A (Monday & Wednesday)
* Ward 2: Cleaner B (Monday & Tuesday), Cleaner D (Wednesday & Friday)
* Ward 3: Cleaner C (Tuesday Evening)
* Ward 4: Cleaner E (Wednesday Evening)

Note:

* Cleaners must wear approved personal protective equipment (PPE) at all times during cleaning shifts.
* Cleaning schedules are subject to change due to hospital events or emergencies.",Public Administrative,PUBLIC,generated,ward cleaning schedule and rota
"Ward Cleaning Schedule and Rota

This schedule is effective from Monday, [insert date] to Sunday, [insert date]. The following personnel are responsible for maintaining a clean and hygienic environment in the wards.

**Monday**

* Ward 1: Janine (9:00 am - 12:00 pm)
* Ward 2: David (9:00 am - 12:00 pm)
* Ward 3: Maria (10:00 am - 2:00 pm)
* Cleaning of bathrooms and common areas:
 + Monday, Wednesday, Friday: Maintenance team
 + Tuesday, Thursday: Janine

**Tuesday**

* Ward 1: David (9:00 am - 12:00 pm)
* Ward 2: Maria (9:00 am - 12:00 pm)
* Ward 3: John (10:00 am - 2:00 pm)
* Cleaning of bathrooms and common areas:
 + Monday, Wednesday, Friday: Maintenance team
 + Tuesday, Thursday: Janine

**Wednesday**

* Ward 1: Janine (9:00 am - 12:00 pm)
* Ward 2: John (9:00 am - 12:00 pm)
* Ward 3: David (10:00 am - 2:00 pm)
* Cleaning of bathrooms and common areas:
 + Monday, Wednesday, Friday: Maintenance team
 + Tuesday, Thursday: Janine

**Thursday**

* Ward 1: Maria (9:00 am - 12:00 pm)
* Ward 2: David (9:00 am - 12:00 pm)
* Ward 3: Janine (10:00 am - 2:00 pm)
* Cleaning of bathrooms and common areas:
 + Monday, Wednesday, Friday: Maintenance team
 + Tuesday, Thursday: Janine

**Friday**

* Ward 1: Janine (9:00 am - 12:00 pm)
* Ward 2: John (9:00 am - 12:00 pm)
* Ward 3: Maria (10:00 am - 2:00 pm)
* Cleaning of bathrooms and common areas:
 + Monday, Wednesday, Friday: Maintenance team
 + Tuesday, Thursday: Janine

**Weekend**

* All wards will be cleaned by the maintenance team.

Please report any cleaning equipment issues or concerns to the facilities manager immediately.",Public Administrative,PUBLIC,generated,ward cleaning schedule and rota
"Ward Cleaning Schedule and Rota

The ward cleaning schedule and rota is as follows:

Monday, Tuesday, Thursday:
- 08:00 - 12:00: Cleaning of patient rooms by Ward Cleaner A
- 13:00 - 16:00: Cleaning of public areas by Ward Cleaner B

Wednesday:
- 08:00 - 12:00: Deep cleaning of ward corridors and patient room facilities by Ward Cleaner C
- 13:00 - 16:00: Cleaning of wards, including bathrooms and toilets, by Ward Cleaner A and B

Friday:
- 08:00 - 12:00: Cleaning of hospital floors by Hospital Floor Technician D
- 13:00 - 16:00: Laundry and linen supplies distribution by Ward Assistant E

Shift Times:

- Morning shift: 07:00 - 15:00
- Afternoon shift: 14:00 - 22:00
- Night shift: 20:00 - 06:00

Ward Cleaning Rota:

- Monday, Tuesday, Wednesday, Friday: Ward Cleaner A (morning and afternoon), Ward Cleaner B (afternoon only)
- Wednesday: Ward Cleaner C (morning only), Ward Cleaner D (evening only)
- Thursday: Ward Cleaner B (morning and afternoon), Ward Cleaner E (afternoon only)

Cleaning Materials:

- Cleaning solution
- Mop and bucket
- Vacuum cleaner
- Toilet brushes and plunger

All staff members are expected to adhere to the ward cleaning schedule and rota. Any changes or deviations must be communicated to the Senior Ward Administrator in advance.

Note: All waste disposal will be carried out by Hospital Waste Technician F on a rotating basis, ensuring that all areas of the hospital are kept clean and hygienic.",Public Administrative,PUBLIC,generated,ward cleaning schedule and rota
"Ward Cleaning Schedule and Rota

The cleaning schedule for Ward 3 is as follows:

Monday: 
- 08:00 - 12:00: Room 1,2,3,4 (Deep clean)
- 13:00 - 17:00: Room 5,6,7,8 (General clean)

Tuesday:
- 08:00 - 12:00: Room 9,10,11,12 (Deep clean)
- 13:00 - 17:00: Room 1,2,3,4 (General clean)

Wednesday:
- 08:00 - 12:00: Room 5,6,7,8 (Deep clean)
- 13:00 - 17:00: Room 9,10,11,12 (General clean)

Thursday:
- 08:00 - 12:00: General clean for all rooms
- 13:00 - 17:00: Deep clean of high-touch areas

Friday:
- 08:00 - 12:00: General clean for all rooms
- 13:00 - 17:00: Room 1,2,3,4 (Deep clean)

Staff Responsibilities:

- Ward Manager: Oversee cleaning schedule and ensure it is followed.
- Cleaning Staff: Clean rooms according to the schedule, report any issues to the Ward Manager.
- Porters: Assist with moving equipment and supplies.

Equipment Maintenance:
- Disinfectant solution levels will be checked daily.
- Vacuum cleaners will be emptied twice a day.
- Mop buckets will be washed weekly.

This schedule is subject to change based on hospital needs. Please report any concerns or issues to the Ward Manager.",Public Administrative,PUBLIC,generated,ward cleaning schedule and rota
"Ward Cleaning Schedule and Rota

Monday to Friday:

* Morning shift (08:00 - 12:00): Ward 1, Ward 3, and Administrative areas
 + Room 101: Dusting, vacuuming, and disinfection by Cleaning Team A
 + Room 202: Mopping, dusting, and polishing by Cleaning Team B
 + Administrative area: General cleaning, trash removal, and maintenance by Cleaning Team C
* Afternoon shift (12:00 - 16:00): Ward 2 and Ward 4
 + Ward 2: Dusting, vacuuming, and disinfection by Cleaning Team D
 + Ward 4: Mopping, dusting, and polishing by Cleaning Team E
 + Shared facilities: General cleaning, trash removal, and maintenance by Cleaning Team F

Saturday:

* Morning shift (08:00 - 12:00): Ward 1, Ward 3, and Administrative areas
 + Room 101: Deep cleaning and sanitizing by Cleaning Team A
 + Room 202: Floor polishing and window cleaning by Cleaning Team B
 + Administrative area: Organization and decluttering by Cleaning Team C
* Afternoon shift (12:00 - 16:00): Ward 2 and Ward 4
 + Ward 2: Laundry and linen restocking by Cleaning Team D
 + Ward 4: Waste management and recycling by Cleaning Team E

Sunday:

* Morning shift (08:00 - 12:00): Ward cleaning and maintenance
 + All wards: General cleaning, trash removal, and maintenance by Cleaning Teams A-F
* Afternoon shift (12:00 - 16:00): Administrative areas
 + Administrative area: Deep cleaning and sanitizing by Cleaning Team C",Public Administrative,PUBLIC,generated,ward cleaning schedule and rota
"Ward Cleaning Schedule and Rota

**Monday**

* 07:00 - 08:00: Departmental Cleaning Team (A)
* 08:00 - 12:00: Janitorial Services
* 12:00 - 13:00: Floor Polishing Team (B)
* 13:00 - 17:00: Departmental Cleaning Team (A)
* 17:00 - 18:00: Disinfection and Hygiene Team

**Tuesday**

* 07:00 - 08:00: Janitorial Services
* 08:00 - 12:00: Floor Polishing Team (B)
* 12:00 - 13:00: Departmental Cleaning Team (A)
* 13:00 - 17:00: Disinfection and Hygiene Team
* 17:00 - 18:00: Waste Management Team

**Wednesday**

* 07:00 - 08:00: Departmental Cleaning Team (A)
* 08:00 - 12:00: Janitorial Services
* 12:00 - 13:00: Floor Polishing Team (B)
* 13:00 - 17:00: Disinfection and Hygiene Team
* 17:00 - 18:00: Cleaning of Patient Rooms

**Thursday**

* 07:00 - 08:00: Floor Polishing Team (B)
* 08:00 - 12:00: Departmental Cleaning Team (A)
* 12:00 - 13:00: Janitorial Services
* 13:00 - 17:00: Waste Management Team
* 17:00 - 18:00: Disinfection and Hygiene Team

**Friday**

* 07:00 - 08:00: Departmental Cleaning Team (A)
* 08:00 - 12:00: Floor Polishing Team (B)
* 12:00 - 13:00: Cleaning of Patient Rooms
* 13:00 - 17:00: Janitorial Services
* 17:00 - 18:00: Disinfection and Hygiene Team

Note: The above schedule is subject to change based on departmental requirements and operational needs.",Public Administrative,PUBLIC,generated,ward cleaning schedule and rota
"Ward Cleaning Schedule and Rota

The ward cleaning schedule is as follows:

Monday, Wednesday, Friday:
- 08:00 - 12:00: Ward A (morning shift)
- 12:00 - 16:00: Ward B (afternoon shift)

Tuesday, Thursday:
- 08:00 - 12:00: Ward B (morning shift)
- 12:00 - 16:00: Ward C (afternoon shift)

Saturday and Sunday:
- All wards will be cleaned in a rotating basis. The schedule will be rotated every two weeks.

Cleaning Tasks:

* Daily:
 + Empty waste bins
 + Mop floors
 + Clean patient rooms
* Weekly:
 + Clean bathrooms
 + Clean corridors
 + Vacuum carpets
* Bi-weekly:
 + Clean laundry facilities
 + Clean linen storage

Staff Responsibilities:

* Ward A: 2 x cleaners (shifts 1 and 3)
* Ward B: 2 x cleaners (shifts 2 and 4), 1 x porter (shift 1 and 3)
* Ward C: 2 x cleaners (shifts 5 and 7), 1 x porter (shift 6 and 8)

Porter Responsibilities:

* Assist with waste disposal
* Deliver cleaning supplies to wards
* Restock paper towels and soap as needed

Cleaning Supplies:
- Available in the storage room on level 3.

Please ensure that all tasks are completed within their allocated time slots. If you are unable to complete a task, please notify your supervisor immediately.",Public Administrative,PUBLIC,generated,ward cleaning schedule and rota
"Ward Cleaning Schedule and Rota

The following cleaning schedule has been established for the hospital wards to ensure a clean and hygienic environment for all patients, visitors, and staff.

**Monday**

- Morning shift (9am - 1pm): Rooms 101, 102, 103
- Afternoon shift (1pm - 5pm): Rooms 104, 105, 106
- Evening shift (5pm - 9pm): All rooms

**Tuesday**

- Morning shift (9am - 1pm): Rooms 201, 202, 203
- Afternoon shift (1pm - 5pm): Rooms 204, 205, 206
- Evening shift (5pm - 9pm): All rooms

**Wednesday**

- Morning shift (9am - 1pm): Rooms 301, 302, 303
- Afternoon shift (1pm - 5pm): Rooms 304, 305, 306
- Evening shift (5pm - 9pm): All rooms

**Thursday**

- Morning shift (9am - 1pm): Rooms 401, 402, 403
- Afternoon shift (1pm - 5pm): Rooms 404, 405, 406
- Evening shift (5pm - 9pm): All rooms

**Friday**

- Morning shift (9am - 1pm): Rooms 101, 102, 103
- Afternoon shift (1pm - 5pm): Rooms 104, 105, 106
- Evening shift (5pm - 9pm): All rooms

**Weekends and Bank Holidays**: The cleaning schedule will be adjusted to accommodate reduced staffing levels. Please check with the ward manager for specific arrangements.

All staff members are expected to adhere to this cleaning schedule and report any cleaning issues or concerns to their supervisor immediately.",Public Administrative,PUBLIC,generated,ward cleaning schedule and rota
"Ward Cleaning Schedule and Rota

Date: 01/04/2023 - 30/06/2023

The ward cleaning schedule is as follows:

Monday, Wednesday, Friday:
- Ward 1: Cleaned by Janitorial Services
- Ward 2: Cleaned by Nursing Team (morning), Janitorial Services (afternoon)

Tuesday, Thursday:
- Ward 1: Cleaning and Laundry Rotation with Ward 3
- Ward 2: Cleaned by Janitorial Services

Saturday and Sunday:
- All wards will be cleaned by contracted cleaning services.

Weekly Rota:

| Day | Staff/Service | Responsible Person |
| --- | --- | --- |
| Monday | Ward 1 Deep Cleaning | Facilities Manager |
| Tuesday | Ward 3 Laundry | Nursing Team |
| Wednesday | Ward 2 Morning Cleaning | Janitorial Services |
| Thursday | Ward 2 Afternoon Cleaning | Janitorial Services |
| Friday | Ward 4 Sanitizing | Infection Control Team |

Daily Tasks:

- High-touch areas to be cleaned with disinfectant at least twice a day.
- Waste disposal and recycling to be managed by the designated staff.
- Linen and laundry changes to be coordinated through the ward's Laundry Rotation.

Emergency Procedures:
In case of an unexpected spill or mess, please contact the Facilities Manager for assistance. The Hospital's Incident Reporting system should also be activated immediately.

Changes to this schedule must be submitted to the Facilities Manager in writing at least 24 hours prior to the date of implementation.",Public Administrative,PUBLIC,generated,ward cleaning schedule and rota
"NOTICE TO ALL STAFF

As part of our ongoing commitment to maintaining a safe and efficient car park environment, we would like to inform you that the following maintenance work will be carried out on the staff car park:

The car park will be closed for three consecutive evenings starting from Monday 20th March, during which time the surface will be resurfaced and new bollards installed. The closure will start at 8pm each evening and is expected to last until 6am the following morning.

On Wednesday 22nd March, a team of contractors will be on site to install new CCTV cameras and replace existing floodlights. This work will commence at 9am and is expected to take approximately four hours to complete.

From Monday 27th March onwards, the car park's drainage system will undergo routine maintenance, including cleaning and inspection of drains, gutters and downspouts. This work may cause some temporary disruption to vehicular access during the day.

Please note that all staff members are advised to report any damage or concerns about the car park to the facilities management team at least 24 hours in advance. We apologize for any inconvenience this maintenance work may cause and appreciate your cooperation and understanding.

If you have any questions or concerns, please do not hesitate to contact the facilities management team on ext 456.

Thank you for your continued support.

Sincerely,

Facilities Management Team",Public Administrative,PUBLIC,generated,staff car park maintenance notice
"TO: All Hospital Staff

NOTICE OF CAR PARK MAINTENANCE WORKS

As part of our ongoing efforts to maintain the health and safety of our staff, we are undertaking scheduled car park maintenance works. These works will take place on [Date] and [Date] during [Time].

During this period, please be aware that the following areas will be closed:

* All bays in the main hospital car park
* The parking area for visitors with mobility issues

All staff are required to park in the designated overflow car parks located at [Location]. Please note that these car parks are subject to limited availability and priority will be given to staff members who require a specific mobility assistance vehicle.

In order to minimize disruptions, we kindly request that all staff make alternative arrangements for their parking needs during this period. If you have any concerns or require further information, please contact the Estates Department on [Phone Number] or [Email Address].

The maintenance works will be carried out by our contracted services provider, [Company Name], who will ensure that all work is completed in a safe and efficient manner.

We apologize for any inconvenience this may cause and appreciate your cooperation during this time. If you have any questions or concerns, please do not hesitate to contact us.

Thank you for your understanding and support.

Sincerely,
[Hospital Administration]",Public Administrative,PUBLIC,generated,staff car park maintenance notice
"NOTICE TO STAFF - CAR PARK MAINTENANCE

As part of our ongoing efforts to maintain a safe and efficient car park for all staff members, the following maintenance works are scheduled to take place in the coming weeks:

* Monday 10th April: Paving repair work will be carried out on the north-eastern quadrant of the car park. This may cause some disruption to parking spaces during this time.
* Tuesday 11th April: The car wash machines will be taken out of commission for routine maintenance and cleaning. Staff members are advised to use alternative facilities during this period.
* Wednesday 12th April: Road markings and signage will be re-painted to improve visibility and accessibility in the car park.

To minimize disruption, we recommend that staff members plan their journeys accordingly and allow extra time to park and retrieve their vehicles. The maintenance team will work to complete these tasks as quickly as possible while ensuring public safety.

We would like to thank staff for their cooperation and understanding during this time. If you have any concerns or queries regarding the car park maintenance, please contact the Estates Department at [insert contact information].

Please be advised that alternative parking arrangements may be available in designated areas during periods of construction. These arrangements will be communicated through internal communications channels.

We appreciate your patience and understanding as we undertake these essential works to maintain a safe and efficient car park for everyone.

Sincerely,
[Insert Name]
Estates Department",Public Administrative,PUBLIC,generated,staff car park maintenance notice
"TO: All Staff

NOTICE OF STAFF CAR PARK MAINTENANCE

As part of our ongoing efforts to maintain a safe and efficient car parking environment, we are writing to inform you of the upcoming maintenance schedule for the hospital staff car park.

The following areas will be subject to resurfacing and repairs:

* Zone A: All zones in this area will undergo resurfacing and repainting over the coming fortnight. This will involve lane closures during peak hours, please plan your visits accordingly.

* Zone C: Lift repairs are scheduled to take place on the 1st and 15th of March. During this time, lift access will be restricted and alternative arrangements should be made for non-disabled staff.

The designated parking attendants will be on hand to assist with any queries or concerns you may have regarding the car park. Additionally, a list of alternative car parking options is available at reception for those who may need assistance during peak periods.

Please note that all vehicles must comply with hospital regulations regarding size and colour. Failure to do so may result in vehicle relocation to an alternative car park area.

We appreciate your understanding as we carry out these essential maintenance works and look forward to a smoother parking experience going forward.

If you have any questions or concerns regarding the staff car park, please do not hesitate to contact the designated customer service team.

Thank you for your cooperation.

Sincerely,
[ Hospital Management ]",Public Administrative,PUBLIC,generated,staff car park maintenance notice
"NOTICE OF STAFF CAR PARK MAINTENANCE SCHEDULE

As part of our ongoing efforts to maintain a safe and efficient car parking environment, we would like to inform all staff that the following works will be carried out in the coming weeks:

* The north car park will be closed for resurfacing commencing from Monday 4th March at 08:00 hours until Wednesday 6th March at 16:00 hours. During this time, alternative parking arrangements have been made at the south car park.
* All staff are requested to avoid parking in areas marked with yellow lines or cones to prevent damage to surfaces and ensure their own safety.
* The designated disabled bays will be cleaned and resurfaced on a weekly basis. However, please note that these bays are for staff members who have displayed the approved permit. Misuse of these bays may result in removal from car parking privileges.
* The maintenance team will also be carrying out routine checks to the CCTV system, which is scheduled to take place on Friday 8th March between 10:00 hours and 12:00 hours.

We appreciate your cooperation and understanding during this period. If you have any concerns or queries regarding car parking arrangements, please do not hesitate to contact our facilities team at [Facilities Team Contact Information].

Please note that we will provide updates on the completion of these works via the hospital's internal communication channels.

Thank you for your continued support and cooperation.

Sincerely,
[Name Redacted]
Facilities Manager
Hospital Administration",Public Administrative,PUBLIC,generated,staff car park maintenance notice
"To: All Staff

From: Facilities Management Department

Subject: Car Park Maintenance Notice - Week of 24th February

As part of our ongoing efforts to maintain a safe and efficient car park, we will be carrying out some essential maintenance work during the week of 24th February. The following areas of the car park will be affected:

* Repointing of concrete slabs in Parking Lot A
* Re-surfacing of driveways in Parking Lots C and D
* Replacement of lighting units in the North Car Park

The planned maintenance schedule is as follows:

- Monday, 24th February: Repointing of concrete slabs in Parking Lot A (6am - 2pm)
- Tuesday, 25th February: Re-surfacing of driveways in Parking Lots C and D (8am - 4pm)
- Wednesday, 26th February: Replacement of lighting units in the North Car Park (9am - 5pm)

During this time, we kindly request that all staff use alternative car park facilities. Our designated overflow car parks are located at the West Entrance of the hospital and at the rear of Building 7.

We will ensure that all maintenance work is completed as quickly as possible to minimize disruption to our staff. If you have any concerns or queries regarding this notice, please do not hesitate to contact the Facilities Management Department on extension 5555.

Thank you for your understanding and cooperation.

Best regards,

Facilities Management Department",Public Administrative,PUBLIC,generated,staff car park maintenance notice
"NOTICE OF CAR PARK MAINTENANCE SCHEDULE

As part of our ongoing commitment to providing a safe and efficient environment for staff, we are undertaking regular maintenance works to the car park facilities.

From 22nd February to 1st March, the following areas will be closed to vehicular access:

- Bay 12: Resurfacing and rescreening
- Bay 27: Drainage system upgrade

During this period, please note that:

* All staff are required to use alternative parking bays located in Sections A and B.
* The car park layout has been modified to accommodate the ongoing maintenance works. Please observe the posted signs and directions to avoid any inconvenience.
* Parking attendants will be on duty to assist with the redirection of traffic.

We apologize for any inconvenience this may cause and appreciate your cooperation during this time. If you have any queries or concerns, please contact the facilities team at extension 1234.

To ensure a smooth transition, we recommend that you plan your parking arrangements in advance. Please make use of the car park map provided with this notice to familiarize yourself with the revised layout.

The maintenance works are scheduled to be completed by 1st March, after which the car park will be fully reopened and all bays will be available for use.

We thank you for your understanding and look forward to completing these essential repairs to maintain the high standards of our car park facilities.",Public Administrative,PUBLIC,generated,staff car park maintenance notice
"NOTICE OF STAFF CAR PARK MAINTENANCE

To all staff,

As part of our ongoing efforts to maintain a safe and efficient car parking environment, we have identified several areas that require attention. The following works will be carried out in the coming weeks:

The car park floor is to be resurfaced with a new layer of asphalt to improve traction and reduce wear on the existing surface.

The drainage system will be inspected and cleaned to ensure proper functioning and prevent water accumulation.

All parking bays will be marked with clear signage, including bay numbers and time limits, to aid navigation and enforcement of designated hours.

A designated area for disabled staff members will be identified and provided with accessible parking and facilities.

A small section of the car park will be closed temporarily during peak periods to facilitate resurfacing and maintenance works. Signage will be posted in advance to minimize disruption.

Staff are advised to report any damage or issues with their vehicle parked on hospital premises to the facilities team immediately.

The maintenance schedule is subject to change, and updates will be provided through internal communication channels.

If you have any suggestions or concerns regarding car park maintenance, please contact the facilities team at [insert contact information].

We appreciate your patience and understanding as we undertake these necessary works to maintain a safe and efficient car parking environment for all staff.

Thank you for your cooperation.

[Insert hospital logo]",Public Administrative,PUBLIC,generated,staff car park maintenance notice
"NOTICE OF STAFF CAR PARK MAINTENANCE

As part of our ongoing efforts to maintain a safe and efficient car park facility, we are writing to inform staff of the following maintenance work that will be taking place.

On Monday 24th July, the eastern section of the car park will be closed for resurfacing works. This area will be accessible via the adjacent entrance during these hours. Please plan your parking accordingly to avoid any inconvenience.

The car wash facilities will be out of order from Tuesday 25th July until Thursday 27th July due to scheduled maintenance. We recommend using the nearby external car wash services or other designated washing areas.

From Monday 24th July, one of the two disabled bays will be closed for repair and replacement of a faulty ramp. The adjacent bay has been identified as an alternative parking option for staff members requiring accessibility assistance.

We kindly request that all vehicles are parked in designated car park areas only and not on fire lanes or yellow lines. Failure to comply with these regulations may result in fines and/or penalties.

A map of the car park layout is available at the main reception desk for reference purposes.

If you have any questions or concerns regarding the maintenance work, please do not hesitate to contact the facilities team.

Thank you for your cooperation and understanding as we undertake this essential work.

Sincerely,
Facilities Team",Public Administrative,PUBLIC,generated,staff car park maintenance notice
"NOTICE OF CAR PARK MAINTENANCE SCHEDULE

As part of our ongoing efforts to maintain a safe and efficient car park environment, we are implementing the following maintenance schedule for the next quarter.

**Weeks 1-4**

* Monday, [insert date]: Concrete sealant application in designated areas
* Tuesday, [insert date]: Cleaning of all surfaces using a high-pressure washer
* Wednesday, [insert date]: Re-painting of bays with faded signs

**Weeks 5-8**

* Thursday, [insert date]: Inspection and repair of damaged signage
* Friday, [insert date]: Installation of new parking sensors in high-traffic areas
* Monday, [insert date]: Disinfection of all surfaces using a specialized cleaning solution

**Quarterly Tasks**

* All car park lanes will be thoroughly cleaned every 2 weeks to remove dirt, dust, and other debris.
* Weekly checks will be conducted to ensure that all parking bays are in good condition.

**Emergency Procedures**

In the event of inclement weather or other unforeseen circumstances, car park maintenance may be suspended temporarily. Please note that all staff and visitors are responsible for reporting any damage or issues with the car park to the designated maintenance team immediately.

**Contact Information**

For any queries or concerns regarding car park maintenance, please contact the Facilities Management Team at [insert phone number] or [insert email address].

We appreciate your cooperation and understanding in maintaining a well-maintained and safe car park environment for all staff and visitors.",Public Administrative,PUBLIC,generated,staff car park maintenance notice
"NOTICE: Car Park Maintenance Work

The hospital car park will undergo routine maintenance from Monday, 20th March 2023, to Friday, 24th March 2023. The work is scheduled to take place during the following hours:

- Monday to Thursday: 9:00 AM - 12:00 PM
- Tuesday and Wednesday: 1:00 PM - 5:00 PM

The maintenance will involve repaving of certain areas, installation of new signage, and repair of damaged paving. The work is expected to be completed by the end of the week.

During this time, please note that:

- The car park may not be accessible during the designated hours
- Alternative parking arrangements have been made for staff members with mobility issues or those attending hospital events
- Roadworks will be carried out in sections to minimize disruption

It is recommended that all staff park in designated areas marked as ""Temporary Parking"" and follow the signs to avoid any inconvenience. Please be advised that the maintenance team may enter restricted areas for access purposes.

If you have any concerns or questions regarding this notice, please contact the Hospital Estates Department at [insert contact information]. We apologize for any disruption this work may cause and appreciate your understanding as we undertake these essential maintenance activities.

Sincerely,
[Insert Name]
Hospital Estates Department",Public Administrative,PUBLIC,generated,staff car park maintenance notice
"NOTICE TO STAFF - CAR PARK MAINTENANCE UPDATE

As part of our ongoing efforts to maintain a safe and efficient car park environment, we have commenced a routine maintenance program to address various issues affecting parking facilities.

From [start date] to [end date], please be advised that the following areas will be subject to restricted access:

- Zone 3B will be closed for asphalt resurfacing
- Parking spaces designated as "" disabled"" will undergo wheelchair ramp inspections and repairs as needed

Additionally, we have implemented a temporary parking plan due to ongoing renovations in the main car park area. Starting from [start date], staff members assigned to working hours between 8am and 12pm are permitted to park on Level 3A and Level 4B.

Please note that all other designated parking areas remain unaffected by these maintenance activities. We recommend checking our hospital website or mobile app for the most up-to-date information regarding car park access during peak periods.

To facilitate a smooth transition, we have arranged for complimentary shuttle bus services between designated parking areas. Please approach staff members at the Information Desk for more details on how to utilize this service.

We apologize for any inconvenience caused by these maintenance activities and appreciate your cooperation in adhering to these temporary arrangements.

If you have any concerns or require further information regarding car park access, please do not hesitate to contact our Car Park Management Team via [phone number] during business hours.

Thank you for your understanding and support.

Sincerely,
[Your Name]
Car Park Manager",Public Administrative,PUBLIC,generated,staff car park maintenance notice
"NOTICE OF STAFF CAR PARK MAINTENANCE

As part of our ongoing efforts to ensure the safety and accessibility of our staff car park facilities, we have identified several areas that require attention. The following maintenance works are scheduled to take place in the coming weeks:

* Paving repair work will be carried out on the eastern section of the car park to address potholes and uneven surfaces.
* High-pressure washing will be conducted on all parking bays to remove dirt, grime, and oil stains.
* The car park's CCTV system will undergo routine maintenance checks, including battery replacements and sensor calibrations.
* Solar-powered lighting will be installed in the northwestern section of the car park to enhance visibility during early morning and evening hours.

To minimize disruption to staff, we recommend that vehicles are parked in designated areas only. The following restrictions will be enforced:

* All vehicles must display a valid parking permit or ticket at all times.
* No vehicle shall be parked overnight without permission from the facilities management team.
* Electric vehicle charging points will be available for use by authorized staff members.

Please note that any damage to the car park, including scratches, dents, and other forms of vandalism, will be reported and may result in parking privileges being suspended or revoked. We appreciate your cooperation and understanding as we work to maintain a safe and efficient car park environment.

If you have any queries or concerns regarding these maintenance works, please do not hesitate to contact the facilities management team at [insert contact information].",Public Administrative,PUBLIC,generated,staff car park maintenance notice
"NOTICE TO STAFF AND VISITORS

In order to maintain a safe and efficient car park environment, the following maintenance works will be carried out on [Date] at various locations throughout the hospital grounds.

The car park area designated for staff parking will be closed from 8am to 12pm on [Date] for resurfacing and painting. A clear route will be provided to allow access to the building during this time. Staff are advised to plan their arrival accordingly.

Additionally, a thorough cleaning and inspection of all car park facilities will take place on [Date]. This will include the removal of debris, sweeping and cleaning of surfaces, and checking of all signage and markings.

A section of the car park near the main entrance will be closed for three days from [Date] due to essential electrical works. Signage will be clearly displayed at this location to ensure minimal disruption.

All visitors are advised to use the designated visitor parking areas during the maintenance period. Please note that these areas may be restricted on certain days, and alternative arrangements should be made in advance where necessary.

We apologize for any inconvenience caused by these works and appreciate your understanding as we strive to maintain a safe and efficient car park environment.

Please direct any queries or concerns to the Estates Department at [Contact Method].

Sincerely,
[Hospital Administrator's Name]",Public Administrative,PUBLIC,generated,staff car park maintenance notice
"NOTICE TO ALL STAFF AND VISITORS OF [HOSPITAL NAME]

As part of our ongoing efforts to maintain a safe and accessible environment for all users, the Hospital Management has implemented the following staff car park maintenance notice:

From Monday 1st April 2024 onwards, the following car parking restrictions will be enforced in the designated staff car park areas:

* All staff members are required to display their valid hospital parking permits on their vehicle windscreen at all times.
* Only permitted vehicles with valid permits will be allowed access to the car park. Vehicles without permits or displaying expired permits will be issued a warning notice and may face further action, including fine and removal from the car park.
* The designated disabled bays will remain open for staff members with a valid permit, provided they display their permit on their vehicle windscreen.
* The hospital reserves the right to re designate any car parking area due to operational requirements.

In addition to these restrictions, please note that:

* All vehicles must be parked in a designated bay, as failure to do so may result in re-parking or towing at the owner's expense.
* No overnight parking is allowed in the staff car park. Vehicles left overnight will be moved to secure parking areas by hospital staff.
* Please report any damage or vandalism to your vehicle to the Hospital Management immediately.

We appreciate your cooperation and understanding as we implement these measures. If you have any queries or concerns regarding this notice, please do not hesitate to contact our Customer Service team.

Thank you for your attention to this matter.

Sincerely,

Hospital Management",Public Administrative,PUBLIC,generated,staff car park maintenance notice
"NOTICE TO STAFF AND VISITORS

Car Park Maintenance Notice - Week of [insert dates]

As part of our ongoing efforts to maintain a safe and efficient car park environment, we will be carrying out various maintenance tasks during the week of [insert dates]. These works are necessary to ensure that our car parks remain in good repair and provide adequate parking facilities for staff, visitors, and patients.

From Monday, [insert date], to Friday, [insert date], there will be a temporary relocation of car park signs and signage installations. This work is expected to take place between 9:00 am and 5:00 pm, Monday to Friday.

Additionally, the following works will be carried out:

* Cleaning and resurfacing of designated parking bays
* Installation of new CCTV cameras in key areas
* Repairs to faulty lighting and drainage systems

To minimize disruption, we recommend that staff consider using alternative car parks during this period. Please note that staff parked in designated disabled parking spaces must display a valid disabled badge.

The works are expected to be completed by Friday, [insert date]. We apologize for any inconvenience caused and appreciate your patience and cooperation during this time.

If you have any queries or concerns regarding the car park maintenance schedule, please contact our Estates Department at [insert phone number] or [insert email address].

Thank you for your understanding.

Sincerely,
[Your Name]
Estate Management Team",Public Administrative,PUBLIC,generated,staff car park maintenance notice
"NOTICE OF STAFF CAR PARK MAINTENANCE

To all staff,

As part of our ongoing efforts to maintain a safe and efficient car park, we will be undertaking the following maintenance work:

- The resurfacing of the eastern section of the staff car park will commence on Monday 20th February at 8am. This work is expected to take approximately three weeks to complete.
- All staff are advised to avoid this area during the construction period and use alternative parking facilities.
- The western section of the car park will be closed temporarily due to drainage issues. A new drainage system will be installed, which is anticipated to be completed by Friday 17th March.
- We will be carrying out routine cleaning and inspection of all car park lighting and CCTV systems.

Please note that these works may cause some inconvenience and we apologize for any disruption this may cause.

The following dates are scheduled for the above works:

* Monday 20th February - Eastern section resurfacing commences
* Friday 17th March - Western section drainage work completion
* Ongoing - Routine cleaning and inspection of lighting and CCTV systems

We appreciate your cooperation and understanding in this matter. If you have any queries or concerns, please do not hesitate to contact the estates department.

Thank you for your patience and understanding.

Sincerely,
[Admin Department]",Public Administrative,PUBLIC,generated,staff car park maintenance notice
"NOTICE TO STAFF AND VISITORS

As part of our ongoing commitment to maintaining a safe and efficient environment for all users, we would like to inform you of the following staff car park maintenance schedule.

The car park will be closed to vehicular traffic on Fridays between 3pm and 5pm for routine maintenance. This includes the resurfacing of designated parking bays, repair of damaged signage, and cleaning of the entire car park area.

To minimize disruption, we recommend that all staff members park in the designated overflow car park located on the north side of the hospital premises. This car park is accessible via the same entrance as the main car park and offers ample space for vehicles.

The maintenance work will be carried out by a contracted team of specialists, who will ensure that the work is completed to the highest standards. The expected duration of the closure is 2 hours, but we anticipate that it may take up to 3 hours to complete depending on the scope of the work.

We apologize for any inconvenience this may cause and appreciate your cooperation in adhering to this schedule. If you have any concerns or questions regarding this notice, please do not hesitate to contact our facilities department.

Please note that all vehicles left unattended in the car park after 5pm will be subject to a 3-hour parking charge. We will also be conducting regular sweeps of the car park to ensure that all parking charges are enforced fairly and consistently.

Thank you for your understanding and cooperation.

Sincerely,
Facilities Department",Public Administrative,PUBLIC,generated,staff car park maintenance notice
"NOTICE OF STAFF CAR PARK MAINTENANCE UPDATE

As part of our ongoing efforts to maintain a safe and efficient car park environment, we will be implementing the following maintenance works:

Effective from Monday, 15th January 2024, the car park will be closed for 2 days on Fridays between 8am-12pm due to scheduled road surfacing repairs. During this time, please make alternative arrangements for your commute.

Additionally, the following areas of the car park will be subject to temporary restrictions:

* Zone A: No parking permit holders are allowed during peak hours (Monday-Friday, 10am-4pm)
* Zone B: All visitors and contractors must register at the designated reception area prior to entering the premises

To ensure compliance with health and safety regulations, all vehicles must display a valid car park pass or permit. Failure to comply may result in penalties.

Please note that our car park attendants will be on duty during peak hours to assist with any queries or concerns.

We appreciate your understanding and cooperation in maintaining a smooth operation of the car park services. If you have any questions or concerns, please do not hesitate to reach out to the car park management team.

Further information can be obtained from the car park noticeboards or by contacting our customer service team on [insert contact details].

Thank you for your attention to this matter and we look forward to a successful implementation of these maintenance works.

Sincerely,
[Insert Name]
Car Park Management Team",Public Administrative,PUBLIC,generated,staff car park maintenance notice
"NOTICE TO ALL STAFF

The hospital's car park maintenance team would like to inform all staff that routine inspections and repairs have been completed to ensure the overall safety and accessibility of the car park facilities.

As part of our ongoing efforts to maintain a clean and well-maintained environment, the following improvements have been made:

* The north wing of the car park has been resurfaced with new asphalt, improving traction and reducing the risk of slips and falls.
* All parking bay signs and sensors have been checked and recalibrated to ensure accurate and efficient payment processing.
* The car wash facility has been cleaned and sanitized in preparation for its reopening to staff on Monday.
* The fueling station in the east wing has been refueled with a new batch of premium gasoline, ensuring that vehicles continue to receive the best possible fuel.

In addition to these improvements, our maintenance team would like to remind all staff to report any issues or concerns regarding the car park facilities to the designated reporting point. This will enable us to address any problems promptly and efficiently.

Staff are also advised to note the following revised operating hours for the car park:

* Monday to Friday: 6:00 AM - 10:00 PM
* Saturday and Sunday: 7:00 AM - 9:00 PM

We appreciate your understanding and cooperation in maintaining a safe and efficient car park environment. If you have any questions or concerns, please do not hesitate to contact the facilities management team.

Sincerely,
Facilities Management Team",Public Administrative,PUBLIC,generated,staff car park maintenance notice
"NOTICE OF STAFF CAR PARK MAINTENANCE

As part of our ongoing commitment to providing a safe and efficient working environment, we are undertaking a series of car park maintenance activities.

From [start date] to [end date], the following works will be taking place:

* Resurfacing of designated parking areas to improve traction and durability
* Replacement of faulty CCTV cameras with new high-definition units
* Installation of additional lighting throughout the car parks to enhance visibility at night
* Repainting of bays to maintain a clean and well-maintained appearance

During this period, access to certain areas of the car park may be restricted. Please note that alternative parking arrangements will be provided for staff who rely on these areas.

We appreciate your patience and understanding as we carry out these necessary works. Our priority is to minimize disruptions to our operations while ensuring the continued safety and security of our facilities.

To ensure a smooth experience, please follow the following guidelines:

* Arrive early or plan ahead to allow for any necessary detours
* Be aware of designated parking attendants who will be assisting with re-routing and redirection
* Report any concerns or issues directly to the car park management team

We are committed to providing a high-quality working environment and appreciate your cooperation in this matter. If you have any questions or concerns, please do not hesitate to contact us.

Thank you for your understanding and support.

Sincerely,
[Name]
Car Park Management Team",Public Administrative,PUBLIC,generated,staff car park maintenance notice
"NOTICE TO STAFF

As part of our ongoing commitment to maintaining a safe and well-maintained car park, we would like to inform you that the following work will be taking place on [Date] at [Time].

The car park will be closed for approximately 2 hours during this period. We apologize for any inconvenience this may cause and appreciate your cooperation in avoiding the area during this time.

The maintenance work involves resurfacing of the asphalt, repairing potholes, and cleaning of the car park's drainage system. Our team of contractors will be working to restore the car park to its original condition, ensuring that it remains a safe and suitable space for staff and visitors alike.

Please note that all vehicles parked in the car park during the maintenance work will be covered by our designated parking attendants. They will provide assistance with parking and relocation of vehicles as necessary.

We kindly request that you make alternative arrangements for your vehicle during this time if possible. If you are unable to do so, please contact our facilities team at [Facilities Contact Information] in advance to arrange for temporary storage.

Your understanding and cooperation in this matter are greatly appreciated. We will provide updates on the status of the work through our internal communications channels.

If you have any questions or concerns, please do not hesitate to reach out to the facilities team. Thank you for your patience and understanding.

Sincerely,
[Facilities Manager's Name]
Facilities Department",Public Administrative,PUBLIC,generated,staff car park maintenance notice
"NOTICE: Staff Car Park Maintenance

To all staff,

As part of our ongoing efforts to maintain a safe and efficient car park environment, we will be carrying out routine maintenance works on the car park facilities. The works are scheduled to take place over the next two weeks and may cause some disruption to your daily commute.

On Monday, March 6th, the car park attendants will begin resurfacing the parking areas in sections, starting from the eastern side of the complex. This work is expected to be completed by the end of the day on Wednesday, March 8th.

Over the coming days, our team will also be performing routine cleaning and waste disposal tasks, as well as inspecting and replacing any damaged or worn-out paving slabs.

We kindly request that all staff park in designated car parking bays and follow the posted signs at each bay. This is to ensure that all cars are parked safely and securely, with adequate space for other users of the car park.

Please be advised that some parking areas may be closed temporarily during this time, and alternative arrangements will be made for staff who rely on these spaces. If you have any concerns or questions regarding the car park maintenance works, please do not hesitate to contact the facilities team.

We appreciate your understanding and cooperation in this matter, and we look forward to completing the works as soon as possible.

Thank you for your patience and support.

Sincerely,
Facilities Team",Public Administrative,PUBLIC,generated,staff car park maintenance notice
"NOTICE OF STAFF CAR PARK MAINTENANCE

As part of our ongoing commitment to providing a safe and efficient environment for all staff, we have scheduled routine maintenance work on the car park facilities.

The following dates and times apply:

- Monday 12th February: Surface cleaning and sealing
- Wednesday 14th February: Asphalt repairs and resurfacing (South Wing)
- Thursday 15th February: Lighting refurbishment throughout the car park

During these periods, please note that some areas of the car park may be closed to vehicular access. Alternative arrangements will be made for staff parking during this time.

To minimize disruptions, we kindly request that all staff make alternative arrangements for their parking needs on the designated maintenance days. These may include:

- Parking in designated overflow areas
- Using public transportation or alternative modes of transport
- Car sharing with colleagues

We appreciate your cooperation and understanding in this matter and apologize for any inconvenience this may cause.

If you have any queries or concerns, please do not hesitate to contact our car park management team. We will be happy to provide further information and assistance.

The maintenance work is scheduled to take place between the hours of 7am and 5pm on the designated days. We will ensure that all necessary measures are in place to minimize disruptions to staff parking arrangements.

Thank you for your understanding and cooperation.

Sincerely,
[Your Hospital Administration]",Public Administrative,PUBLIC,generated,staff car park maintenance notice
"NOTICE OF CAR PARK MAINTENANCE SCHEDULE

In accordance with the hospital's parking policy, all staff members are required to follow the car park maintenance schedule outlined below. The purpose of this notice is to ensure that all staff vehicles are parked in designated areas and comply with the hospital's health and safety regulations.

**Weekly Car Park Maintenance Schedule:**

- All staff vehicles must be parked in designated car parks only.
- Vehicles must not be left unattended for extended periods, except during authorized breaks.
- All vehicle drivers are required to report any damage or issues with the car park facilities to the designated maintenance team immediately.

**Monthly Cleaning and Waste Management:**

- The hospital's car parks will be cleaned on a monthly basis to maintain cleanliness and hygiene standards.
- All litter and waste must be disposed of in designated bins.
- Any unauthorized vehicles left in the car park after normal hours will be removed at the owner's expense.

**Annual Car Park Maintenance Contract:**

- The hospital has awarded an annual contract to a third-party maintenance provider for car park upkeep, including snow clearance, drainage systems, and other related services.
- All staff members are encouraged to report any issues or concerns regarding car park facilities to the designated maintenance team.

 Failure to comply with this notice may result in disciplinary action, up to and including parking restrictions. Please contact the designated maintenance team if you have any questions or concerns regarding the car park maintenance schedule.",Public Administrative,PUBLIC,generated,staff car park maintenance notice
"NOTICE TO STAFF - CAR PARK MAINTENANCE

As part of our ongoing efforts to maintain a safe and efficient parking environment, we would like to inform all staff members that the car park will be undergoing maintenance on [Date] between [Time] and [Time].

During this time, please be advised that:

- All parking signs and bollards may be removed or relocated
- Parking spaces may be blocked off or restricted for a short period
- The parking attendants will be operating in a limited area of the car park
- Please follow all instructions from the parking attendants at all times

To minimize disruptions, we recommend that staff members plan their arrival and departure accordingly. Please allow extra time to find a suitable parking space.

The maintenance work is scheduled to take place on [Date] and will last for approximately 4 hours. We apologize for any inconvenience this may cause and appreciate your cooperation and understanding.

If you have any special requirements or concerns regarding parking arrangements, please contact the Estates Department at [Phone Number/Email]. They will be happy to assist you in making alternative arrangements.

We thank you for your patience and understanding as we carry out these essential maintenance works. If you have any questions or concerns, please do not hesitate to reach out to us.

Sincerely,
[Name]
[Title]
 Estates Department",Public Administrative,PUBLIC,generated,staff car park maintenance notice
"NOTICE OF CAR PARK MAINTENANCE WORKS

As part of our ongoing efforts to maintain a safe and efficient car park facility, we will be carrying out essential maintenance works on [Date]. These works are scheduled to take place between [Time] and [Time], and will affect the use of the car park during this period.

The planned maintenance activities include:

* Resurfacing of designated parking bays
* Repainting of signs and markings
* Replacement of damaged or deteriorated pavement surfaces
* Cleaning and sweeping of walkways and surrounding areas

During the scheduled maintenance works, the following restrictions will apply:

* All staff members are advised to avoid using the car park during the working hours listed above.
* Alternative parking arrangements have been made for staff who require access to the car park during this time. Please refer to the designated parking signs for further information.
* Pedestrian and vehicular traffic will be redirected through alternative routes to minimize disruptions.

The maintenance works are necessary to ensure the long-term sustainability and efficiency of our car park facilities. We apologize for any inconvenience this may cause and appreciate your cooperation in adhering to these restrictions.

If you have any queries or concerns regarding the planned maintenance works, please contact the Estates Department on [Phone Number] or [Email Address].",Public Administrative,PUBLIC,generated,staff car park maintenance notice
"NOTICE TO ALL STAFF AND VISITORS

Staff Car Park Maintenance Notice

As part of our ongoing efforts to maintain a safe and efficient car parking environment, we will be undertaking various maintenance activities in the staff car parks over the next few weeks.

Starting from Monday 18th March, there will be a temporary closure of the western car park area for resurfacing works. This closure is expected to last for approximately four weeks, during which time alternative car parking facilities will be provided at the eastern and northern areas of the staff car parks.

Additionally, our grounds maintenance team will be carrying out regular cleaning and sweeping of all car park surfaces to ensure a smooth and safe surface for vehicle use.

We would like to advise all staff and visitors to:

* Report any damage or potholes in the car parks to the facilities management team immediately
* Use designated car parking bays only, where available
* Be patient and flexible during the temporary closure of the western car park area

Our facilities management team will be working diligently to minimize disruptions to our staff's daily activities. We appreciate your cooperation and understanding as we undertake these essential maintenance works.

If you have any queries or concerns regarding the car park maintenance schedule, please do not hesitate to contact the facilities management team on 01234 567890.

Thank you for your understanding and cooperation.

Sincerely,
[Facilities Management Team]",Public Administrative,PUBLIC,generated,staff car park maintenance notice
"NOTICE TO STAFF - CAR PARK MAINTENANCE

As part of our ongoing efforts to ensure the upkeep and maintenance of our hospital facilities, we would like to inform all staff members of the following car park maintenance schedule.

The car park will be closed for maintenance on the following dates and times:

- Monday 19th March from 8am - 12pm
- Wednesday 21st March from 2pm - 6pm

During this time, parking spaces will be relocated to alternative areas. Please note that all staff members are required to park in designated areas only.

The maintenance work will include the resurfacing of the car park's surface, repair of damaged paving and drainage systems, and replacement of street furniture. These works are essential to ensure the overall safety and accessibility of our facilities for all users.

We kindly request that all staff members make alternative arrangements for their daily commutes during this time. The hospital will provide a list of nearby parking options and transportation services in its weekly newsletter.

If you require assistance with parking arrangements or have any concerns, please contact the Hospital Operations department at extension 1234.

Please be advised that the car park maintenance schedule is subject to change due to unforeseen circumstances. We appreciate your understanding and cooperation during this time.

We will provide updates on the status of our car park maintenance schedule through our website and social media channels.

Thank you for your continued support and cooperation.

Sincerely,
Hospital Operations Department",Public Administrative,PUBLIC,generated,staff car park maintenance notice
"NOTICE: Staff Car Park Maintenance Schedule

As part of our ongoing efforts to maintain a safe and efficient car park for all staff, we have scheduled various maintenance activities over the coming weeks. Please note that these works will take place during non-peak hours to minimize disruption to normal operating procedures.

The following dates are scheduled for car park maintenance:

* Monday, 20th February: Asphalt resurfacing on Section 3
* Tuesday, 21st February: Line painting and signage update throughout the car park
* Wednesday, 22nd February: Installation of new lighting fixtures in Areas A and B
* Thursday, 23rd February: Car park cleaning and waste management schedule review

To ensure a smooth experience for all staff, please note the following guidelines:

* Staff are advised to avoid using the car park during maintenance hours whenever possible.
* All staff members are required to report any damage or concerns with the car park facilities to the Facilities Management team at least 24 hours in advance of scheduled maintenance.
* Alternative parking arrangements will be made available for staff who require assistance.

We appreciate your cooperation and understanding as we carry out these necessary works. If you have any questions or concerns, please do not hesitate to contact the Facilities Management department.

Please note that this schedule is subject to change due to unforeseen circumstances. We will provide updates on our website and via internal communication channels as soon as possible.

Thank you for your continued support.

Facilities Management Team",Public Administrative,PUBLIC,generated,staff car park maintenance notice
"NOTICE TO ALL STAFF AND VISITORS

The hospital administration has scheduled maintenance for the staff car park on Saturday, 18th March 2023, from 9:00 AM to 5:00 PM. During this time, the following works will be carried out:

- Resurfacing of the entire car park
- Replacement of worn-out signage and lighting fixtures
- Cleaning and maintenance of drainage systems

The staff car park will be closed during these hours, and all vehicles should be removed by 8:30 AM on the day. A clear pathway will be available for emergency services only.

Staff members are advised to consider alternative transportation arrangements for this date, such as public transport or telecommuting options. The hospital administration will make every effort to minimize disruptions to normal working hours.

The maintenance work is necessary to ensure the safety and accessibility of the staff car park for all users. We appreciate your cooperation and understanding in this matter.

In preparation for the works, the following facilities will be temporarily closed:

- Car park toilets
- Parking attendants

If you have any concerns or require further information, please contact the facilities department at [insert general phone number] during normal working hours.

We thank you for your patience and cooperation, and we look forward to completing these essential maintenance works as soon as possible.",Public Administrative,PUBLIC,generated,staff car park maintenance notice
"NOTICE TO ALL STAFF

As part of our ongoing commitment to maintaining a safe and efficient car park, we are writing to inform you that the following maintenance works will be carried out on [Date] between 0800 hours and 1800 hours.

The car park will be closed for approximately six weeks during this period, with access restricted to designated personnel only. Alternative parking arrangements have been made for staff members who require parking during this time.

Please note that all vehicles parked in the car park after the scheduled closure date may be subject to removal or fines. We kindly request that you make alternative arrangements for your vehicle during this period.

The following areas of the car park will be affected by the maintenance works:

* Parking spaces 1-10
* Access road to the car park
* Waste disposal facilities

A designated staff car park will be available on [Alternative Location] from [Date]. This facility is equipped with CCTV monitoring and secure parking arrangements.

We apologize for any inconvenience this may cause and appreciate your understanding and cooperation in allowing us to complete these essential works. If you have any queries or concerns, please contact the Estates Department on [Phone Number] or [Email Address].

Thank you for your continued support and cooperation.

Sincerely,
[Name]
Estate Management Team",Public Administrative,PUBLIC,generated,staff car park maintenance notice
"NOTICE TO ALL STAFF AND VISITORS

Car Park Maintenance Notice - Week of 12th March to 16th March

As part of our ongoing commitment to maintaining the facilities, we are undertaking scheduled car park maintenance work during the week of 12th March to 16th March. During this period, you can expect to find one or more designated car parks closed due to resurfacing, repairs, and other necessary upgrades.

The affected areas will be clearly signposted with alternative parking arrangements available at nearby locations. We kindly request that all staff members and visitors park in designated car parks to avoid inconvenience and minimize disruptions to our operations.

Please note the following key dates and times:

- Monday 12th March: Car park 1 (East Wing) will be closed for resurfacing from 8am to 5pm.
- Tuesday 13th March: Car park 3 (North Wing) will be closed for repairs from 9am to 4pm.
- Wednesday 14th March: Alternative parking arrangements will be available at the staff car park adjacent to Building A, starting at 6am.
- Thursday 15th March: Car park 2 (Central Wing) will be closed for maintenance from 10am to 3pm.

We apologize for any inconvenience this may cause and appreciate your understanding as we work to improve our facilities. If you have any questions or concerns, please do not hesitate to contact the Facilities Management team on [insert phone number or email].

Thank you for your cooperation and understanding in this matter.

Sincerely,
Facilities Management Team",Public Administrative,PUBLIC,generated,staff car park maintenance notice
"NOTICE OF STAFF CAR PARK MAINTENANCE SCHEDULE

As part of our ongoing efforts to ensure the maintenance and upkeep of our hospital's facilities, we are writing to inform staff that the car park will be undergoing scheduled maintenance on the following dates:

Date: Monday 18th March
Time: 08:00 - 16:00
Location: Staff Car Park

During this period, the following works will take place:

* Resurfacing of the car park surface to ensure even and smooth driving conditions
* Repair of damaged asphalt and concrete
* Installation of new road markings and signage
* Power washing of the car park surfaces to remove dirt and debris

To minimize disruption to staff, we recommend that you plan your daily commute in advance. Please note that access to the car park may be restricted on the day of the works.

Alternative arrangements have been made for staff members who rely on the car park for their daily travel. If you are one of these staff members and require assistance, please contact the facilities management team on 01234 567890 or via the hospital's intranet portal.

We apologize for any inconvenience this may cause and appreciate your patience and understanding as we work to improve the overall condition of our car park facilities.

If you have any questions or concerns regarding the maintenance schedule, please do not hesitate to contact us. We are committed to ensuring that our staff have a safe and efficient working environment.

Thank you for your cooperation and support.

Sincerely,
Facilities Management Team",Public Administrative,PUBLIC,generated,staff car park maintenance notice
"NOTICE TO STAFF - CAR PARK MAINTENANCE WORKS

As part of our ongoing efforts to maintain a safe and efficient working environment, we will be carrying out car park maintenance works on [Date] from 0800 hours until 1800 hours.

The following areas of the car park will be affected:

* Section A: The parking bays designated for disabled staff members will be resurfaced and repainted.
* Section B: The drainage system will be inspected, cleaned and repaired where necessary to prevent water accumulation.
* Section C: The pedestrian crossing area will be marked with new signage and the existing surface will be sealed.

During this time, we kindly request that all staff park in designated overflow car parks (identified by blue signs) until the works are completed. This will help minimize disruption to normal parking arrangements and prevent any damage to the car park surfaces.

The maintenance team will do their best to complete the works as quickly and efficiently as possible while ensuring safety standards are maintained at all times. We apologize for any inconvenience this may cause and appreciate your cooperation during this time.

If you have any questions or concerns regarding the car park maintenance works, please contact the facilities management team on [phone number] or [email address].

We will provide updates on the progress of the works via our hospital's internal communication channels.

Thank you for your understanding and cooperation.

Sincerely,
[Facilities Management Team]",Public Administrative,PUBLIC,generated,staff car park maintenance notice
"NOTICE TO ALL STAFF

As part of our ongoing efforts to maintain a safe and efficient car park, we will be implementing the following maintenance works:

The car park will be closed for one day on Saturday, 17th March, from 9am to 5pm for surface dressing and resurfacing. During this time, all parking bays will be clearly marked with signs indicating the closure.

Additionally, the following facilities will also be unavailable during this period:

* Disabled parking bays will be closed due to ongoing repairs
* Electric car charging points will be taken offline for maintenance

In order to minimize disruption, we recommend that staff park in the alternative car park located on the opposite side of the hospital. Please note that this car park is subject to its own set of rules and regulations regarding parking times and restrictions.

Please check with the car park attendants or the hospital's website for up-to-date information on car park availability and any other relevant details.

To ensure your safety, please follow all road signs and instructions from the car park attendants. We apologize for any inconvenience this may cause and appreciate your cooperation in maintaining a safe and efficient environment for everyone.

If you have any queries or concerns regarding the car park maintenance works, please contact the facilities team on 01234 567890 (option 2) or via email at [facilitiesteam@hospital NHS.net](mailto:facilitiesteam@hospital.nhs.net).

Thank you for your understanding and cooperation.

Sincerely,
[Facilities Team]",Public Administrative,PUBLIC,generated,staff car park maintenance notice
"NOTICE TO ALL STAFF

As part of our ongoing efforts to maintain a safe and efficient car park, we would like to inform you that the following areas will be closed for maintenance and repair on the 15th and 16th of February.

The following areas will be affected:

* Zone A: Paving and resurfacing works
* Zone C: Drainage system repairs and upgrade

During this period, please note that access to these zones will be restricted, and staff are advised to park in designated alternative areas. Signage will be clearly displayed to indicate the location of available parking spaces.

To minimize disruption, we recommend that you plan your journeys accordingly and allow extra time for travel. Our facilities team will work diligently to complete the necessary works as quickly as possible.

We would like to thank you in advance for your understanding and cooperation during this time. If you have any concerns or questions regarding car park access, please do not hesitate to contact our facilities team on 01234 567890.

The maintenance period is expected to last approximately 48 hours, and we anticipate that the car park will be fully operational by the afternoon of the 17th February.

If you require assistance with alternative parking arrangements or have any specific needs, please notify the facilities team in advance so that we can make necessary arrangements.

Thank you for your patience and cooperation.

Sincerely,
Facilities Team",Public Administrative,PUBLIC,generated,staff car park maintenance notice
"NOTICE: Staff Car Park Maintenance

As part of our ongoing commitment to maintaining a safe and efficient car park environment, we are undertaking a series of maintenance works during the coming weeks.

From Monday 20th February to Friday 24th February, the following areas of the car park will be closed for essential repairs:

* The parking bay designated for visitor cars on Level 3
* The designated staff parking area near the entrance to Building A

Additionally, our contractors will be resurfacing the entire car park surface to improve traction and reduce wear and tear. This work is expected to commence on Monday 27th February and is anticipated to be completed by Friday 3rd March.

Please note that alternative parking arrangements have been made for staff who rely on these areas. A designated area near the main entrance has been allocated for staff use during this time.

To minimize disruption, we recommend planning your daily commute in advance and allowing extra time to locate a suitable parking space. Our car park attendants will be on hand to assist with any queries or concerns.

We apologize for any inconvenience this work may cause and appreciate your understanding as we invest in the upkeep of our facilities.

If you have any questions or concerns, please do not hesitate to contact our Facilities Management team on extension 1234.

Thank you for your cooperation and patience during this time.

Sincerely,
Facilities Management Team",Public Administrative,PUBLIC,generated,staff car park maintenance notice
"NOTICE OF STAFF CAR PARK MAINTENANCE SCHEDULE

In order to maintain a safe and efficient car park for all hospital staff, we will be carrying out regular maintenance work on the following dates:

* Saturday, 1st April 2023: Road markings and signage to be resurfaced
* Monday, 17th April 2023: Asphalt repair works to be carried out on Car Park A
* Wednesday, 26th April 2023: Parking sensors and lights to be inspected and replaced as necessary

The car park will be closed during these dates, and staff are advised to use the designated car parks for each department. Alternative arrangements will be made for those staff members who require access to their cars during this time.

To minimize disruption, we kindly request that all staff take necessary precautions when using alternative parking facilities:

* Park in designated areas only
* Follow all traffic signs and instructions from hospital security personnel
* Report any concerns or issues with the car park to the relevant maintenance team

The maintenance work will be carried out between 9pm and 5am to minimize disruption to normal working hours. We apologize for any inconvenience this may cause and appreciate your cooperation in this matter.

If you have any questions or concerns regarding the car park maintenance schedule, please contact the Facilities Management department at [insert contact details].

Thank you for your understanding and cooperation.

Sincerely,
[Facilities Manager's Name]
Facilities Management Department",Public Administrative,PUBLIC,generated,staff car park maintenance notice
"NOTICE TO ALL STAFF AND VISITORS OF [HOSPITAL NAME]

As part of our ongoing commitment to providing a safe and efficient environment for all users, we are undertaking routine maintenance and repairs to the staff car park facilities.

From [DATE] to [DATE], the following areas of the car park will be closed:

- All bays on Level 3
- The area between Bay 12 and Bay 13 on Level 2

This closure is necessary to ensure that the structural integrity and safety features of the car park are maintained. Our maintenance team will work diligently to complete the repairs as quickly as possible, minimizing disruptions to staff and visitors.

During this time, alternative parking arrangements have been made available for those who rely on the closed areas:

- Designated parking bays marked with signs near the main hospital entrance
- Overflow parking areas at the nearby public car parks (accessed via [ADDRESS])

Staff are reminded to park in designated visitor or staff parking areas and to respect any temporary signs indicating closure.

We apologize for any inconvenience this may cause and appreciate your understanding and cooperation as we complete these essential maintenance tasks. If you have any questions or concerns, please do not hesitate to contact the Facilities Management team on [CONTACT INFORMATION].

We thank you for your continued support and look forward to welcoming you back to our facilities once the work is complete.

Sincerely,
[Facilities Management Team]",Public Administrative,PUBLIC,generated,staff car park maintenance notice
"NOTICE TO PATIENTS AND VISITORS

As part of our commitment to ensuring a safe and healthy environment for all, we have established specific visiting hours at our hospital. These guidelines are designed to balance patient needs with the need for a peaceful and focused care environment.

Visiting hours will be as follows:

* Monday through Friday: 12:00 pm - 3:30 pm and 6:30 pm - 8:30 pm
* Saturday and Sunday: 10:00 am - 2:00 pm and 5:00 pm - 7:00 pm

We kindly request that all visitors adhere to these designated hours. Patients who require extended periods of care may have visiting hours adjusted on a case-by-case basis.

Please note that we prioritize family members and caregivers for patients with end-of-life situations or those requiring ongoing care outside of regular visiting hours. We will notify families in advance if a patient's condition requires adjustments to their visiting schedule.

For your convenience, we offer the following accommodations:

* Wheelchair accessibility throughout the hospital
* Parking facilities available near main entrances
* Complimentary Wi-Fi access for visitors
* On-site café and vending machines

We appreciate your understanding and cooperation in adhering to these visiting hours. If you have any questions or concerns, please do not hesitate to contact our Patient Relations department.

Thank you for choosing [Hospital Name] as your healthcare partner.

Sincerely,
[ Hospital Administration ]",Public Administrative,PUBLIC,generated,hospital visiting hours notice
"TO ALL VISITORS AND GUESTS OF OUR HOSPITAL

As part of our commitment to ensuring a safe and respectful environment for all patients, families, and staff, we have established visiting hours policies.

Visiting hours are in place to protect patient privacy, promote healing, and minimize distractions. The following guidelines apply to all visitors:

- General visiting hours: 7:00 am to 9:00 pm daily
- Patient rooms are private and individualized; please respect the space of others during visits
- Visitors with mobility impairments or disabilities should inform hospital staff in advance to ensure accommodations can be made

The following restrictions apply:

- Unaccompanied minors under the age of 16 are not permitted on hospital grounds
- Children under the age of 12 must be accompanied by an adult at all times
- Pets, service animals, and emotional support animals are not permitted with exception for approved patients and their families
- Photography or video recording is only allowed in designated areas

We kindly request that you respect these guidelines to help us maintain a comfortable environment for everyone.

Please note that hospital policies and visiting hours may change. Updates will be communicated through our website, social media channels, and patient communication systems.

If you have any questions or concerns about our visiting hours policy, please do not hesitate to reach out to our hospital administration office.

Thank you for your understanding and cooperation in promoting a healthy environment within our community.

Sincerely,
Hospital Administration",Public Administrative,PUBLIC,generated,hospital visiting hours notice
"NOTICE TO VISITORS AND GUESTS

As part of our efforts to maintain a clean, safe, and respectful environment for all patients and visitors, we are implementing new visiting hours policies. These measures are designed to minimize disruptions to patient care and promote a peaceful atmosphere within the hospital.

**General Visiting Hours:**

* The hospital is open to visitors on weekdays from 2:00 PM to 4:00 PM and on weekends from 12:00 PM to 3:00 PM.
* Visitors are kindly requested to arrive at least 30 minutes prior to their scheduled visit time to allow for security screening and check-in.

**Restricted Visiting Hours:**

* Patients who require extended care or have complex treatment plans may be restricted from receiving visitors during peak hours (8:00 AM - 12:00 PM and 4:00 PM - 6:00 PM).
* Visitors are not permitted in patient rooms during these times, except in cases where prior arrangements have been made with hospital staff.

**Special Considerations:**

* Family members and caregivers of patients who require ongoing care or support may be allowed to visit at any time, but must provide identification and proof of relationship.
* Hospital staff reserve the right to limit or deny visits if deemed necessary for patient well-being or facility operations.

We appreciate your cooperation and understanding in adhering to these visiting hours policies. If you have any questions or concerns, please contact our hospital administration office during regular business hours.",Public Administrative,PUBLIC,generated,hospital visiting hours notice
"NOTICE OF VISITING HOURS POLICY

The hospital is committed to providing a safe and respectful environment for all patients, visitors, and staff. In order to maintain this environment, we have established visiting hours policies that are designed to protect the health and safety of all individuals involved.

Effective [Date], our hospital will observe the following visiting hours:

Monday through Friday: 12:00 pm - 4:00 pm

Visiting hours on weekends and holidays will be limited to immediate family members only, with prior approval from the patient's care team. This is in place to ensure that patients receive uninterrupted rest and recovery time.

All visitors are required to arrive at least 30 minutes prior to their scheduled visitation time to complete registration and screening processes. This includes providing identification and answering any questions regarding your relationship to the patient and purpose of visitation.

Visitors with disabilities or special needs should contact our hospital's Admissions department in advance to make necessary arrangements. We will provide reasonable accommodations to ensure that all visitors have a safe and accessible experience.

Visiting hours may be adjusted during periods of high patient volume, emergency situations, or other extraordinary circumstances. Patients with critical care requirements may also have restricted visiting hours due to noise sensitivity or other safety concerns.

We appreciate your understanding in adhering to our visiting hours policies. If you have any questions or concerns regarding our visiting hours policy, please do not hesitate to contact our hospital's Admissions department at [Phone Number] or [Email Address].",Public Administrative,PUBLIC,generated,hospital visiting hours notice
"NOTICE OF HOSPITAL VISITING HOURS POLICY

The hospital administration would like to remind all visitors of the visiting hours policy in effect at our institution. In order to ensure a smooth and efficient patient care experience, we kindly request that you adhere to the following guidelines:

Visiting Hours: Monday - Friday, 9:00 am - 4:00 pm; Weekends and Holidays, 10:00 am - 2:00 pm

All visitors must arrive at least 15 minutes prior to their scheduled visiting time. Please note that all visitors, including children and family members of patients who are not admitted for treatment, are required to report to the patient's room before entering.

Exceptions to these hours will be made only in exceptional circumstances, with prior approval from the hospital administration. These may include:

- Family members or caregivers accompanying patients undergoing surgical procedures
- Patients' spouses or partners staying overnight as approved by the hospital

All visitors must comply with hospital rules and regulations, including wearing identification badges and following posted signs.

We kindly request that you refrain from bringing food, flowers, or other gifts to patient rooms. These items may pose a tripping hazard or create an unnecessary distraction for our healthcare staff.

Please note that all electronic devices, including cameras and smartphones, must be set to silent mode during visiting hours.

If you are unsure about your visitation status or have any questions regarding the hospital's policies, please contact our Admissions Department at (phone number).

Thank you for your cooperation and understanding in helping us maintain a safe and respectful environment for all patients and visitors.",Public Administrative,PUBLIC,generated,hospital visiting hours notice
"NOTICE OF VISITING HOURS POLICY

The Hospital Administration would like to remind all visitors of our visiting hours policy, which is in effect as follows:

Monday - Friday: 7:00 am - 8:00 pm
Saturday and Sunday: 9:00 am - 6:00 pm

Please note that these hours are subject to change without prior notice. We recommend checking our hospital's website or contacting the main switchboard for the most up-to-date information.

Visitors are asked to arrive at least 15 minutes prior to their scheduled visit time to complete any necessary check-in procedures. Please be aware that some areas of the hospital, such as operating rooms and isolation units, may have restricted visiting hours due to patient safety and infection control protocols.

Children under the age of 18 must be accompanied by an adult visitor at all times. We also ask that children under 5 years old be kept out of patient rooms to ensure a safe and healthy environment for our patients.

Food and drinks are not permitted in patient rooms or common areas, with some exceptions for family members attending end-of-life visits. Smoking is prohibited throughout the hospital grounds.

We appreciate your understanding and cooperation in adhering to this visiting hours policy, which helps us maintain a clean and safe environment for all our patients and staff.

If you have any questions or concerns regarding our visiting hours policy, please do not hesitate to contact our main switchboard at (phone number).",Public Administrative,PUBLIC,generated,hospital visiting hours notice
"NOTICE OF VISITING HOURS POLICY

As part of our commitment to providing a safe and respectful environment for all patients, visitors, and staff, we are implementing a visiting hours policy.

Visiting hours will be from 11:00 AM to 2:00 PM and 5:00 PM to 7:00 PM, Monday through Friday. On weekends and holidays, visiting hours will be limited to immediate family members only, from 10:00 AM to 12:00 PM and 3:00 PM to 5:00 PM.

We kindly request that all visitors adhere to the following guidelines:

- All visitors must check in at the designated visitor's area before entering patient rooms.
- Visitors are required to remain with their designated patient at all times, except for scheduled breaks for meals or refreshments.
- Mobile phones and electronic devices should be silenced during visiting hours to minimize disruptions.
- Food and drink items brought into patient rooms must be in original packaging and consumed in the designated eating area.

We reserve the right to adjust or modify this policy as needed. In cases of extreme weather conditions, natural disasters, or hospital-wide events, visiting hours may be restricted or canceled without notice.

Patients have the right to designate a single visitor or no visitors at all. If you require assistance with finding a visitor-friendly room or would like to request accommodations for your visit, please contact our Patient Relations department.

We appreciate your understanding and cooperation in maintaining a safe and respectful environment for all hospital patients and staff.",Public Administrative,PUBLIC,generated,hospital visiting hours notice
"NOTICE TO VISITORS AND GUESTS

The hospital is committed to providing a safe and comfortable environment for all patients, visitors, and staff. In order to ensure this, we have established visiting hours that must be observed by all.

Visiting hours are as follows:

* Monday through Friday: 7:00 AM to 8:30 PM
* Saturday and Sunday: 9:00 AM to 5:00 PM

Please note that these hours apply to the main hospital campus. If you are visiting a patient in one of our satellite facilities, please check with the facility staff for their specific visiting hours.

We kindly request that all visitors arrive at least 15 minutes prior to the scheduled visitation time to allow for security screening and checking-in procedures.

Electronic devices, including cell phones and cameras, must be turned off or silenced during hospital visits. No food or drink is permitted in patient rooms except with prior permission from hospital staff.

We appreciate your cooperation and understanding in adhering to these visiting hours and guidelines. Our goal is to minimize disruptions to patient care while still allowing for emotional support and visitation.

Please report any concerns or questions regarding visiting hours or policies to our security desk or customer service department.

Thank you for your understanding and support.

Sincerely,
Hospital Administrative Team",Public Administrative,PUBLIC,generated,hospital visiting hours notice
"To ensure a smooth and safe experience for all visitors, we would like to inform you of our hospital visiting hours policy.

Visiting Hours:

* General Visitors: Monday through Friday, 7:00 am - 7:00 pm; Saturday and Sunday, 9:00 am - 5:00 pm
* Childcare Services (for children under the age of 12): Monday through Friday, 8:00 am - 6:00 pm; Saturday and Sunday, 10:00 am - 4:00 pm

Restrictions:

* No visitors are allowed during peak patient volume hours (3:00 pm - 5:00 pm) on weekdays.
* The hospital reserves the right to adjust or modify visiting hours at any time due to patient care requirements.

Guidelines for Visitors:

* Please arrive on time and be prepared to provide identification before entering the patient's room.
* Visitors are expected to respect patients' rest periods (usually between 2:00 pm - 4:00 pm).
* Food, drinks, or other items should not be brought into patient rooms due to infection control concerns.

Exceptions:

* Family members of pediatric patients under the age of 12 may visit at any time.
* Spouses and domestic partners are allowed to stay overnight in hospital guest rooms with prior approval from the patient's care team.

We appreciate your cooperation and understanding in maintaining a safe and respectful environment for all visitors. If you have any questions or concerns, please contact our Visitor Services department at (555) 123-4567 or visit our website at [www.hospitalwebsite.com](http://www.hospitalwebsite.com).",Public Administrative,PUBLIC,generated,hospital visiting hours notice
"NOTICE TO VISITORS AND PATIENTS RESPECTING HOSPITAL VISITATION POLICIES

As we strive to maintain a comfortable and safe environment for all patients, visitors, and staff, we would like to take this opportunity to remind everyone of our hospital's visiting hours policies.

**General Visitation Guidelines**

Visitors are welcome during the following hours:

- Monday through Friday: 10:00 AM - 8:00 PM
- Weekends and holidays: 9:00 AM - 7:00 PM

We encourage visitors to arrive at least 30 minutes prior to their scheduled visit time to complete any necessary paperwork.

**Patient Accommodation**

Visitors are not permitted in patient rooms during peak hours (12:00 PM - 3:00 PM) and may be asked to wait in designated waiting areas. We kindly request that you refrain from visiting patients during these times, as this allows our staff to focus on providing care to those who need it most.

**Special Considerations**

We understand that special arrangements may need to be made for certain situations, such as family members accompanying a patient on discharge or end-of-life visits. Please notify hospital staff in advance so we can accommodate your needs.

**Respect and Consideration**

Your understanding and cooperation are greatly appreciated as we strive to maintain the high standards of care and safety that our patients deserve.

If you have any questions or concerns regarding visiting hours, please do not hesitate to reach out to our hospital's administration office.

We appreciate your patience, understanding, and support during this time.

Sincerely,
[Hospital Administration]",Public Administrative,PUBLIC,generated,hospital visiting hours notice
"NOTICE TO HOSPITAL VISITORS

As part of our hospital's efforts to maintain a safe and respectful environment for all patients, visitors, and staff, we would like to remind everyone of our visiting hours policy.

Visiting hours are limited to 8am to 8pm daily. We encourage all visitors to plan their visits accordingly to ensure that they do not interrupt patient care activities or compromise the continuity of treatment.

Please note that children under the age of 16 must be accompanied by an adult at all times during a hospital visit. Children between the ages of 6 and 12 are permitted to visit without an adult, but parents or guardians are still responsible for their supervision and behavior.

Visitors are required to arrive on time for scheduled appointments and may not enter patient rooms before the scheduled start time. Waiting areas will be designated for visitors who cannot see a patient during their scheduled appointment.

To ensure a smooth and respectful experience for all patients, we kindly request that visitors refrain from:

* Bringing food or drinks into patient rooms
* Using electronic devices with notifications in patient areas
* Taking photographs of patients without permission from the patient's primary caregiver

We appreciate your cooperation and understanding in maintaining a comfortable and distraction-free environment for our patients. If you have any questions or concerns regarding visiting hours, please contact our visitor services department.

Thank you for your support and respect for our patients' needs.",Public Administrative,PUBLIC,generated,hospital visiting hours notice
"Noticing Period for Visitor Accommodation at Our Hospital

In order to guarantee patient comfort and safety, we have established certain visiting hours that must be observed.

Visitors are allowed to visit patients during the following times:

Monday to Friday: 7:00 AM - 8:30 PM
Saturday and Sunday: 9:00 AM - 6:00 PM

Please note that patients who require a quiet environment due to ongoing treatments may request limited visiting hours. In these situations, visitors will be asked to adhere to the specified visiting times.

Visiting periods exceeding three consecutive hours are not permitted for each patient. We kindly request that visitors refrain from staying overnight or extending their stay beyond the designated visiting hours.

We appreciate your cooperation in maintaining a respectful and safe environment for all patients, staff, and visitors within our facility. The hospital administration reserves the right to adjust visiting times as needed.

We encourage you to allow yourself sufficient time to navigate our building and locate patient rooms before arriving at your scheduled visitation time. Visitors with mobility impairments may be provided with assistance or accommodations during their visit.

If you have any questions regarding our visiting hours policy, please feel free to reach out to our hospital's visitor services department.",Public Administrative,PUBLIC,generated,hospital visiting hours notice
"NOTICE OF VISITING HOURS POLICY

As part of our commitment to providing a safe and respectful environment for all patients, families, and visitors, we have established visiting hours policies to ensure optimal care and minimize disruptions to patient care.

Visiting hours are as follows:

* Monday - Friday: 7:00 am to 8:00 pm
* Saturday and Sunday: 9:00 am to 5:00 pm

All visitors must be at least 12 years old, unless accompanied by a parent or guardian. Please note that all visitors, including children, are required to wear identification badges at all times.

Visiting hours for the following patient groups may vary:

* Pediatric patients: 2-4 pm daily
* Post-surgery patients: 3-5 pm daily
* Intensive care unit patients: 11 am - 3 pm daily (with advance notice)

We kindly request that visitors respect these visiting hour restrictions to ensure our staff can provide uninterrupted care. We also ask that all visitors refrain from bringing food, flowers, or other gifts into patient rooms.

Exceptions to these policies may be made in cases of family emergencies or special circumstances. Please contact the hospital's switchboard to make arrangements prior to your visit.

We appreciate your understanding and cooperation in helping us maintain a safe and respectful environment for our patients and staff. If you have any questions or concerns, please do not hesitate to reach out to our customer service team.",Public Administrative,PUBLIC,generated,hospital visiting hours notice
"NOTICE OF VISITING HOURS POLICY

As part of our commitment to providing a safe and respectful environment for all patients, families, and visitors, we are reminded that all hospital areas, including patient rooms, treatment units, and public spaces, are subject to visiting hours.

Visiting hours for the Hospital will be as follows:

* Adult patients (18 years and older): 7:00 am - 8:00 pm daily
* Pediatric patients (under 18 years): 2:00 pm - 6:00 pm daily

Please note that all visitors must be at least 12 years old to accompany an adult patient. Children under the age of 12 are not permitted in patient rooms or treatment areas.

Patients in critical care units, intensive care units, and operating rooms will have restricted visiting hours. These areas will be designated by hospital staff and communicated to patients and their families.

We kindly request that all visitors respect these visiting hours and regulations. Visitors who fail to adhere to these policies may be asked to leave the premises or wait until visiting hours resume.

Visiting hours for patients in psychiatric units are subject to individual unit policy, as these areas are designed to provide a quiet and peaceful environment. We will communicate specific visiting hour restrictions with patients and their families upon admission.

We appreciate your cooperation and understanding in helping us maintain a safe and respectful environment for all patients and staff.",Public Administrative,PUBLIC,generated,hospital visiting hours notice
"NOTICE OF HOSPITAL VISITING HOURS

The hospital is committed to providing a safe and supportive environment for all patients, visitors, and staff. As part of our efforts to maintain patient confidentiality and respect their right to privacy, we have established the following visiting hours policy:

**Visiting Hours**

* Patients may receive visits from family members and friends during the following hours:
 + 7:00 AM - 8:00 PM (Monday through Friday)
 + 9:00 AM - 5:00 PM (Saturday and Sunday)

Please note that these hours are subject to change due to hospital events, emergencies, or other unforeseen circumstances.

**Visiting Restrictions**

* Children under the age of 18 must be accompanied by an adult at all times.
* Patients who are in a critical care unit or intensive care unit may have restricted visiting hours due to their condition and need for quiet environment.
* Visitors with contagious illnesses, such as colds or flu, are asked to stay home to prevent the spread of infection.

**Guidelines for Visiting**

* Please arrive at least 15 minutes prior to your scheduled visit time to check in and go through security screening.
* Respect patient confidentiality by refraining from discussing personal matters or sharing information about a patient's condition with others.
* Use the patient room's communication system to communicate with patients who are unable to receive visitors.

**Exceptions**

* Patients with special needs or accommodations may have varying visiting hours. Please contact our social work department for further guidance.
* Hospital staff, including physicians and nurses, are available 24/7 to provide care and support to patients.

We appreciate your understanding and cooperation in maintaining a safe and respectful environment for all patients and visitors.

Sincerely,
[Hospital Name] Administrative Team",Public Administrative,PUBLIC,generated,hospital visiting hours notice
"NOTICE OF VISITING HOURS AND POLICIES

As part of our commitment to ensure a safe and respectful environment for all patients, families, and visitors, we are pleased to announce the following visiting hours and policies:

Visiting Hours:
- Monday to Friday: 2:00 PM - 4:00 PM and 6:00 PM - 8:00 PM
- Saturday and Sunday: 10:00 AM - 12:00 PM and 2:00 PM - 4:00 PM

We kindly request that all visitors arrive at least 15 minutes prior to their scheduled visiting hours to ensure a smooth check-in process.

Visiting Policies:

- Children under the age of 18 must be accompanied by an adult at all times.
- Patients with open wounds or skin infections are not permitted visitors.
- Electronic devices, including phones and cameras, are not allowed in patient rooms for security and infection control purposes.
- Food and drink are only permitted in designated areas outside of patient rooms.
- Smoking is strictly prohibited within hospital premises.

We understand that occasional exceptions may be necessary. If you have a special request or circumstance, please notify our nursing staff in advance to make arrangements.

We appreciate your understanding and cooperation in helping us maintain a safe and respectful environment for all patients and visitors. If you have any questions or concerns, please do not hesitate to contact our patient advocacy department at [phone number] or [email address].

Thank you for your support.

Sincerely,
[Hospital Name]
Patient and Family Services",Public Administrative,PUBLIC,generated,hospital visiting hours notice
"Noticing that hospital visits can impact patient recovery, we are informing visitors of our current visiting hours policy.

To ensure a smooth and stress-free environment for all patients, we kindly request that you adhere to the following guidelines:

Visiting Hours:
- weekdays (Monday - Friday): 10:00 am - 4:00 pm
- weekends (Saturday and Sunday): 11:00 am - 3:00 pm

Children under the age of 12 should be accompanied by an adult at all times during hospital visits.

For patients with acute illnesses, please note that brief visits are recommended to minimize stress and prevent complications. We appreciate your understanding in this matter.

Family members or friends may visit for emotional support; however, please refrain from engaging in conversation about the patient's condition unless asked by hospital staff.

Visitors who have been in contact with anyone who is ill must postpone their visit until they have received clearance from hospital staff.

All visitors are required to:

- Wear appropriate attire
- Keep personal belongings secure and out of sight
- Follow all instructions provided by hospital staff

We appreciate your cooperation and understanding as we strive to provide the best possible care for our patients.",Public Administrative,PUBLIC,generated,hospital visiting hours notice
"NOTICE OF HOSPITAL VISITING HOURS POLICY

The hospital administration would like to inform all visitors of our visiting hours policy in order to ensure a smooth and safe experience for both visitors and patients.

Visiting hours are from 7:00 AM to 8:00 PM, seven days a week. We encourage visitors to arrive during these hours to minimize disruptions to patient care activities.

Please note that the following exceptions apply:

* Family members of pediatric patients may visit during late afternoon hours, between 3:00 PM and 5:00 PM.
* Visitors for end-of-life situations or bereavement support are permitted at any time.
* Guests of patients on hospice care may visit at designated times, which will be communicated to them by hospital staff.

We kindly request that visitors:

* Arrive at the patient's bedside before their scheduled visit time
* Be accompanied by a licensed visitor during all visits
* Refrain from bringing food or flowers into patient rooms, except with prior approval from hospital administration
* Respect patient confidentiality and avoid discussing sensitive information in common areas

To ensure compliance with our visiting hours policy, visitors are asked to:

* Sign-in at the designated reception area upon arrival
* Provide a valid government-issued ID for entry
* Adhere to all posted signs and instructions

We appreciate your understanding and cooperation in maintaining a peaceful and respectful environment for all patients and visitors. If you have any questions or concerns about our visiting hours policy, please contact our hospital administration department.

Sincerely,
[ Hospital Administration Department ]",Public Administrative,PUBLIC,generated,hospital visiting hours notice
"NOTICE TO VISITORS AND GUESTS

As a precautionary measure to maintain patient confidentiality and protect the health of our patients, we have established visiting hours for hospital visitors. Please note that these guidelines are in place to ensure a safe and comfortable environment for all.

Visiting Hours:

* Monday to Friday: 2:00 PM - 4:00 PM
* Weekends: 12:00 PM - 3:00 PM

Please arrive on time for your scheduled visit, as we ask that you respect our patients' rest periods during the morning hours. Visits will be limited to 30 minutes per session to minimize disruptions and ensure adequate staffing.

We kindly request that visitors:

* Arrive at least 15 minutes prior to their scheduled visit
* Do not bring children under the age of 12, except for those with special needs as approved by hospital staff
* Refrain from bringing food or drinks into patient rooms
* Respect patients' wishes regarding photography and conversation

We appreciate your cooperation in adhering to these guidelines. If you have any questions or concerns, please direct them to our hospital customer service desk.

We strive to provide a welcoming environment for our patients and their families. Your understanding and support help us maintain this commitment.

Thank you for visiting with us during our designated hours. We look forward to serving you.

Hospital Administration",Public Administrative,PUBLIC,generated,hospital visiting hours notice
"To our Valued Patients and Families,

As part of our commitment to providing a welcoming and respectful environment for all visitors, we are writing to inform you of our hospital visiting hours policy.

We understand that visiting loved ones in the hospital can be an important way to show support and care. However, we also need to ensure that all patients have a safe and restful experience while they are in our care.

Visiting hours at our hospital are as follows:

* Adult patients: 10am - 8pm daily
* Pediatric patients (ages 18 and under): 12pm - 6pm daily

We kindly request that visitors adhere to the following guidelines:

* Visitors over the age of 16 must be accompanied by an adult.
* Children under the age of 12 should not visit patients in certain departments, such as surgery or intensive care.
* Mobile phones should be set to silent mode while in patient rooms or common areas.
* Food and drink are not allowed in patient rooms.

We also have designated quiet times during the day for patients who require rest. These times are:

* 2pm - 4pm daily

We appreciate your cooperation in following these visiting hours and guidelines. If you have any questions or concerns, please do not hesitate to ask our hospital staff.

Thank you for choosing our hospital as your healthcare partner.

Sincerely,
[ Hospital Administration ]",Public Administrative,PUBLIC,generated,hospital visiting hours notice
"NOTICE OF VISITING HOURS POLICY

The hospital reserves the right to modify this policy at any time. Please note that all visitors must adhere to these guidelines to ensure the health and safety of our patients, staff, and facilities.

Visiting hours are as follows:

- Adult patients: 7:00 AM - 9:00 PM daily
- Pediatric patients (ages 18 and under): 11:00 AM - 8:00 PM daily

All visitors are required to:

- Arrive at the designated visiting area prior to their scheduled visit time
- Wear identification badges provided by hospital staff during their visit
- Not bring unauthorized items, including food or gifts, into patient rooms
- Follow hospital rules and regulations, including those related to noise levels and phone use

Exempt from this policy are:

- Spouses/partners of patients with advanced medical conditions (as determined by hospital administration)
- Children under the age of 12 who require accompaniment for medical care
- Authorized staff members who have been specifically designated by hospital administration to be present during patient care

Visitors may not access patient rooms during the following times:

- During surgical procedures or other invasive treatments
- When patients are receiving chemotherapy or radiation therapy
- In areas where infection control is a priority, such as during outbreaks of contagious diseases

The hospital reserves the right to restrict visiting hours in emergency situations. Visitors who fail to comply with these policies may be asked to leave the premises.

Please note that this policy applies to all visitors, including family members, friends, and caregivers. If you have any questions or concerns regarding our visiting hours policy, please contact our patient services department.",Public Administrative,PUBLIC,generated,hospital visiting hours notice
"NOTICE OF VISITING HOURS POLICY

In accordance with our hospital's policies and procedures, we kindly request that visitors respect the designated visiting hours to ensure the comfort and safety of all patients.

Visiting hours are as follows:

- Adult Patients: 10:00 AM - 8:00 PM daily
- Pediatric Patients (under 18 years old): 2:00 PM - 6:00 PM daily

Please note that these hours are subject to change without notice, and visitors may be restricted during peak patient volumes or special events.

Visitors are expected to adhere to the following guidelines:

* Please arrive on time for scheduled visits
* Visitors must present identification at the nurse's station upon arrival
* Only designated family members and caregivers are permitted to visit patients
* No flowers, gifts, or other items will be allowed in patient rooms due to infection control concerns
* Mobile phones should be turned off or set to silent mode during visits

We appreciate your cooperation in maintaining a smooth and efficient environment for our patients. If you have any questions or concerns regarding visiting hours, please contact the hospital's customer service department.

Please note that visitors who fail to respect these guidelines may be asked to leave the premises or face further action. We prioritize the well-being of all patients and staff, and your understanding in this matter is greatly appreciated.

Thank you for your support.

Sincerely,
[ Hospital Administration ]",Public Administrative,PUBLIC,generated,hospital visiting hours notice
"NOTICE OF VISITING HOURS POLICY

The hospital is committed to providing a safe and efficient environment for patients, visitors, and staff. To ensure this goal is met, we have established the following visiting hours policy:

Visiting hours are limited to daytime visits only between 10:00 a.m. and 2:00 p.m., Monday through Friday. Evening and overnight visits are not permitted unless prior approval has been obtained from the patient's attending physician.

Family members or support persons of patients under 18 years of age may visit during designated visiting hours, but must be accompanied by an authorized adult at all times. Children under 12 years of age are not allowed to visit unless they are an immediate family member and have provided proof of parent or guardian consent.

Visiting hours for patients in the intensive care unit (ICU) and pediatric units may vary depending on individual patient needs. Patients admitted to these areas will be informed of specific visiting hours when they are admitted to the hospital.

In order to maintain a clean and safe environment, all visitors must follow the following guidelines:

- Wash your hands upon entering and leaving patient rooms
- Refrain from bringing food or drink into patient rooms
- Keep noise levels down to avoid disturbing patients

We kindly request that you respect these visiting hours and guidelines. If you have any questions or concerns regarding our visiting hours policy, please contact our Patient Relations department.

Thank you for your cooperation in helping us provide a safe and welcoming environment for all hospital visitors.",Public Administrative,PUBLIC,generated,hospital visiting hours notice
"NOTICE OF VISITING HOURS POLICY

In order to maintain a safe and efficient environment for all patients, visitors, and staff, our hospital has established visiting hours. These hours are in place to minimize disruptions to patient care and promote a restful environment.

Patients are allowed visits during the following hours:

- Monday through Friday: 10:00 am - 3:00 pm
- Saturday and Sunday: 12:00 pm - 5:00 pm

Visitors must be at least 16 years old and accompany an adult patient when possible. However, children under the age of 16 may visit without an accompanying adult during these designated hours.

We kindly request that visitors refrain from bringing large gifts or visiting during meal times to minimize disruptions to our patients' eating schedules.

We also ask that visitors respect the following guidelines:

- Visitors are not permitted in patient rooms when a patient is receiving chemotherapy, surgery, or other invasive treatments.
- Mobile phones should be silenced and kept on vibrate mode at all times.
- Food and drink are not allowed in patient areas unless specifically authorized by hospital staff.

We appreciate your cooperation and understanding in maintaining our patients' comfort and well-being. If you have any questions or concerns regarding visiting hours, please contact our hospital's main office during regular business hours.

Please note that these policies are subject to change, and it is the visitor's responsibility to stay informed about any updates.

Thank you for your support.

[Date]",Public Administrative,PUBLIC,generated,hospital visiting hours notice
"NOTICE OF HOSPITAL VISITING HOURS

In consideration of maintaining a safe and efficient environment for all patients, visitors, and staff, the following visiting hours policy is in effect:

Monday to Friday: 8:00 AM - 5:00 PM (Hospital Administration Offices)
7:00 AM - 3:30 PM (Patient Care Units)

On weekends and holidays, the hospital's main lobby will be open from 10:00 AM to 6:00 PM for visitors. Please note that some ancillary services or departments may have restricted hours.

Children under the age of 18 must be accompanied by an adult at all times while visiting the hospital. Small children (under the age of 5) are permitted in designated pediatric areas, but parents/guardians are required to remain with them at all times.

The following exceptions apply:

- Immediate family members of patients who require around-the-clock care will be accommodated outside of regular hours upon prior arrangement.
- Hospital staff and authorized personnel may have extended visiting hours as deemed necessary for their work requirements.
- Patients in acute distress or requiring urgent attention are permitted to receive visitors during their scheduled shifts.

Please respect the hospital's quiet hours policy (8:00 PM - 6:30 AM) to ensure patient comfort and rest. All visitors are asked to refrain from using cell phones, cameras, and video recording devices during their visit.

We appreciate your understanding and cooperation in maintaining a peaceful environment for all patients and staff at our hospital.",Public Administrative,PUBLIC,generated,hospital visiting hours notice
"Notice to Patients and Visitors regarding Hospital Visiting Hours

As part of our commitment to maintaining a safe and respectful environment for all patients, families, and visitors, we would like to inform you of the hospital's visiting hours policy.

Visiting hours are in place to ensure that patients receive adequate rest and recovery time. The following guidelines apply:

* Adult patients: 7:00 AM - 8:30 PM
* Pediatric patients (ages 0-12): 9:00 AM - 5:00 PM
* Neonatal patients (ages 0-30 days): 10:00 AM - 4:00 PM
* Intensive Care Unit (ICU) patients: 2:00 PM - 6:00 PM

Please note that visiting hours may be adjusted due to special events, facilities maintenance, or other unforeseen circumstances. We will make every effort to communicate any changes to our visitors in advance.

We kindly request that all visitors:

* Arrive no earlier than the designated start time for their scheduled visit
* Stay with the patient during designated visiting times only
* Refrain from bringing children under the age of 12, except for pediatric patients who require accompaniment
* Keep noise levels to a minimum and respect other patients' rest periods

We appreciate your understanding and cooperation in helping us maintain a peaceful and supportive environment for all our patients. If you have any questions or concerns regarding visiting hours, please contact our hospital's Patient Information Department at (phone number).

Thank you for your visit and support during this time.",Public Administrative,PUBLIC,generated,hospital visiting hours notice
"NOTICE OF VISITING HOURS

As part of our hospital's commitment to patient care and respect for our visitors' time, we have established the following visiting hours:

Monday - Friday: 7:00 am - 7:30 pm
Saturday and Sunday: 9:00 am - 5:00 pm

Please note that these hours are in effect throughout the hospital, including all departmental areas.

During peak periods, such as holidays and special events, we may adjust visiting hours to accommodate patient volume. We recommend checking our website or contacting the hospital's customer service team for the most up-to-date information.

We kindly request that visitors arrive at least 30 minutes prior to their scheduled appointment time to complete any necessary registration and paperwork.

The following individuals are allowed to visit patients during these designated hours:

* Family members
* Caregivers
* Friends
* Other authorized support persons

Please be advised that visitors with infectious diseases or other medical conditions may be subject to screening before entering the hospital. This is for the protection of all patients, staff, and visitors.

We appreciate your understanding in adhering to these visiting hours and guidelines. If you have any questions or concerns, please do not hesitate to contact our customer service team.

Thank you for your cooperation and support.

Sincerely,
[ Hospital Administration ]",Public Administrative,PUBLIC,generated,hospital visiting hours notice
"To: All Visitors

As part of our ongoing efforts to ensure a safe and healthy environment for all patients, visitors, and staff, we are implementing new visiting hours policies effective immediately.

**General Visiting Hours**

* Patients on the adult general medicine unit can have two designated visitors at any given time.
* Children under the age of 16 must be accompanied by an authorized adult visitor at all times.
* Visitors with disabilities or special needs should notify hospital staff in advance to ensure accommodations are made.

**Visiting Hours by Unit**

* Adult general medicine unit: 10am-8pm, Monday-Sunday
* Pediatric unit: 11am-7pm, Monday-Friday; 11am-6pm, Saturday and Sunday
* Maternity ward: 9am-5pm, Monday-Thursday; 9am-4pm, Friday and Saturday; 9am-3pm, Sunday

**Exceptions**

* Visitors with flu-like symptoms or a fever will be asked to leave the hospital until they are feeling better.
* Patients who require close monitoring due to their condition may have restricted visiting hours.

**Security Measures**

* All visitors must pass through security checkpoints before entering patient areas.
* Any unauthorized individuals attempting to visit patients without proper clearance will be denied entry and may face further action.

We appreciate your cooperation in adhering to these new visiting hours policies. If you have any questions or concerns, please contact our visitor services department.

Sincerely,
Hospital Administrative Team",Public Administrative,PUBLIC,generated,hospital visiting hours notice
"NOTICE TO VISITORS AND SUPPORTERS OF OUR HOSPITAL PATIENTS

In order to ensure a safe and comfortable environment for all visitors, patients, and staff, we would like to take this opportunity to remind everyone of our hospital's visiting hours policy.

Visiting hours are designed to balance the needs of our patients, families, and caregivers with the need to maintain a safe and respectful environment. We kindly request that all visitors adhere to the following guidelines:

- Patients are allowed one visitor at a time during visiting hours.
- Visitors must be 18 years of age or older.
- Children under 18 years of age are not permitted in patient areas unless they are an accompanying caregiver, who has provided their consent and identification (if required by hospital policy).
- Mobile phones should be set to silent mode while on the hospital premises, with exceptions made for emergency situations only.
- Food and drink may not be consumed in patient rooms or common areas.

During peak hours (7:00 am - 8:30 am and 4:00 pm - 6:00 pm), we limit visiting hours to one hour per room. Please plan your visit accordingly and be prepared for any necessary waiting time.
Exceptions to the above policy may be made in individual circumstances, such as end-of-life care or other critical situations, subject to the discretion of hospital staff.

We appreciate your cooperation and understanding in maintaining a respectful environment that allows us to provide high-quality patient care. If you have any questions regarding our visiting hours policy, please contact our customer service team at [insert general contact information].

Thank you for supporting our patients and their families during this time.

Sincerely,
[Your Hospital Name]",Public Administrative,PUBLIC,generated,hospital visiting hours notice
"NOTICE OF VISITING HOURS POLICY

In order to ensure that our patients receive the best possible care and maintain a safe and respectful environment for all visitors, we have established the following visiting hours policy:

The hospital is open to visitors from 7:00 am to 8:00 pm daily. We encourage families and friends of patients to visit during these hours to provide emotional support and companionship.

Please note that certain areas of the hospital, such as patient rooms, operating rooms, and radiology departments, are not available for public visitation due to infection control and confidentiality concerns.

We kindly request that visitors respect the following guidelines:

* Visitors must be accompanied by a registered guest at all times.
* No children under the age of 18 years old will be allowed in patient areas without prior approval from the hospital administration.
* Food, drink, and smoking are not permitted in patient rooms or public areas.
* Mobile phones should be set to silent mode and kept out of sight during visiting hours.

We appreciate your cooperation in adhering to this policy, which is designed to protect our patients' privacy and maintain a clean and safe environment for everyone. If you have any questions or concerns about our visiting hours policy, please do not hesitate to contact our hospital administration office.

Thank you for your understanding and support.

Sincerely,
Hospital Administration",Public Administrative,PUBLIC,generated,hospital visiting hours notice
"NOTICE OF VISITING HOURS POLICY

As part of our commitment to ensuring a safe and healthy environment for all patients, families, and visitors, we would like to remind everyone that specific visiting hours are in place at our hospital.

We understand that visits from loved ones can be an important source of emotional support and comfort during the recovery process. However, to maintain patient confidentiality, limit exposure to infectious agents, and ensure a smooth workflow for our healthcare teams, we have established the following visiting hours:

* Visitors are welcome during designated visiting hours:
 + Monday - Friday: 7:00 AM - 9:00 AM and 1:00 PM - 3:00 PM
 + Weekends: 10:00 AM - 12:00 PM and 2:00 PM - 4:00 PM
* All visitors must be accompanied by a patient at all times during their visit.
* Children under the age of 12 should not visit patients unless they are an immediate family member and can be reasonably accommodated in a private area to minimize disruption to the patient's environment.
* We kindly request that families and friends respect these visiting hours to avoid overcrowding and ensure the comfort of all patients.
* Please note that visits may be limited or restricted during peak periods, such as holidays or special events.

We appreciate your understanding and cooperation in adhering to our visiting hours policy. If you have any questions or concerns regarding visiting hours, please contact our Guest Services team at [insert phone number] or [insert email address].

Thank you for your support in maintaining a safe and healthy environment for all patients and visitors.",Public Administrative,PUBLIC,generated,hospital visiting hours notice
"To: All Family Members and Caregivers of Hospitalized Patients

From: Hospital Administration

Subject: Visiting Hours Notice

In order to ensure a smooth and safe experience for our patients, we would like to remind everyone of our visiting hours policy.

Visiting hours are in place to protect the privacy and comfort of our patients. We kindly request that family members and caregivers respect these hours when planning visits.

Monday - Friday: 7:00 AM - 8:00 PM
Saturday and Sunday: 9:00 AM - 6:00 PM

Please note that visiting hours may be adjusted due to patient care activities, medical procedures, or other hospital events. We will make every effort to inform visitors in advance of any changes.

Visitors are required to check-in at the designated visitor's area before entering the patient's room. This allows us to maintain accurate headcounts and ensure a safe environment for all patients.

We ask that you refrain from bringing food, flowers, or gifts into the hospital, as these can pose a risk to our patients' safety and infection control.

If you are experiencing any difficulties in visiting with your loved one, please contact our Patient Advocacy department at [insert phone number]. They will be happy to assist you.

Thank you for your cooperation and understanding in helping us maintain a safe and healthy environment for all our patients. We appreciate your support during this time.

Sincerely,
Hospital Administration",Public Administrative,PUBLIC,generated,hospital visiting hours notice
"NOTICE TO PATIENTS AND VISITORS

In accordance with hospital policies, we would like to inform patients and their visitors of our visiting hours schedule.

**Visiting Hours**

We understand that visits from family members and friends are an important part of the care and support process. However, we also need to ensure that all patients have adequate time for rest, recovery, and treatment.

For inpatient rooms:

* Visitors are permitted during designated visiting hours:
	+ Weekdays: 10:00 AM - 8:00 PM
	+ Weekends: 11:00 AM - 6:00 PM
* Please note that these times are subject to change due to hospital activities, procedures, or patient needs.

For outpatient department:

* Patients can visit their loved ones during the following hours:
	+ Monday to Friday: 8:00 AM - 5:00 PM
	+ Saturday and Sunday: 9:00 AM - 1:00 PM

**Exceptions**

Visiting hours may be restricted or prohibited in certain situations, such as:

* During surgical procedures or other invasive treatments
* When a patient is experiencing a flare-up of their condition or is at high risk for infection
* When hospital staff are providing specialized care or support to the patient

We appreciate your understanding and cooperation in respecting these guidelines. If you have any questions or concerns, please speak with our nursing staff or hospital administration.

Thank you for your support and we look forward to welcoming you to our facility soon.",Public Administrative,PUBLIC,generated,hospital visiting hours notice
"NOTICE OF HOSPITAL VISITING HOURS POLICY

As part of our commitment to ensuring a safe and respectful environment for all patients, visitors, and staff, we are implementing the following visiting hours policy:

Visiting hours at our hospital will be from 9:00 AM to 8:00 PM daily. Patients will have designated visiting hours that vary depending on their unit and care level.

Respectful Visitation Hours:

* Family members and friends of patients are welcome to visit between 2:00 PM and 6:00 PM, Monday through Friday.
* On weekends and holidays, visiting hours will be from 10:00 AM to 4:00 PM.

No-Visit Times:

* During surgery, chemotherapy, or other procedures, no visitors will be allowed in the patient's room.
* When a patient is being transferred, no visitors will be permitted until it has been confirmed that the transfer is complete and safe.

Additional Guidelines:

* Visitors must be at least 18 years old to accompany a patient.
* Children under the age of 12 are not permitted to visit unless they are accompanied by an adult caregiver.
* Food and drink are not allowed in patient rooms, except for approved dietary items provided by hospital staff.
* Mobile phones must be turned off or set to silent mode during visiting hours.

Exceptions:

* In cases where a patient requires assistance with breathing or mobility, family members may visit at any time, with prior approval from the healthcare team.
* Patients who are in isolation due to infection control concerns may have limited visiting hours, as determined by hospital policies and local health authorities.

We appreciate your understanding and cooperation in adhering to these visiting hours policy guidelines. If you have any questions or concerns, please contact our patient advocate office.",Public Administrative,PUBLIC,generated,hospital visiting hours notice
"NOTICE OF VISITING HOURS AND POLICY

The hospital is committed to ensuring that our facilities are accessible and safe for all patients, visitors, and staff. In order to maintain a comfortable environment for everyone, we have established visiting hours as follows:

Monday through Friday: 7:00 am to 8:30 pm
Saturday and Sunday: 9:00 am to 5:00 pm

We kindly request that visitors arrive at the designated entrance and report to the reception area. Our staff will direct them to the patient's room or provide assistance as needed.

Please note that all visitors are required to:

- Be at least 18 years of age
- Present valid identification (e.g., government-issued photo ID)
- Follow hospital rules and regulations

Visitors with disabilities or special needs should contact our Patient Relations department in advance to make arrangements for accessible facilities and accommodations.

We ask that visitors refrain from bringing children under the age of 12 to patient rooms, as they are not permitted for safety and infection control reasons. Exceptions may be made on a case-by-case basis, with prior approval from the patient's care team.

Please respect patients' wishes regarding visitation if they have specifically requested no visitors or limited contact. We appreciate your cooperation in maintaining a peaceful and respectful environment for all hospital guests.

For any questions or concerns regarding visiting hours or policies, please do not hesitate to contact our Patient Relations department at [phone number] or [email address].",Public Administrative,PUBLIC,generated,hospital visiting hours notice
"NOTICE OF VISITING HOURS POLICY

The Hospital Administration hereby notifies all visitors of our visiting hours policy, effective immediately.

Visiting hours for patients are as follows:

* Monday to Friday: 7:00 am to 8:00 pm
* Saturday and Sunday: 9:00 am to 5:00 pm

Please note that these hours may be subject to change due to hospital events or special procedures. It is the patient's responsibility to inform their family members of any changes to their visiting schedule.

Visitors are expected to respect the following guidelines:

* Visitors must check in with the nurse at the bedside or designated area before entering the patient's room.
* Visitors are required to wear a badge provided by the hospital and follow all posted signs and instructions.
* Mobile phones and electronic devices should be turned off during visiting hours.
* Food and drink are not allowed in patient rooms, except for medical nutrition therapy as approved by the healthcare team.
* Family members or caregivers who have been instructed by the healthcare team to limit their visitation due to infection control concerns must sign a visitor restriction form.

We appreciate your cooperation and understanding in maintaining the cleanliness and safety of our hospital environment. If you have any questions or concerns regarding our visiting hours policy, please contact the Hospital Administration office.

Thank you for your support during this time.

Sincerely,
Hospital Administration",Public Administrative,PUBLIC,generated,hospital visiting hours notice
"NOTICE OF VISITING HOURS AND POLICY

The hospital is committed to providing a safe and respectful environment for all patients, visitors, and staff. In order to maintain this environment, we have established visiting hours policies that apply to all visitors.

General Visiting Hours:

* Daytime visits are permitted from 9:00 AM to 5:00 PM, Monday through Friday.
* Evening visits are permitted from 5:30 PM to 8:00 PM, Monday through Friday.

Restricted Visiting Hours:

* Family members and friends of patients who require close supervision or assistance may be allowed to visit during the following hours:
	+ From 6:00 AM to 10:00 AM on weekends
	+ During designated family hours, which vary depending on patient unit needs
* Visitors who are unable to follow hospital rules or regulations, including those with infectious diseases or unruly behavior, will not be permitted to visit.

Visitor Policy:

* Children under the age of 18 must be accompanied by an adult at all times.
* Visitors who are experiencing illness or have contagious conditions may not enter the hospital.
* Large groups and parties are not permitted in patient rooms or public areas.
* Photography is only allowed in designated areas with permission from hospital staff.

We kindly request that you respect these visiting hours and policies to ensure a comfortable and safe environment for all patients, visitors, and staff. If you have any questions or concerns regarding our visiting hours policy, please contact the hospital's customer service department.

Note: These visiting hours are subject to change without notice, and may vary depending on hospital-specific needs and circumstances.",Public Administrative,PUBLIC,generated,hospital visiting hours notice
"NOTICE OF HOSPITAL VISITING HOURS POLICY

As part of our commitment to providing a safe and respectful environment for all patients, visitors, and staff, we are implementing the following visiting hours policy:

Visiting hours will be from 7:00 am to 8:30 pm, seven days a week. We encourage families and friends to visit their loved ones during these hours, as they provide an opportunity for emotional support and connection.

Please note that patients who require close care or have special needs may have restricted visiting hours. In such cases, we will notify the patient's family in advance of any changes.

We ask that all visitors respect our patients' need for rest and recovery by keeping visitation times reasonable and avoiding lengthy stays. We also kindly request that visitors refrain from bringing pets into patient rooms, except in exceptional circumstances with prior approval from the nursing staff.

Additionally, we remind visitors to:

* Wash their hands upon entering patient rooms
* Use hand sanitizer stations located throughout the hospital
* Refrain from smoking or using electronic cigarettes in patient areas
* Respect patient confidentiality and not disclose any medical information

We appreciate your cooperation and understanding in adhering to our visiting hours policy. If you have any questions or concerns, please do not hesitate to contact our Customer Service department.

Thank you for supporting our efforts to provide quality care to our patients.

Sincerely,
[Your Hospital's Name]
Patient Care Services Team",Public Administrative,PUBLIC,generated,hospital visiting hours notice
"NOTICE OF VISITING HOURS POLICY

As part of our commitment to ensure a safe and efficient environment for all patients, families, and staff, we are implementing the following visiting hours policy:

**General Visiting Hours**

Visitors are welcome during the following hours:

Monday through Friday: 7:00 AM - 9:00 AM and 3:00 PM - 5:00 PM
Saturday and Sunday: 9:00 AM - 1:00 PM

Please note that these hours are subject to change based on operational needs and may be adjusted during periods of high patient volume or special events.

**Exceptions**

The following exceptions apply:

* Children under the age of 18 must be accompanied by an adult at all times.
* Family members or friends wishing to visit patients who require close monitoring (e.g., ICU, OR) must check in with the nursing staff prior to visiting and may be subject to additional screening protocols.
* Visitors are not permitted during peak hours (7:00 AM - 9:00 AM and 3:00 PM - 5:00 PM on weekdays), except for those with a scheduled appointment or special permission from the facility.

**Guidelines**

To ensure a smooth visitation experience, we kindly request that visitors:

* Arrive early to allow time for check-in and screening
* Keep conversations at a reasonable volume
* Refrain from taking photographs or videos of patients without prior approval
* Respect patient confidentiality and maintain a safe distance

We appreciate your understanding and cooperation in adhering to this visiting hours policy. If you have any questions or concerns, please contact our Patient Experience Department.

Please note that this policy is subject to change at any time. We will make every effort to notify visitors of any changes prior to implementation.",Public Administrative,PUBLIC,generated,hospital visiting hours notice
"NOTICE TO HOSPITAL VISITORS

As part of our commitment to providing a safe and respectful environment for all patients, visitors, and staff, we would like to take this opportunity to review and update our visiting hours policy.

Effective immediately, the following visiting hours will apply:

Monday - Friday: 7:00 AM - 8:30 PM
Saturday and Sunday: 9:00 AM - 5:00 PM

Please note that these hours may be subject to change without prior notice due to hospital events, emergencies, or other circumstances.

We kindly request that visitors adhere to the following guidelines:

* Visitors are permitted during designated visiting hours only.
* Only immediate family members and caregivers are allowed in patient rooms.
* All visitors must present identification at the visitor's desk prior to entering the building.
* Mobile phones must be silenced while within hospital grounds.
* Food, drinks, or other items are not permitted in patient areas.
* Photography is prohibited for all patients and staff.

We appreciate your cooperation and understanding in maintaining a comfortable and respectful environment for everyone. If you have any questions or concerns regarding our visiting hours policy, please contact the hospital's customer service department at [insert phone number].

We strive to provide a positive experience for all visitors and are committed to ensuring that our facilities remain safe and clean. Thank you for your understanding and cooperation.

Sincerely,
[Hospital Name] Management",Public Administrative,PUBLIC,generated,hospital visiting hours notice
"The hospital's administrative team gathered for their weekly staff meeting on February 10th. The agenda included a review of current departmental performance, updates on new projects, and discussion of ongoing initiatives.

Department heads reported on progress made towards achieving the quarterly goals, highlighting areas of success and areas requiring additional support. A review of budget reports indicated that all departments were within their allocated targets, with some notable exceptions that required further investigation.

The facilities team presented an update on the upcoming renovation project, highlighting expected timelines, costs, and benefits. This information will be made available to staff in the coming weeks as part of the ongoing communication plan.

Human resources reported on recent training programs offered to staff, focusing on diversity, inclusion, and mental health awareness. The focus group discussions were well-received, with suggestions for future training sessions being discussed.

The business development team reviewed progress towards the hospital's strategic objectives, highlighting key partnerships and collaborations that have been established. A discussion took place regarding potential new service offerings and their feasibility.

Action items assigned during the meeting included a follow-up review of staffing levels, further analysis of departmental performance metrics, and a plan for quarterly town hall meetings to keep staff informed on hospital updates.

The next staff meeting is scheduled for February 24th.",Public Administrative,PUBLIC,generated,staff meeting minutes
"Staff Meeting Minutes - March 12, 2023

The staff meeting was held on March 12, 2023, at 2:00 PM in Conference Room A. The meeting was chaired by the Department Manager, with representatives from various departments present.

The primary agenda items for discussion were updates on current projects and the upcoming hospital restructuring plan. The Department of Operations reported that the new software implementation is on track to be completed by the end of Q2, as previously anticipated. The IT department provided an update on the security measures being taken to ensure compliance with industry standards.

Regarding the hospital restructuring plan, it was announced that a team will be formed to oversee the process, which will include representatives from each department. The goal is to streamline operations and improve efficiency while minimizing disruptions to patient care.

The Facilities Management department reported that the renovation of the east wing is progressing as planned, with an expected completion date of June 15th. The Department of Human Resources announced that a new employee orientation program will be implemented, aiming to enhance the onboarding experience for new hires.

Action items were assigned to various staff members, including completing a detailed project plan and providing regular updates to the hospital administration. The next staff meeting is scheduled for April 9, 2023, at 10:00 AM.

Resolutions:

* Approve the upcoming hospital restructuring plan
* Assign action items as discussed

Adjournment:

The meeting was adjourned at 4:15 PM, with a motion seconded and carried unanimously.",Public Administrative,PUBLIC,generated,staff meeting minutes
"The staff meeting minutes from the recent departmental update discussion are as follows:

A staff meeting was held on Wednesday, March 15th at 2 PM in Conference Room A to discuss ongoing projects and initiatives. The meeting was attended by representatives from various departments.

The main agenda item for the meeting was a review of our quality improvement metrics. Staff presented updates on progress made towards achieving our departmental goals, highlighting successes and areas requiring additional attention.

A discussion ensued regarding the implementation of new technology aimed at streamlining administrative processes. Key points emphasized were the need for enhanced data security measures and improved user interface functionality.

In addition to these topics, staff members shared their experiences with recent training programs, commending the instructors for effective instruction and suggesting suggestions for future curriculum enhancement.

A decision was made to form a task force to oversee the roll-out of new policies related to workplace wellness. The proposed objectives were discussed at length, including targets for employee engagement and participation in wellness initiatives.

Action items assigned to staff members include providing updates on their progress and attending an upcoming training session focused on communication skills. A review meeting has been scheduled for two weeks from the date of this document to assess progress and provide feedback.

Adjournment was made after a thorough discussion, with staff members departing at 4 PM.",Public Administrative,PUBLIC,generated,staff meeting minutes
"Staff Meeting Minutes - January 10, 2023

The staff meeting was convened at 9:00 AM in Conference Room A. Present were three department managers, one administrative assistant, and five staff members representing various departments.

The agenda for the meeting included a review of upcoming hospital events, an update on the new employee onboarding process, and a discussion on ways to improve communication among staff.

The first item on the agenda was the review of upcoming hospital events. The department managers reported that several events are scheduled throughout the month, including a charity run and a community fair. The administrative assistant provided details on how these events will be promoted through the hospital's social media channels and in-house communications.

Next, the staff discussed the new employee onboarding process. After some debate, it was decided to implement a centralized online portal for all new hires to access training materials and resources. This will help streamline the onboarding process and reduce errors.

The final item on the agenda was the discussion on ways to improve communication among staff. Several suggestions were made, including regular team-building activities, improved use of hospital-wide communication channels, and more frequent meetings between departments.

Action items for the meeting included:

* Administrative assistant: update social media calendars with event details
* Department managers: implement centralized online portal for new hires
* Staff members: provide feedback on communication channels

The staff meeting adjourned at 10:30 AM.",Public Administrative,PUBLIC,generated,staff meeting minutes
"Staff Meeting Minutes - February 10, 2023

The staff meeting was convened at 2:00 PM in the conference room. Attending were representatives from various departments, including Human Resources, Facilities Management, and Quality Assurance.

The primary agenda item was a review of the hospital's financial performance for the past quarter. The department head reported that revenue has increased by 5% compared to the same period last year, with cost savings initiatives resulting in a net reduction of $500,000. However, there were concerns raised about potential shortfalls in the coming months due to changes in government funding.

A discussion ensued regarding staff training and development opportunities. It was decided that an additional workshop on data analysis will be scheduled for March 15th, and that the IT department will provide support for employees to access online learning resources.

The Quality Assurance team reported on their recent audit results, which highlighted areas for improvement in patient satisfaction scores. It was agreed upon that a comprehensive review of our patient feedback mechanisms is necessary to ensure that we are meeting the expectations of our patients and visitors.

Other notable items discussed included the upcoming Staff Appreciation Day celebration, the hospital's energy-efficient initiatives, and the upcoming staff retreat scheduled for April 2023.

The meeting concluded at 4:00 PM with a summary of action items assigned to individual departments. The next staff meeting is scheduled for March 22nd at 2:00 PM.",Public Administrative,PUBLIC,generated,staff meeting minutes
"The hospital staff meeting held on [date] was attended by representatives from various departments, including Administration, Nursing, Medical Staff, and Facilities.

The agenda included review of recent operational changes, updates on departmental initiatives, and discussion of upcoming events. The Administration team reported on the current status of budgeting and financial planning, citing a 3% increase in revenue over the past quarter.

Nursing staff discussed their ongoing efforts to improve patient satisfaction scores through enhanced communication strategies. They highlighted successful pilot programs implemented by individual units and expressed interest in scaling up these initiatives across the hospital.

Medical Staff representatives provided an update on clinical guidelines and policy changes, emphasizing the importance of standardization in care delivery. They also reviewed the upcoming accreditation review process and encouraged staff to familiarize themselves with key areas of focus.

Facilities management presented plans for upgrades to the hospital's energy-efficient lighting system, highlighting expected reductions in energy consumption and carbon emissions.

The meeting concluded with a review of upcoming training sessions and committee appointments. The Administration team announced a new program aimed at supporting employee well-being, including on-site meditation classes and mental health resources.

Action items included scheduling follow-up meetings with departmental stakeholders and revising the hospital's sustainability plan. Key dates were noted for these activities, ensuring timely implementation.",Public Administrative,PUBLIC,generated,staff meeting minutes
"The hospital's staff meeting was held on February 22nd at 9:00 AM in Conference Room A. The attendance included representatives from various departments, including Human Resources, Facilities Management, and Information Technology.

The agenda for the meeting focused on ongoing projects and initiatives. The current status of the implementation of the new electronic medical record system was discussed, with reports indicating that all necessary steps are on track to meet the scheduled completion date of March 15th.

Discussion also centered around upcoming staffing needs for the upcoming quarter, particularly in light of recent retirement announcements and expected staff vacancies. A plan has been devised to recruit and train additional personnel to ensure minimal disruption to services.

Furthermore, updates were given regarding ongoing renovations within the hospital's facilities department, including completion timelines and resource allocation. These efforts are aimed at enhancing patient comfort and workflow efficiency during the renovation periods.

Action items arising from the discussion include scheduling a meeting with HR to finalize recruitment strategies and confirming with IT that all necessary technical support will be provided for the new system implementation.

The meeting concluded at 11:30 AM, after which attendees were encouraged to submit any additional thoughts or suggestions in writing.",Public Administrative,PUBLIC,generated,staff meeting minutes
"The Hospital Administrative Staff Meeting Minutes

Date: March 10, 2023

Time: 9:00 AM

Attendees:

* Department Manager, Human Resources
* Director of Operations
* Chief Financial Officer
* Assistant Director, Quality Improvement
* Senior Manager, Facilities Maintenance
* Other department representatives

The meeting began with an update on the current staffing levels and the impact on operational efficiency. The department manager reported that all departments are operating within designated capacities, but emphasized the need for ongoing recruitment efforts to ensure adequate coverage during peak periods.

Next, the director of operations provided a review of the hospital's capital expenditure plans, highlighting investments in energy-efficient systems and renovation projects aimed at improving patient comfort. Key initiatives include:

* Completion of the main lobby renovation by the end of Q2
* Installation of new solar panels on the roof to reduce carbon emissions

The chief financial officer discussed budget projections for the upcoming quarter, indicating a 3% increase in revenue due to growth in services and private pay patients.

The assistant director, quality improvement, shared results from recent surveys showing improved patient satisfaction rates with staff communication. These positive trends are attributed to enhanced training programs and increased availability of support resources.

Action items were assigned to department representatives: the facilities manager will coordinate with vendors for new equipment deliveries; human resources will provide additional training sessions on conflict resolution techniques; and operations teams will review and adjust scheduling procedures as needed.

The meeting concluded at 11:45 AM, with attendees agreeing to reconvene in four weeks for further discussion.",Public Administrative,PUBLIC,generated,staff meeting minutes
"The hospital's monthly staff meeting was convened on February 22nd, 2023, at 2:00 PM in the conference room. The meeting was attended by all administrative personnel and key stakeholders.

The meeting began with a review of the previous month's performance metrics, which showed a slight increase in patient satisfaction ratings. Department heads were commended for their efforts in improving departmental efficiency and productivity.

The primary focus of the meeting revolved around the upcoming organizational restructuring initiative. The details of the plan were outlined, emphasizing the importance of effective communication and collaboration among departments to ensure a seamless transition.

Staff members were informed that additional training sessions would be provided to enhance their skills and knowledge on the new system. The hospital's Human Resources department assured that necessary support would be offered to aid in the adaptation process.

A discussion regarding the hospital's sustainability plan was also held, with emphasis placed on reducing waste and increasing energy efficiency. Department heads were encouraged to explore innovative ways to minimize environmental impact without compromising patient care.

The meeting concluded with a review of upcoming events and deadlines, including the annual staff retreat scheduled for April 15th-17th. The date of the retreat and all relevant details would be communicated separately in due course.

Action items and follow-up tasks were assigned as necessary, with clear timelines set for completion. The next staff meeting is scheduled for March 22nd, 2023, at the same time and location.",Public Administrative,PUBLIC,generated,staff meeting minutes
"The staff meeting of [Date] was convened at [Time] in the hospital's conference room. In attendance were representatives from various departments, including Administration, Nursing, Medical Staff, and Facilities.

The agenda for the meeting focused on updates regarding the recent accreditation process and its impact on our institution. The Director of Accreditation reported that our hospital had successfully completed the review, with no deficiencies noted. This achievement was attributed to the hard work and dedication of the entire staff.

Discussion also centered around the upcoming budget review. Administrators presented a comprehensive plan for reducing costs while maintaining service levels. The Medical Staff Committee expressed concern about potential staffing reductions, but ultimately agreed that the plan would ensure the long-term sustainability of our hospital.

A separate topic of discussion involved the new IT system implementation. The Department of Information Technology reported that all necessary software and hardware upgrades had been completed on schedule. Training sessions for staff were also scheduled to take place over the coming weeks.

In other news, a safety audit was conducted in the past month, resulting in several areas of improvement identified and addressed. The Facilities Committee will be leading efforts to implement new maintenance procedures.

The meeting concluded with a review of upcoming events, including staff recognition ceremonies and departmental retreats. Next steps included assigning action items to each representative based on discussed topics.

The meeting adjourned at [Time] with no further action required from the staff at this time.",Public Administrative,PUBLIC,generated,staff meeting minutes
"The Hospital Administrative Staff Meeting Minutes of [Date] are as follows:

I. Introduction (5 minutes)

The meeting was called to order by [Position], at [Time]. The purpose of the meeting was to review ongoing projects, discuss new initiatives, and address concerns.

II. Departmental Updates (15 minutes)

- The facilities management team reported on the progress of the recent capital improvement project, highlighting improvements made to the hospital's HVAC system.
- The marketing department shared an overview of their current campaign strategy, focusing on increasing community engagement through social media outreach.
- Human resources provided updates on employee training programs and staff recognition initiatives.

III. Policy Review (10 minutes)

The management team reviewed a draft proposal for a new hospital policy regarding visitor hours and protocols. Feedback was solicited from the group, with suggestions made to enhance clarity and consistency across departments.

IV. Upcoming Events (5 minutes)

- A reminder was given about the upcoming hospital annual gala, scheduled for [Date].
- The event planning team announced that registration is now open for the charity run scheduled for [Date].

V. Actions Items

The following actions items were identified:

* Review and finalize the new policy proposal by [Date]
* Schedule a follow-up meeting to discuss progress on the capital improvement project
* Assign a liaison from marketing to collaborate with human resources on employee recognition initiatives

VI. Adjournment (5 minutes)

The meeting was adjourned at [Time] with an estimate of 90% attendance. The next staff meeting has been scheduled for [Date].",Public Administrative,PUBLIC,generated,staff meeting minutes
"The hospital staff meeting was held on Wednesday, March 15th at 2 PM in Conference Room A. The meeting was attended by all department heads and relevant personnel.

The meeting began with an overview of the current staffing levels, highlighting areas where additional support is required to meet patient care demands. It was noted that recruitment efforts have been underway to address these gaps, but progress has been slower than anticipated.

A review of recent operational metrics revealed a notable increase in hospital-acquired condition rates, prompting discussion around potential root causes and strategies for improvement. It was agreed that multidisciplinary teams will be formed to investigate and implement targeted interventions.

In other news, the hospital's energy efficiency initiative is on track to meet its quarterly targets, with significant reductions in water consumption observed across departments. This progress has been attributed to staff education and training programs aimed at promoting environmentally responsible practices.

It was also announced that the hospital has been selected as a recipient of a national quality improvement award, recognizing excellence in patient satisfaction and safety metrics. The winning project will be showcased at an upcoming conference, providing an opportunity for staff to share best practices with other healthcare organizations.

The meeting concluded with a review of upcoming events and deadlines, including quarterly performance reviews and the schedule for departmental meetings. All attendees were reminded that their input and participation are essential in shaping hospital policies and initiatives.

Action items were assigned as follows: [list action items]. The next staff meeting is scheduled for April 12th at 10 AM.",Public Administrative,PUBLIC,generated,staff meeting minutes
"The Hospital Administrative Staff Meeting Minutes of March 10, 2023, were held in the conference room from 2:00 PM to 4:00 PM. The meeting was attended by representatives from various departments, including Finance, Human Resources, and Operations.

Discussion began with an update on departmental budgets for the upcoming quarter. It was noted that there have been some discrepancies in expenses reported by certain teams, which will require further investigation. A plan is underway to implement new cost tracking measures to ensure accurate reporting going forward.

A review of the hospital's accreditation process revealed several areas where staff can improve their compliance with regulatory requirements. The Operations department will be responsible for providing training sessions and resources to support staff in meeting these standards.

The Facilities Management team reported that some equipment upgrades are needed to maintain optimal operating conditions in certain areas of the hospital. A list of recommended upgrades has been compiled, which will be presented at the next Finance committee meeting.

Next steps were discussed, including a review of the hospital's volunteer program and plans for expanding community outreach initiatives. The Human Resources department will lead this effort and keep staff informed of any updates or changes.

The meeting adjourned at 3:45 PM. Action items and tasks assigned to departments include:

* Operations: Provide training on regulatory compliance by [insert date]
* Finance: Review equipment upgrade list for Facilities Management by [insert date]

Responsible staff members were noted for their contributions during the meeting, and all attendees were thanked for their participation.",Public Administrative,PUBLIC,generated,staff meeting minutes
"The Hospital Administrative Staff Meeting Minutes of March 10, 2023, were held at 2:00 PM in Conference Room A. The meeting was chaired by the Director of Operations, who welcomed all staff members and reviewed the agenda for the day.

The department heads presented their quarterly performance reports, highlighting successes and areas for improvement in various aspects of hospital operations. The Quality Assurance team discussed ongoing initiatives aimed at enhancing patient safety and satisfaction, while the Finance Department provided an update on budget allocation and expenditure tracking.

A discussion ensued regarding the upcoming Hospital Accreditation Review, with staff members sharing concerns and suggestions for preparation. A plan was agreed upon to conduct a thorough review of all departmental policies and procedures to ensure compliance with accreditation standards.

The Director of Human Resources reported on the progress made in implementing the new employee training program, which aims to improve staff proficiency in patient care and communication skills. The IT Department provided an update on the hospital's network security measures, highlighting recent enhancements to prevent cyber threats.

Action items assigned during the meeting include:

* Review and finalize departmental policies by April 15th
* Conduct a comprehensive review of all accreditation requirements by May 1st
* Provide regular updates on training program progress to the Director of Human Resources

The meeting concluded with a reminder that the next staff meeting will be held on April 28, 2023.",Public Administrative,PUBLIC,generated,staff meeting minutes
"The hospital staff meeting was held on February 22, 2023, at 2 PM in the conference room. The purpose of the meeting was to review ongoing projects and address departmental initiatives.

Facility management reported that the recent renovation project is nearing completion, with expected completion by the end of March. The team has made significant progress in reconfiguring workspaces and improving accessibility.

The IT department announced that a new network upgrade will be implemented on April 1st, which will enhance data security and improve connectivity throughout the hospital. Staff were provided with training materials to ensure seamless transition.

Human resources reported positive feedback from staff members regarding recent changes to employee benefits and professional development opportunities. A discussion was held about improving work-life balance and creating a more supportive environment for employees.

Operations management presented updates on departmental productivity and efficiency. The team has implemented new processes to streamline workflows, resulting in significant time savings.

The Quality Improvement department discussed ongoing initiatives to enhance patient satisfaction and safety. Strategies were outlined to address areas of concern and improve overall performance.

Action items from the meeting include: scheduling a follow-up meeting with facility management to review renovation progress, rescheduling IT training for March 15th, and distributing information about new employee benefits to all staff members. The next staff meeting is scheduled for April 12th.",Public Administrative,PUBLIC,generated,staff meeting minutes
"The hospital staff meeting was held on Wednesday, March 15th at 2 PM in Conference Room A. The attendance was 23 staff members, representing various departments.

Ms. Thompson, the Director of Operations, welcomed everyone and introduced the agenda for the meeting. The main topics discussed included updates on departmental budget allocations, hospital-wide initiatives to improve patient satisfaction scores, and new policies regarding employee training and professional development.

The Department of Human Resources reported that the Employee Assistance Program (EAP) has seen an increase in referrals due to the recent introduction of a new mental health resource guide. The guide provides staff with access to confidential counseling services, stress management workshops, and other wellness programs.

The Chief Financial Officer reviewed the hospital's financial performance for Q1, highlighting areas where costs are expected to decrease and opportunities for revenue growth. He also announced that the hospital will be implementing a new billing system to improve efficiency and reduce errors.

In other news, the hospital has partnered with a local community organization to provide job training programs for underprivileged youth. The partnership aims to address the growing need for healthcare professionals in underserved areas.

The meeting concluded with a reminder of upcoming deadlines for employee evaluations, performance reviews, and benefits enrollment. Action items were assigned to various staff members, including Ms. Johnson, who will lead a task force to review the hospital's sustainability initiatives.

The next staff meeting is scheduled for April 12th at 10 AM in Conference Room B.",Public Administrative,PUBLIC,generated,staff meeting minutes
"The hospital staff meeting was held on February 22nd at 2 PM in Conference Room A. The meeting was attended by representatives from various departments, including Human Resources, Finance, and Operations.

Chairperson, Director of Human Resources, welcomed everyone and introduced the agenda for the meeting. The main topics discussed were updates on new employee onboarding procedures, upcoming staff training sessions, and the implementation of a new quality improvement initiative.

Human Resources representative provided an update on the revised employee handbook, which includes updated policies on social media usage and remote work arrangements. Finance representative presented a proposal to adjust the hospital's budget allocation for equipment upgrades, citing increased demand for technology upgrades in various departments.

Operations manager reported on the progress of the hospital's sustainability project, highlighting the reduction of energy consumption by 15% over the past quarter. The team also discussed the upcoming Hospital Open House event and finalized the logistics for the event.

Next steps include the review and approval of the revised employee handbook and the allocation of funds for equipment upgrades. The staff will be notified about the training sessions scheduled in March and April, which cover topics such as first aid and patient safety.

The meeting concluded with a Q&A session, where attendees asked questions regarding the hospital's policies on reporting work-related incidents. The HR representative addressed the concerns and provided clarification on the procedures for reporting incidents.

Action items were assigned to respective team members, including revising the employee handbook and allocating funds for equipment upgrades. The next staff meeting will be held on March 15th at 10 AM in Conference Room A.",Public Administrative,PUBLIC,generated,staff meeting minutes
"The staff meeting of [Date] was held at [Time] in the conference room. The purpose of the meeting was to discuss ongoing projects and initiatives, as well as address operational concerns.

Present were representatives from various departments, including Operations, Finance, Human Resources, and Quality Improvement. The Operations team reported on the progress of several large-scale renovations currently underway, with anticipated completion dates ranging from 6-12 months.

In the finance department, updates were provided on budget allocation and spending forecasts for the upcoming quarter. It was noted that some areas of expenditure had exceeded projected amounts, necessitating adjustments in order to maintain fiscal stability.

Human Resources reported on recent recruitment efforts and the status of employee training programs. Additionally, they presented an overview of benefits package enhancements, aimed at supporting staff well-being and job satisfaction.

The Quality Improvement team briefed the group on recent process improvements and quality metrics. They highlighted successes achieved through collaborative effort with other departments and emphasized the need for continued vigilance in maintaining high standards.

Action items were assigned as follows: Operations to provide regular progress updates; Finance to revisit budget forecasts; HR to finalize benefits package details; and Quality Improvement to conduct a thorough review of departmental processes by year-end.",Public Administrative,PUBLIC,generated,staff meeting minutes
"The quarterly hospital administrative meeting was held on February 22, 2023, at 2 PM in Conference Room A. The meeting was attended by key staff members from various departments.

Attendees included representatives from Finance, Human Resources, Operations, and Quality Assurance. The purpose of the meeting was to discuss ongoing initiatives, address operational concerns, and plan for upcoming events.

Key discussion points included:

- The implementation of a new patient flow management system, which is expected to improve efficiency and reduce wait times.
- Updates on the hospital's accreditation process, with a focus on maintaining high standards of quality care.
- A review of the current financial situation, including projected income and expenses for the next quarter.

Action items discussed during the meeting included:

- Finance department: Conduct a thorough analysis of departmental budgets to identify areas of cost savings.
- Operations department: Implement additional training sessions for staff members on patient flow management.
- Quality Assurance department: Develop a plan to enhance communication between departments regarding quality improvement initiatives.

The meeting concluded with a summary of key decisions and action items assigned to specific staff members. Dates for follow-up meetings were also established, including the next quarterly administrative meeting scheduled for May 19, 2023.",Public Administrative,PUBLIC,generated,staff meeting minutes
"The staff meeting held on February 22nd was attended by all key department heads and representatives. The primary focus of the meeting was to discuss recent hospital restructuring efforts.

A review of the current organizational structure revealed some discrepancies in reporting lines, which necessitated a re-alignment of departmental responsibilities. It was decided that this would be achieved through the implementation of new job titles and corresponding reporting chains.

A presentation on upcoming IT upgrades was given by the Information Technology department, highlighting improvements to data management systems and electronic health record platforms. The upgrade process is expected to commence within the next quarter and will involve a series of incremental phases to minimize disruptions.

The hospital's quality improvement initiative received an update from the department responsible for monitoring patient outcomes, focusing on areas such as staff training, resource allocation, and efficiency measures. It was noted that significant progress has been made in this area but that there is still room for further improvement.

Other key points covered during the meeting included updates on ongoing construction projects, staff scheduling adjustments to accommodate increased demand, and a reminder of upcoming employee recognition events. The meeting concluded with an open discussion session where attendees were encouraged to raise any concerns or suggest future initiatives.

It was decided that a follow-up meeting would be held in six weeks to review progress on the discussed topics and to provide further updates on ongoing projects.",Public Administrative,PUBLIC,generated,staff meeting minutes
"The hospital's administrative team met on February 10, 2023, at 2 PM to discuss ongoing operations and address several key issues. The meeting was attended by representatives from various departments, including Finance, Human Resources, Facilities Management, and Clinical Services.

The discussion centered around the upcoming budget review, which is scheduled for March 1st. It was noted that there have been significant changes in the hospital's operational costs due to increased energy prices and supply chain disruptions. The team agreed that a thorough analysis of these expenses will be necessary to determine the impact on our financial projections.

Additionally, it was announced that a new employee will be joining the HR department, effective March 15th. This new hire will focus on improving staff recruitment and retention strategies. The team expressed enthusiasm for this initiative and offered support in any way possible.

The meeting also touched upon the ongoing renovation project in the hospital's main lobby area. It was confirmed that the project is progressing well, with an expected completion date of May 15th. The team discussed the importance of maintaining open communication with contractors and stakeholders throughout the remainder of the process.

Action items were assigned to relevant department heads, including a review of the budget proposal by Finance and a plan for implementing new staff recruitment strategies in HR. The next meeting is scheduled for April 14th at 10 AM, where further updates on these initiatives will be shared.

Respectfully submitted,
[Name]",Public Administrative,PUBLIC,generated,staff meeting minutes
"The hospital staff meeting took place on February 22nd at 2 PM in Conference Room A. The room was attended by all department heads and key personnel.

Chairperson, Jane Smith, welcomed everyone and briefly reviewed the agenda for the meeting. The main topics of discussion included updates on ongoing projects, staffing concerns, and facility maintenance issues.

Department Head of Human Resources, John Doe, presented an update on recent employee benefits changes, including increased parental leave and enhanced professional development opportunities. The staff were pleased with these new additions and expressed appreciation for the administration's commitment to staff well-being.

Facility Manager, Emily Chen, reported on the current status of ongoing renovations, which are expected to be completed by the end of April. She emphasized the importance of maintaining a clean and safe working environment and encouraged all staff to report any concerns or issues promptly.

Department Head of Operations, Michael Brown, presented an overview of the hospital's sustainability initiatives, including energy-efficient upgrades and waste reduction programs. He highlighted the benefits of these efforts for both the environment and the bottom line.

The meeting concluded with a discussion on upcoming events and a reminder that all staff are required to attend a mandatory training session on March 1st. The next staff meeting is scheduled for May 15th at 10 AM in Conference Room A.

Adjournment was made at 3:45 PM, and the staff departed promptly thereafter.",Public Administrative,PUBLIC,generated,staff meeting minutes
"The Staff Meeting Minutes of [Date] were held in the Conference Room, [Time], with the following staff members present:

Representatives from departments included Operations, Finance, Human Resources, and IT. The purpose of the meeting was to discuss ongoing projects and initiatives.

Operations reported on the status of our new equipment installation, which is nearing completion. They also discussed the upcoming training sessions for departmental staff. Finance provided an update on budgetary projections for the quarter, highlighting areas of concern and opportunities for cost savings. Human Resources reviewed the latest employee engagement surveys, noting a need to improve communication among teams.

IT reported successful implementation of new software solutions across departments, with minimal disruption to service. They also discussed cybersecurity protocols and reminded staff of the importance of regular password updates.

The meeting also touched on upcoming departmental events, including the annual Summer Fair and a team-building retreat for Operations staff. Plans were made for volunteers to help with event setup and execution.

Action items assigned during the meeting include:

- Finalize equipment installation details
- Schedule training sessions for all departments
- Review budgetary projections with department heads

Next steps were discussed, and each action item was assigned to a designated representative from relevant departments. The next staff meeting is scheduled for [Date] at [Time].",Public Administrative,PUBLIC,generated,staff meeting minutes
"The staff meeting convened on Thursday, February 18th at 2:00 PM in Conference Room A. The meeting was attended by all administrative personnel.

The agenda items were reviewed and addressed as follows:

- Departmental budgets were discussed, with a focus on upcoming revisions to ensure alignment with organizational goals.
- The implementation of new software for data management and analysis was presented, and questions were answered regarding training schedules and support resources.
- An update was provided on the progress of ongoing facility upgrades, including timelines and expected benefits.
- The results of recent quality improvement initiatives were shared, highlighting successes and areas for further refinement.

The discussion also covered staff development opportunities, including conference participation and professional certification programs. It was agreed that administrative personnel would be prioritizing these activities in the coming quarter.

Additionally, a reminder was given regarding upcoming holidays and their impact on staffing levels and operational procedures. A plan to address any anticipated staffing shortages was outlined, ensuring continuity of essential services.

All attendees expressed appreciation for the comprehensive review of key organizational initiatives. Next steps were outlined for follow-up meetings and regular progress updates. The meeting concluded at 3:45 PM with a note taken regarding scheduling logistics for future gatherings.",Public Administrative,PUBLIC,generated,staff meeting minutes
"The hospital staff meeting convened at 8:00 AM on Monday, March 13th. Attendance was as follows:

Facility Operations Manager, Jane Smith, facilitated the discussion and ensured all parties were informed.

Key updates included the following:

* The quarterly budget review revealed a surplus of $250,000, which will be allocated towards staff training programs.
* Facility maintenance projects are on track to be completed by the end of Q2. This includes renovations to the cafeteria and upgrading of lighting fixtures throughout the hospital.
* A new IT upgrade has been scheduled for next quarter, aiming to improve network security and reduce downtime.

Department Heads provided updates on their respective areas of responsibility:

* Nursing: Staff satisfaction surveys have shown a significant improvement in morale since the introduction of the mentorship program. The department is seeking additional funding to expand this initiative.
* Administrative Services: New policies have been implemented to streamline processes, including electronic document management and improved mailroom operations.

Discussion also centered around staff well-being initiatives. A proposal was presented to provide on-site yoga classes and meditation sessions during working hours. While there were some reservations, the majority of attendees supported the idea, recognizing its potential benefits for mental health.

Action items include:

* Reviewing IT upgrade project details with IT department
* Finalizing nursing mentorship program funding request
* Scheduling yoga classes

Adjournment occurred at 9:30 AM, and all in attendance agreed to receive meeting minutes via email.",Public Administrative,PUBLIC,generated,staff meeting minutes
"The hospital staff meeting held on February 22nd, 2023, was attended by all relevant departments. The purpose of the meeting was to discuss ongoing operational improvements and address concerns regarding the upcoming budget cycle.

Department heads presented their respective departmental goals and objectives for the next quarter, with a focus on enhancing patient satisfaction and improving resource allocation. It was noted that several initiatives have been successfully implemented over the past year, resulting in significant reductions in waiting times and increased staff productivity.

The finance team provided an update on the current budget status, highlighting areas where cost savings can be achieved through operational efficiencies. A plan to reduce energy consumption and increase recycling efforts within the hospital facilities was also discussed.

A new recruitment campaign was announced, aiming to fill vacant positions in the administration department. The campaign will focus on attracting candidates with relevant experience in healthcare management.

Discussion also centered around the upcoming quality improvement projects, including a review of the hospital's emergency response protocols. Representatives from various departments participated, providing input and suggestions for enhancement.

The meeting concluded with a decision to allocate additional funds for staff training and professional development programs. These initiatives aim to improve staff competencies and enhance overall patient care standards.

Action items were assigned to department heads, including submitting detailed reports on their progress by the end of the quarter. The next staff meeting is scheduled for April 19th, 2023.",Public Administrative,PUBLIC,generated,staff meeting minutes
"Staff Meeting Minutes - February 22, 2023

The hospital staff meeting was held on February 22, 2023, at 2:00 PM in the Conference Room. The attendance included representatives from various departments, including Finance, Human Resources, and Quality Improvement.

The meeting began with a review of the upcoming quarterly budget report, which is scheduled for presentation to the Hospital Board on March 1st. Discussion centered around potential areas of reduction and the need for departmental cost-cutting measures.

A representative from Human Resources presented an update on staff training programs, highlighting the importance of ongoing education in meeting the evolving needs of healthcare professionals. A new curriculum is set to be implemented in April, focusing on workplace safety and emergency procedures.

Quality Improvement reported on recent successes in patient satisfaction ratings, citing improvements in communication and bedside manner. The team also discussed plans for implementing a new electronic medical record system, which is expected to enhance data analysis and care coordination.

The meeting concluded with a review of the upcoming hospital events calendar, including a charity gala scheduled for April 15th. Plans were made to solicit staff participation in this event, with a goal of raising funds for local community initiatives.

Action items included:

* Review and finalize the quarterly budget report by February 28th
* Confirm dates for the new electronic medical record system training sessions
* Coordinate staff participation in the charity gala

The meeting adjourned at 3:30 PM. Next staff meeting is scheduled for March 15, 2023.",Public Administrative,PUBLIC,generated,staff meeting minutes
"The hospital staff meeting minutes dated March 10, 2023, were attended by 25 representatives from various departments. The purpose of this meeting was to discuss the upcoming quarter's performance and address concerns regarding staffing levels.

The Operations Director reported that the current staffing model is projected to meet our capacity needs for the next three months. However, there are still some areas of concern that require attention. The Human Resources representative provided an update on the recruitment process and encouraged department heads to reach out to HR with any concerns or suggestions.

A discussion was held regarding the implementation of new technology in the Medical Records department. The IT team explained the benefits and limitations of the new system, and answers were given to questions posed by staff members. It is recommended that all Medical Records staff attend a mandatory training session on April 1st to ensure a smooth transition.

The Financial Director reviewed the quarterly budget projections and presented an overview of our revenue streams. Staff members were informed of any changes to policy regarding billing and insurance claims.

A new initiative was launched, aimed at enhancing patient satisfaction scores by providing additional support services for patients and families. The implementation timeline and responsible parties were discussed in detail.

The meeting concluded with a review of the action items and deadlines assigned to each representative. The next staff meeting is scheduled for April 24th.",Public Administrative,PUBLIC,generated,staff meeting minutes
"The staff meeting of [Date] was convened at [Time] in the hospital's conference room. The attendees included representatives from various departments, including Administration, Nursing, Medical Staff, and Facilities.

The meeting began with an update on the current staffing levels, which were discussed as part of the ongoing effort to optimize resource allocation. It was noted that several positions remain unfilled, and a plan is being developed to address this shortage.

A discussion ensued regarding the implementation of new policies aimed at improving patient satisfaction and reducing turnover rates among staff members. The proposal, which includes enhanced training programs and improved communication channels, is expected to be rolled out within the next quarter.

The meeting also touched on ongoing initiatives related to quality improvement and accreditation standards. Representatives from various departments shared their progress and offered suggestions for enhancing these efforts.

The Facilities department provided an update on upcoming construction projects, including the renovation of a new patient wing. The timeline and budget for these projects were discussed, and it was noted that they are expected to be completed within the next six months.

A review of the hospital's performance metrics was conducted, highlighting areas of strength and opportunities for growth. It was determined that the current reporting system is in need of revision and a plan is being developed to implement a new system.

The meeting concluded with a reminder of upcoming staff development opportunities, including training sessions and workshops.",Public Administrative,PUBLIC,generated,staff meeting minutes
"The staff meeting minutes from the quarterly review of operational efficiency were discussed during today's gathering. The agenda covered various topics, including departmental goals, staffing updates, and quality improvement initiatives.

A thorough analysis of our internal processes revealed opportunities for streamlining certain procedures, which will lead to increased productivity and reduced costs. A team was assigned to oversee the implementation of these changes, with a deadline set for completion by the end of Q2.

The departmental review process has been revised to include more frequent progress updates, ensuring that all staff members are aware of their individual contributions to overall performance. This will also enable the management team to identify areas where additional support is required.

The implementation of new software and technology upgrades was discussed, with a focus on enhancing data management capabilities. A pilot program has been initiated in one department, and further evaluations will be conducted to assess its effectiveness.

Additionally, the staff was informed about an upcoming training session focused on workplace safety protocols, which will cover topics such as emergency procedures and reporting incidents.

The quarterly financial report presented a positive trend in operational efficiency, with projected savings exceeding initial estimates. The management team is confident that these efforts will contribute to a more sustainable future for our organization.

The meeting concluded with a discussion of departmental goals, staff achievements, and upcoming events. Action items were assigned to the relevant teams, and deadlines were set for completion. A follow-up meeting has been scheduled for Q3 to review progress and address any ongoing concerns.",Public Administrative,PUBLIC,generated,staff meeting minutes
"The quarterly staff meeting was held on February 22nd at 2 PM in the conference room. The meeting was attended by all department heads and key staff members.

The agenda for the meeting included an update on upcoming events, a review of current projects, and a discussion of new initiatives to enhance hospital services. Department heads reported on their progress and provided updates on any challenges or successes.

A representative from the facilities management team discussed upgrades to the hospital's energy-efficient systems, which will reduce costs and improve sustainability. The IT department reported on recent security breaches and steps being taken to prevent future incidents.

The Human Resources department presented a plan for improving employee engagement and retention. This includes new training programs, flexible scheduling options, and recognition of staff achievements.

The meeting also included a review of the hospital's budget and financial projections for the upcoming year. Staff members were informed that the hospital is committed to maintaining its current level of service while exploring opportunities for cost savings.

The meeting concluded with a discussion on upcoming celebrations and events, including a spring fundraiser and a recognition ceremony for staff volunteers. The next quarterly staff meeting will be held in May, date and location to be announced.

Action items were assigned to relevant departments, including revising the employee handbook and developing a plan for recognizing staff achievements.",Public Administrative,PUBLIC,generated,staff meeting minutes
"The hospital staff meeting was held on February 22, 2023, at 10:00 AM in the conference room. The meeting was attended by all department heads and key personnel.

The discussion began with an update from the Facilities Manager regarding the ongoing maintenance schedule for the hospital's infrastructure. It was reported that several critical systems had been identified for replacement or upgrade, including the HVAC system and the parking lot lighting.

Next, the Director of Human Resources provided a summary of the hospital's current staffing levels and recruitment efforts. It was noted that there were currently 20 open positions across various departments, with a focus on recruiting specialized staff to meet the growing demand for certain services.

The Finance Manager presented an overview of the hospital's budget for the upcoming quarter, highlighting areas of concern and potential cost-saving measures. It was announced that a comprehensive audit would be conducted in March to review financial management practices and identify opportunities for improvement.

Additionally, the IT Department reported on the successful implementation of a new electronic health record system, which is expected to improve operational efficiency and patient care. A plan was outlined for ongoing training and support for staff members familiar with the new system.

The meeting concluded with a brief discussion of upcoming events and holidays, as well as reminders about the hospital's safety protocols and emergency procedures.",Public Administrative,PUBLIC,generated,staff meeting minutes
"The hospital's monthly staff meeting was held on February 10th, 2023, at 2 PM in the conference room. The meeting was attended by representatives from various departments, including finance, human resources, and clinical operations.

The meeting began with a review of the previous month's financial reports, which showed a slight increase in revenue compared to the same period last year. However, there were some concerns raised about budget variances and the need for further cost-cutting measures.

A presentation was given by the facilities manager regarding the upcoming maintenance schedule, which included repairs to several areas of the hospital and the installation of new equipment. It was emphasized that these projects would help improve patient satisfaction and reduce downtime.

The human resources department reported on the progress of their training program, which aims to enhance staff skills and knowledge in a variety of areas, including communication and conflict resolution. It was noted that the program has received positive feedback from staff members.

The clinical operations team discussed their plans for implementing new policies and procedures, aimed at improving patient flow and reducing wait times. They also highlighted the importance of maintaining accurate records and ensuring compliance with regulatory requirements.

In conclusion, the meeting addressed several important topics and made progress on various initiatives. The next staff meeting has been scheduled for March 17th, 2023, at 10 AM in the conference room.",Public Administrative,PUBLIC,generated,staff meeting minutes
"The hospital staff meeting was held on February 10, 2023, from 2:00 pm to 4:00 pm in the conference room. The meeting was attended by all department heads and representatives.

The main agenda items discussed during the meeting included updates on staffing levels, training programs, and quality improvement initiatives. Department heads reported that the hospital is currently experiencing a high volume of admissions, but no major concerns were raised regarding capacity or resource allocation.

A presentation on the new electronic medical record system was given by the IT department, highlighting its features and benefits for staff and patients. The system's implementation date was set at March 15, 2023, with a comprehensive training program to be provided to all staff members before launch.

The department of nursing discussed their recent quality improvement project, which aimed to reduce readmission rates within 30 days of discharge. Preliminary results showed a significant decrease in readmissions compared to previous periods.

A financial report by the hospital's finance team revealed that revenue projections for the upcoming quarter are above expectations, thanks to increased occupancy rates and new service lines. However, costs associated with staffing and equipment upgrades were noted as areas requiring further review.

Action items assigned during the meeting include: (1) scheduling a follow-up meeting to review progress on the electronic medical record system implementation; (2) finalizing the quality improvement project report for submission to hospital administration; and (3) reviewing and revising budget projections in light of recent revenue growth.

The meeting concluded with a brief discussion on upcoming events, including staff recognition awards and departmental celebrations.",Public Administrative,PUBLIC,generated,staff meeting minutes
"The meeting of the Hospital Administrative Team was held on Wednesday, March 15th at 2:00 PM in the Conference Room. The purpose of the meeting was to review and discuss ongoing projects, address operational concerns, and make decisions regarding hospital policies.

Present were representatives from various departments including Facilities Management, Human Resources, Finance, and Information Technology. The agenda was reviewed and approved by the team.

The Finance department presented an update on the current budget and forecasted expenses for the upcoming quarter. It was noted that costs are expected to increase due to inflation and new equipment purchases.

The Facilities Management department reported on ongoing renovations to the hospital's east wing, which are scheduled for completion by the end of March. They also informed the team about a recent water main repair issue in the basement level.

The Human Resources department discussed the implementation of a new employee recognition program, aimed at improving staff morale and engagement. The IT department presented an update on the hospital's network security measures and reported that no breaches had been detected during the quarter.

The meeting also touched upon upcoming events, including a charity gala and a hospital-wide volunteer day. It was decided to allocate resources accordingly to ensure the success of these initiatives.

Action items assigned included reviewing and revising the hospital's emergency preparedness plan and scheduling a follow-up meeting with the Facilities Management team to discuss ongoing maintenance projects. The meeting adjourned at 4:15 PM, and the next scheduled meeting is set for April 12th.",Public Administrative,PUBLIC,generated,staff meeting minutes
"The Hospital Administrative Staff Meeting Minutes

Date: March 10, 2023

Time: 2:00 PM

Location: Conference Room A

Present: Mr. Thompson (Hospital Administrator), Ms. Patel (Finance Director), Dr. Lee (Chief Medical Officer), Mr. Johnson (Facilities Manager), and Ms. Rodriguez (Human Resources Generalist)

The meeting began with a review of the hospital's current budget and financial projections for the upcoming quarter. The Finance Director reported that revenue is ahead of projections, but expenses are also higher than anticipated due to various operational costs.

Mr. Thompson noted that this year's goal is to reduce operational costs by 5% while maintaining service quality standards. He assigned task forces to investigate areas where cost savings can be achieved and report back to the committee in four weeks.

The Chief Medical Officer discussed staff training initiatives, emphasizing the importance of maintaining up-to-date knowledge in medical procedures and technology. The Facilities Manager reported that maintenance and upgrades are being completed as scheduled, with some delays due to unforeseen equipment failures.

Human Resources reported positive news regarding employee turnover rates, noting a significant decrease in staff departures over the past quarter. They also discussed upcoming benefits package changes to be implemented by year-end.

The committee concluded with a review of ongoing projects and assigned responsibilities for future meetings. The next meeting is scheduled for April 14, 2023, at 2:00 PM in Conference Room A.

Adjournment was made at 3:15 PM.",Public Administrative,PUBLIC,generated,staff meeting minutes
"The hospital's senior leadership team met on Friday, March 17th at 2 PM in the conference room to discuss ongoing initiatives and address operational concerns.

Attendees included the Chief Executive Officer, Department Heads, and key departmental representatives. The CEO welcomed everyone and reviewed the agenda for the meeting, which included a presentation on quality improvement metrics and a discussion of the upcoming budget review process.

The first item on the agenda was a report from the Quality Improvement Team, led by the Director of Clinical Operations. The team presented data indicating significant reductions in hospital-acquired complications over the past quarter, attributed to increased adherence to best practice guidelines. Key performance indicators (KPIs) for each department were discussed and compared.

Next, Department Heads were given an update on the upcoming budget review process, which will take place in late April. They were advised to submit their budget requests to the Finance Committee by March 31st to ensure timely consideration.

The meeting also touched upon ongoing facility improvements, including upgrades to our imaging department and renovation of patient rooms. A timeline for completion was provided, with tentative dates set for June 1st and July 15th, respectively.

Finally, staff were reminded of upcoming holidays and break periods, as well as the importance of adhering to workplace safety protocols during these times.

The meeting concluded at 4 PM, with a clear action plan in place to address key priorities. Next steps will be outlined on the hospital's intranet portal for all staff to access.

Key takeaways from today's discussion include continued focus on quality improvement and efficiency gains across departments. Staff are encouraged to continue providing feedback and suggestions for ongoing process improvements.",Public Administrative,PUBLIC,generated,staff meeting minutes
"The hospital's weekly staff meeting was held on February 10th at 2 PM in the conference room. The meeting began with an introduction by the Director of Administration, who welcomed all staff members and briefly reviewed the agenda.

The Department Heads presented their quarterly reports, highlighting key performance indicators such as productivity, patient flow, and resource utilization. The report from the Operations Manager was particularly notable, as it detailed significant improvements in efficiency and cost management.

A discussion on staff training and development followed, with a focus on ongoing education initiatives and workshops designed to enhance professional skills. It was announced that several new courses would be offered in the coming months, including those related to data analysis, communication strategies, and conflict resolution.

The Marketing Team presented their latest campaigns, highlighting successful promotions and initiatives aimed at improving patient satisfaction and loyalty programs. The presentation also touched on emerging trends in healthcare marketing and ways to leverage social media for outreach and engagement.

Finally, the Director of Administration took questions from staff members regarding upcoming events, new policies, and hospital-wide initiatives. It was announced that a town hall meeting would be held later this month to address concerns and gather feedback from all staff.

The meeting concluded with a brief discussion on team-building activities and social events. Staff members were encouraged to participate in the upcoming wellness fair and other community engagement programs. The meeting adjourned at 4 PM, with all attendees receiving a reminder of important deadlines and upcoming dates.",Public Administrative,PUBLIC,generated,staff meeting minutes
"Staff Meeting Minutes - Regular Quarterly Review

Date: March 12, 2023

Time: 2:00 PM - 3:30 PM

Location: Conference Room A

Attendees:

- Department Heads (5)
- Operations Manager
- Human Resources Representative
- IT Specialist
- Facilities Coordinator

Objective: To review current departmental performance, discuss upcoming events and initiatives, and address ongoing operational challenges.

Key Discussion Points:

1. Departmental Performance Review:
   - Reviewed key performance indicators (KPIs) across all departments.
   - Noted areas of improvement and successes achieved in the past quarter.

2. Upcoming Events:
   - Discussed scheduled training sessions for new staff members, focusing on departmental policies and procedures.
   - Scheduled a quarterly retreat to address team-building and morale issues.

3. Operational Challenges:
   - Addressed ongoing supply chain disruptions affecting inventory management.
   - Implemented short-term measures to mitigate the impact of supply shortages until permanent solutions can be implemented.

4. Policy Updates:
   - Discussed recent policy updates related to employee benefits, work-life balance, and digital communication platforms.

5. Conclusion:
   The meeting concluded with a review of action items and assigned responsibilities for implementation. Department heads were tasked with providing regular progress updates on the above-mentioned topics.

Next Meeting: Scheduled for June 15, 2023, at 2:00 PM in Conference Room A.",Public Administrative,PUBLIC,generated,staff meeting minutes
"Staff Meeting Minutes - February 10, 2023

The staff meeting was held on February 10, 2023, at 2:00 PM in the conference room. The meeting was attended by management and all relevant department heads.

The meeting began with a review of the upcoming facility renovations, which are expected to be completed within the next six months. The project manager presented an update on the current progress and discussed the timeline for completion. It was noted that some departments will need to adjust their workflows during this period.

The IT department reported on the implementation of new software for electronic record-keeping, which is scheduled to go live in three weeks. A representative from the IT team answered questions from management and staff regarding the system's functionality and training requirements.

In other news, the facility's energy efficiency initiative is ongoing, with a focus on reducing waste and promoting sustainability. The environmental services department reported that the hospital has reduced its energy consumption by 10% over the past year.

The meeting also discussed upcoming events, including the annual staff picnic and the spring employee recognition ceremony. A reminder was given to all staff members to complete their performance evaluations on time.

The next staff meeting is scheduled for March 17, 2023, at 2:00 PM in the conference room.",Public Administrative,PUBLIC,generated,staff meeting minutes
"TO: All Hospital Staff

FROM: Facilities Management Team

SUBJECT: Enhanced Fire Safety Measures

As part of our ongoing commitment to ensuring a safe environment for all employees and visitors, we are implementing additional fire safety measures across the hospital campus.

Effective immediately, the following changes will be in effect:

* All areas of the hospital will have a minimum of two working smoke detectors installed on each floor.
* Fire extinguishers will be replenished quarterly, and all staff members are expected to know the location and operation of their nearest extinguisher.
* The fire alarm system will be tested bi-weekly, with a full drill conducted annually.
* All electrical equipment and appliances must be properly maintained and inspected regularly to prevent electrical fires.

In addition, we have implemented the following enhanced safety procedures:

* All staff members are required to participate in a fire evacuation training session within the next six weeks.
* A new fire safety officer will be appointed to oversee all fire safety initiatives across the hospital.
* The fire department has been notified of our fire safety protocols and will conduct regular inspections.

Your cooperation and commitment to these enhanced measures are essential in maintaining a safe environment for everyone. If you have any concerns or suggestions regarding fire safety, please do not hesitate to reach out to the Facilities Management Team.

Please note that failure to comply with these measures may result in disciplinary action.

Thank you for your attention to this matter.

Sincerely,
Facilities Management Team",Public Administrative,PUBLIC,generated,fire safety notice
"NOTICE OF FIRE SAFETY PROTOCOLS AND EMERGENCY RESPONSE PLAN

To all hospital staff and visitors,

As part of our ongoing commitment to ensuring a safe and healthy environment for everyone, we would like to remind you of our fire safety protocols and emergency response plan.

In the event of a fire alarm activation, please follow these steps:

1. Immediately stop whatever activity you are conducting and evacuate the building using the nearest exit.
2. Do not use elevators during a fire drill or actual fire incident.
3. Proceed to the designated assembly points outside the hospital for a headcount.
4. Remain at your assigned assembly point until authorized by hospital management or emergency responders.

In the event of an actual fire, please follow these additional steps:

1. Activate the fire alarm by pulling the nearest pull station.
2. Use smoke detectors and other safety equipment to locate the origin of the fire.
3. Call 911 from a safe location using your mobile phone or any available landline.
4. Do not attempt to fight the fire yourself; instead, evacuate the area and await assistance from hospital staff and emergency responders.

Regular fire drills will be conducted to ensure that all staff are familiar with our emergency response plan. You are required to participate in these drills and report any concerns or issues to your supervisor or HR representative.

Your cooperation and vigilance are crucial in preventing fires and responding to incidents in a timely manner. If you have any questions or concerns about our fire safety protocols, please do not hesitate to reach out to your supervisor or the hospital's fire safety team.

Sincerely,
Hospital Management",Public Administrative,PUBLIC,generated,fire safety notice
"To: All Hospital Staff

From: Facilities Management Department

Subject: Fire Safety Notice - Immediate Action Required

As part of our ongoing commitment to ensuring a safe and healthy environment for all staff, patients, and visitors, we are issuing this fire safety notice to inform you of several important updates and reminders.

The hospital has conducted regular fire risk assessments and identified areas for improvement. In light of this, we require the following actions to be taken immediately:

All electrical equipment, including computers, telephones, and lighting fixtures, must be turned off or unplugged during fire drills and evacuation procedures. This includes all non-essential devices in patient rooms and common areas.

The fire alarm system will be activated daily at 10:00 AM for a 30-minute drill. All staff are required to participate and take part in the evacuation process.

Fire extinguishers have been inspected and found to be fully functional. However, it is essential that all staff know how to use them correctly. A refresher course on fire safety procedures will be held on [Date] at [Time]. Attendance is mandatory for all staff members.

Additionally, we request that all staff report any fire hazards or concerns to the facilities management department immediately. This includes reporting any issues with electrical equipment, candles, or open flames in patient rooms or common areas.

Your cooperation and attention to this matter are greatly appreciated. If you have any questions or concerns, please do not hesitate to contact the facilities management department.

Sincerely,
Facilities Management Department",Public Administrative,PUBLIC,generated,fire safety notice
"TO: All Hospital Staff

FROM: Fire Safety Department

SUBJECT: Enhanced Fire Safety Measures - Immediate Implementation Required

As part of our ongoing commitment to ensuring a safe and healthy work environment, we are implementing enhanced fire safety measures effective immediately. These measures are designed to minimize the risk of fire-related incidents and ensure prompt response in the event of an emergency.

Following the completion of a thorough risk assessment and review of our existing policies, we have identified several key areas that require immediate attention:

* Regularly maintained fire extinguishers will be inspected weekly by designated personnel.
* All electrical equipment, including but not limited to computers, televisions, and medical devices, must be turned off at the power strip before leaving workstations unattended.
* Fire drills will be conducted quarterly, with all staff participating in the evacuation procedures.

In addition to these measures, we have revised our emergency response plan to ensure seamless communication among departments. The plan is now available on the intranet for review and familiarization.

It is essential that all staff members understand their roles and responsibilities in fire safety and respond promptly in case of an incident. Failure to comply with these measures may result in disciplinary action, up to and including termination of employment.

We appreciate your cooperation and commitment to maintaining a safe work environment.

Sincerely,
[Your Name]
Fire Safety Officer

CC: Department Heads",Public Administrative,PUBLIC,generated,fire safety notice
"TO: All Hospital Staff

FROM: Risk Management Department

SUBJECT: Enhanced Fire Safety Protocols to be Implemented Immediately

As part of our ongoing commitment to ensuring the safety and well-being of our patients, visitors, and staff, we are implementing enhanced fire safety protocols throughout the hospital. These measures aim to minimize the risk of fires and ensure a swift response in the event of an emergency.

Effective immediately, the following changes will be implemented:

* All fire alarms will be tested on a monthly basis by trained personnel.
* Fire extinguishers will be inspected quarterly and replaced as necessary.
* Smoking is strictly prohibited throughout the hospital grounds, including outdoor areas and vehicles.
* Flammable materials such as curtains, bedding, and electrical equipment will be stored in designated areas to prevent overheating.
* All staff members are required to participate in a fire safety refresher training session within the next two weeks.

In the event of a fire, please follow these steps:

1. Evacuate the area immediately using the nearest exit route.
2. Activate the fire alarm by pulling the nearest pull station.
3. Report any fires or potential fires to the designated fire marshal on duty.
4. Do not use elevators during a fire evacuation.

We take the safety of our hospital community very seriously and expect all staff members to adhere to these new protocols. Failure to comply may result in disciplinary action.

If you have any questions or concerns regarding these enhanced fire safety measures, please contact the Risk Management Department at [insert contact information].

Thank you for your cooperation and commitment to fire safety.

Sincerely,

[Insert Name]
Risk Management Department",Public Administrative,PUBLIC,generated,fire safety notice
"NOTICE OF FIRE SAFETY PROTOCOLS AND EMERGENCY PROCEDURES

As part of our ongoing commitment to maintaining a safe and healthy environment for all, we are reminded of the importance of fire safety in our hospital. The following protocols and procedures have been put in place to ensure the well-being of our staff, patients, and visitors.

In the event of a fire, please follow these steps:

- Activate the fire alarm by pulling the nearest manual pull station.
- Proceed to the designated assembly point outside the building.
- Inform the Fire Safety Officer or other authorized personnel upon arrival.
- Do not attempt to fight the fire yourself; this can put you and others at risk.

Regular fire drills will be conducted to ensure that all staff members are familiar with these procedures. These drills will take place on a monthly basis, unless otherwise announced by management.

Fire extinguishers are located throughout the hospital and are easily accessible. However, only trained personnel should use them.

In addition to regular drills, we will conduct a comprehensive fire safety inspection every quarter to identify any potential hazards and implement corrective measures.

We ask that all staff members take an active role in maintaining our fire safety protocols by reporting any suspicious activity or concerns to the Fire Safety Officer immediately.

If you have any questions or concerns regarding our fire safety procedures, please do not hesitate to contact the Fire Safety Officer.

Sincerely,
Hospital Administration",Public Administrative,PUBLIC,generated,fire safety notice
"To: All Hospital Staff

From: Fire Safety Management Team

Subject: Enhanced Fire Safety Measures to be Implemented Immediately

Following a comprehensive risk assessment and review of our fire safety protocols, we have identified areas for improvement to ensure the highest level of protection for all employees, visitors, and assets within our facilities.

As of today, the following measures will be enforced:

* All staff members are required to familiarize themselves with the location of emergency exits, assembly points, and fire extinguishers throughout the hospital.
* Regular fire drill exercises will be conducted quarterly, commencing on [insert date], to ensure that all employees are aware of their roles in case of an emergency.
* The installation of smoke detectors in all patient rooms has been completed. These detectors will be tested monthly to ensure they function correctly.

Additionally, we will be introducing the following new procedures:

* All electrical equipment will be inspected and maintained regularly to prevent overheating and electrical fires.
* Flammable materials such as paper and fabric will be kept to a minimum in patient areas and stored properly in designated receptacles.

Your cooperation and adherence to these enhanced fire safety measures are crucial in ensuring the continued safety of our facilities. If you have any concerns or suggestions regarding our fire safety protocols, please do not hesitate to reach out to the Fire Safety Management Team.

Thank you for your attention to this matter, and let us work together to maintain a safe and secure environment for all.

Sincerely,

Fire Safety Management Team",Public Administrative,PUBLIC,generated,fire safety notice
"NOTICE OF FIRE SAFETY REVIEW AND UPDATE

As part of our ongoing commitment to maintaining a safe and healthy environment for all staff, patients, and visitors, we have conducted a comprehensive review of our fire safety procedures.

The review has identified several opportunities for improvement, including the need for regular training sessions on evacuation protocols, the use of fire extinguishers, and the maintenance of fire alarms. We have also updated our emergency response plan to ensure that all staff are aware of their roles and responsibilities in the event of a fire.

All employees are required to familiarize themselves with the location of emergency exits, fire extinguishers, and fire alarm pull stations. Training sessions will be conducted on a regular basis to reinforce these procedures.

In addition, we have identified several areas that require attention, including:

* Regular cleaning and maintenance of fire alarms and smoke detectors
* Inspection of electrical equipment to ensure compliance with fire safety standards
* Development of a plan for responding to fires in patient rooms and other areas where flammable materials may be present

We will be conducting regular drills and exercises to test our emergency response plan and identify any areas for improvement.

All staff are expected to participate in these training sessions and follow the procedures outlined in this document. Failure to comply with fire safety regulations may result in disciplinary action.

If you have any concerns or suggestions regarding fire safety, please do not hesitate to contact your supervisor or HR representative.

Date: [Insert Date]

Signature: [Insert Signature]",Public Administrative,PUBLIC,generated,fire safety notice
"TO: All Hospital Staff

FROM: Hospital Administration

SUBJECT: Enhanced Fire Safety Measures

As part of our ongoing commitment to ensuring a safe and healthy environment for all, we are implementing enhanced fire safety measures throughout the hospital. The following changes will be implemented effective immediately:

1. Regular fire drills will be conducted on the first Wednesday of each month at 2 PM. All staff members are required to participate in these drills as part of their annual training.
2. Fire extinguishers will be inspected and maintained daily by our facilities team. Any extinguisher found to be malfunctioning or in need of replenishment will be addressed immediately.
3. Flammable materials such as paper, rags, and wood will be strictly prohibited in patient rooms and public areas. Alternative storage solutions will be provided for these items.
4. Electrical equipment and appliances will be regularly inspected and maintained by our facilities team to prevent overheating or electrical fires.
5. All staff members are required to familiarize themselves with the location of fire alarms, sprinkler systems, and emergency exits.

Additionally, we have partnered with a third-party fire safety expert to conduct a comprehensive risk assessment of our hospital's fire safety procedures. The results will be shared with all staff members in the coming weeks.

Your cooperation and commitment to fire safety are greatly appreciated. If you have any questions or concerns regarding these new measures, please do not hesitate to reach out to our facilities team.

Thank you for your attention to this matter.

Sincerely,
Hospital Administration",Public Administrative,PUBLIC,generated,fire safety notice
"TO: All Hospital Staff

FROM: Facilities Management Team

SUBJECT: Fire Safety Notice - Enhanced Measures

As part of our ongoing commitment to ensuring a safe and healthy work environment, we have conducted a comprehensive review of our fire safety protocols. The results have highlighted several areas where we can improve our response to potential fire incidents.

Effective immediately, the following enhanced measures will be implemented:

* All fire extinguishers will be inspected monthly by trained personnel and maintained in accordance with manufacturer guidelines.
* Fire evacuation drills will be conducted quarterly, including nighttime drills for all staff members.
* The installation of automatic smoke detection systems has been completed on all floors, with regular testing and maintenance to ensure optimal performance.
* Fire-resistant materials will be used for all new construction projects, where possible.

Staff are reminded that fire safety is everyone's responsibility. Please take a moment to familiarize yourself with the location of emergency exits, fire extinguishers, and the nearest smoke detector.

We have also scheduled a mandatory fire safety training session for all staff on [Date] at [Time]. This session will cover key topics such as fire behavior, evacuation procedures, and the proper use of fire extinguishers.

If you have any questions or concerns regarding these new measures, please do not hesitate to reach out to the Facilities Management Team. Your cooperation and vigilance are essential in maintaining a safe working environment for everyone.

Sincerely,
Facilities Management Team",Public Administrative,PUBLIC,generated,fire safety notice
"TO: All Hospital Staff

FROM: Facilities Management Team

SUBJECT: Fire Safety Notice - Immediate Action Required

As part of our ongoing commitment to ensuring a safe working environment, we have conducted a comprehensive fire safety audit and identified areas for improvement. The results highlighted several potential risks that require immediate attention.

Effective immediately, all staff members are required to familiarize themselves with the revised fire evacuation procedures outlined in Section 3 of the hospital's Fire Safety Policy (attached). These procedures have been updated to reflect changes in building layout and emergency response protocols.

Key changes include:

* The designated assembly points for each department have been revised
* Additional escape routes have been identified and marked
* Staff training sessions will be scheduled to review the new procedures

All staff members are expected to participate in these training sessions, which will take place on [Date] at [Time]. Attendance is mandatory.

In addition, we require all staff members to report any fire safety concerns or hazards they encounter to the Facilities Management Team immediately. This includes reporting any issues with fire alarms, extinguishers, or other fire safety equipment.

We understand that this notice may cause some inconvenience, but we are confident that by working together, we can minimize the risk of a fire incident and ensure the continued safety of our staff and patients.

If you have any questions or concerns, please do not hesitate to contact the Facilities Management Team.

Thank you for your cooperation and attention to this matter.

Sincerely,
Facilities Management Team",Public Administrative,PUBLIC,generated,fire safety notice
"TO: All Staff Members

FROM: Hospital Administration

SUBJECT: Fire Safety Notice - Enhanced Precautions to be Taken During Period of High Alert

As you are aware, our hospital has been placed under a heightened level of security due to unforeseen circumstances. In light of this, we wish to remind everyone of the importance of adhering to fire safety protocols and taking extra precautions to prevent any potential hazards.

Please be advised that all electrical equipment must be turned off during non-working hours and not reactivated until cleared by authorized personnel. This includes, but is not limited to, lighting systems, HVAC units, and medical equipment.

All staff members are required to familiarize themselves with the location of fire extinguishers and assembly points in case of an emergency. Please make sure that your workstations and living quarters have working smoke detectors installed and maintained regularly.

In addition, we will be conducting regular fire drills and safety training sessions for all employees. These sessions will cover topics such as evacuation procedures, fire extinguisher operation, and personal protective equipment use.

We urge everyone to report any suspected security breaches or potential fire hazards immediately to the designated personnel. Your vigilance and cooperation are crucial in maintaining a safe environment for our patients and staff.

Please note that any disregard for these protocols may result in disciplinary action, up to and including termination of employment.

Thank you for your understanding and compliance with this important matter.

Sincerely,
Hospital Administration",Public Administrative,PUBLIC,generated,fire safety notice
"To: All Hospital Staff and Visitors

From: Facilities Management Team

Subject: Enhanced Fire Safety Measures

As part of our ongoing commitment to ensuring a safe working environment, we are implementing additional fire safety measures across the hospital campus.

As of today, the following enhanced procedures will be in effect:

* Regular fire drills will be conducted on a monthly basis, with all staff required to participate.
* All exits must be accessible and clear of obstructions at all times.
* Fire extinguishers will be inspected and tested weekly by certified personnel.
* Electrical equipment will be maintained according to the manufacturer's guidelines to prevent overheating or electrical fires.

To ensure compliance with these measures, please note the following:

* Staff are required to familiarize themselves with the location of fire exits, fire alarms, and emergency muster points.
* Visitors must follow all instructions provided by hospital staff in the event of a fire evacuation.
* The designated Fire Safety Officer will conduct regular fire safety audits to ensure adherence to these procedures.

Please report any concerns or suggestions regarding fire safety to the Facilities Management Team immediately. We value your input and commitment to maintaining a safe environment for everyone.

Additionally, we would like to remind all staff that our emergency procedures can be found in the hospital's Operations Manual, which is available on the intranet or at the reception desk.

Your cooperation and vigilance are greatly appreciated in maintaining our high standards of fire safety. If you have any questions or concerns, please do not hesitate to reach out to us.

Sincerely,
Facilities Management Team",Public Administrative,PUBLIC,generated,fire safety notice
"TO: All Hospital Staff and Visitors

FROM: Hospital Administration

SUBJECT: Fire Safety Notice

As part of our ongoing commitment to ensuring a safe environment for all, we would like to remind everyone of the importance of fire safety procedures. Recently conducted drills have highlighted the need for continued vigilance in this area.

The hospital's fire alarm system is operational and functioning correctly. However, it is crucial that staff members are aware of their roles in responding to a fire emergency. This includes familiarizing themselves with the location of fire extinguishers, evacuation routes, and designated assembly points.

Fire drills will be conducted regularly throughout the year, with the next scheduled drill taking place on [Date] at [Time]. We urge all staff members to participate and take this opportunity to review our emergency procedures.

Visitors are also expected to adhere to fire safety guidelines during their visit. This includes remaining calm in the event of a fire alarm, following evacuation procedures, and gathering at designated assembly points outside the building.

To ensure compliance with local regulations, we have conducted regular fire safety inspections and obtained certification for our systems.

We kindly remind all staff members that smoking is strictly prohibited in all areas of the hospital. Any instances of smoking will result in disciplinary action, as outlined in our employee handbook.

If you have any concerns or suggestions regarding fire safety procedures, please do not hesitate to reach out to the Hospital Administration team.

Thank you for your cooperation and attention to this matter.

Sincerely,

Hospital Administration",Public Administrative,PUBLIC,generated,fire safety notice
"NOTICE OF FIRE SAFETY PRECAUTIONS AND PROTOCOLS

To all Hospital Staff and Visitors,

As part of our ongoing commitment to ensuring a safe and healthy environment for everyone, we would like to take this opportunity to review and reinforce our fire safety protocols. The hospital's fire safety policy is designed to minimize the risk of fires and provide a swift response in the event of an emergency.

All staff members are responsible for familiarizing themselves with the location of fire extinguishers, escape routes, and assembly points. Regular fire drills will be conducted to ensure that all personnel are aware of their roles and responsibilities during a fire evacuation.

The hospital's fire safety team has identified several areas of high risk, including electrical equipment, cooking facilities, and storage areas. These areas will require regular maintenance and inspection to prevent the accumulation of combustible materials.

In the event of a fire alarm activation, all staff members must immediately evacuate the premises using designated escape routes. Fire extinguishers are only for use by trained personnel. Visitors must follow the instructions of hospital staff during an evacuation.

We also remind everyone that smoking is prohibited anywhere within the hospital grounds, including outdoor areas and balconies.

Please report any concerns or suggestions regarding fire safety to your supervisor or the fire safety team immediately. Your cooperation in adhering to these protocols is greatly appreciated and essential for maintaining a safe environment for all.

Sincerely,
Hospital Administration",Public Administrative,PUBLIC,generated,fire safety notice
"NOTICE OF FIRE SAFETY PROTOCOLS AND EMERGENCY RESPONSE PLAN

In accordance with hospital policies and regulations, we have identified potential fire hazards within our premises. To ensure compliance and maintain a safe environment for staff, patients, and visitors, we are implementing the following measures:

1. Regular Fire Drills: All employees will participate in monthly fire drills to familiarize themselves with emergency procedures.
2. Fire Extinguisher Locations: Fire extinguishers have been installed on every floor and in designated areas. Staff are required to know the location of these extinguishers and how to operate them correctly.
3. Emergency Response Team: A trained response team has been established, consisting of hospital administrators, security personnel, and first aid responders. They will be activated in case of a fire or other emergency.
4. Evacuation Procedures: Staff are required to evacuate the premises via designated exit routes. In case of an evacuation, staff must gather at the Assembly Point located on the ground floor and await further instructions from authorized personnel.
5. Fire Response Training: All employees will receive training on fire response procedures, including use of fire extinguishers, evacuation protocols, and emergency phone numbers.

In the event of a fire, please follow these steps:

- Evacuate immediately via designated exit routes
- Do not attempt to fight fires yourself
- Activate the fire alarm and notify security personnel
- Proceed to the Assembly Point on the ground floor

Your cooperation and participation in these measures are crucial in maintaining our hospital's fire safety protocols. If you have any concerns or suggestions, please report them to your supervisor or the Fire Safety Officer.

Date: [Insert Date]

Approved by: Hospital Administration",Public Administrative,PUBLIC,generated,fire safety notice
"To: All Staff Members

From: Fire Safety Team

Subject: Fire Safety Notice - Immediate Action Required

As part of our ongoing efforts to maintain a safe working environment, we have identified several fire safety concerns that require immediate attention. Our regular fire risk assessments have revealed that some areas of the hospital are not in compliance with current fire safety regulations.

The following measures must be implemented immediately:

* All electrical equipment must be turned off at the mains supply during periods of low occupancy.
* Flammable materials, such as paper and cardboard, must be stored in designated fire-proof containers.
* Fire alarms must be tested monthly and inspected quarterly by trained personnel.
* Smoking is strictly prohibited throughout the hospital premises.

In the event of a fire, please follow the established evacuation procedures. The emergency exit routes and assembly points are clearly marked on all floors.

Additionally, we have conducted a thorough review of our fire extinguisher stock levels. All extinguishers must be inspected monthly and certified by the Fire Safety Officer before they can be deemed serviceable. Replenishment of extinguisher stocks will be carried out quarterly.

Your cooperation and prompt attention to these matters are greatly appreciated. If you have any concerns or suggestions regarding fire safety, please do not hesitate to contact the Fire Safety Team.

We will provide regular updates on our progress and invite all staff members to participate in upcoming fire safety training sessions.

Sincerely,
Fire Safety Team",Public Administrative,PUBLIC,generated,fire safety notice
"NOTICE OF FIRE SAFETY PROCEDURES AND EMERGENCY RESPONSE PLAN

To all staff and visitors of [Hospital Name],

In accordance with applicable laws and regulations, we are required to maintain a fire safety program that ensures the protection of lives and property within our premises. As part of this commitment, we have conducted regular fire safety inspections and drills to identify potential hazards and areas for improvement.

Recent inspections have revealed several areas that require immediate attention:

* Extinguishers in patient rooms and corridors need to be inspected and refilled monthly.
* Emergency exit signs on all floors are in good condition, but their maintenance should be performed quarterly.
* Fire-resistant partitions in some areas of the hospital need to be repaired.

To ensure a smooth response in case of a fire emergency, we require all staff to:

* Participate in regular fire safety training sessions.
* Familiarize themselves with the location of fire alarms, exits, and assembly points.
* Report any suspected fires or hazards to the facilities management team immediately.

In the event of a fire emergency, our emergency response plan will be activated. Staff are required to:

* Evacuate patients and visitors from the affected area and assemble at designated assembly points.
* Use fire alarms and exit signs to navigate to safety.
* Not attempt to fight fires themselves; instead, call the fire department and follow established procedures.

We take the fire safety of our staff and visitors very seriously. If you have any concerns or suggestions regarding this notice, please do not hesitate to contact the facilities management team.

Sincerely,

[Your Name]
Facilities Management Team",Public Administrative,PUBLIC,generated,fire safety notice
"TO: All Hospital Staff

FROM: Facilities Management Team

SUBJECT: Fire Safety Notice - Immediate Action Required

As part of our ongoing commitment to maintaining a safe and healthy environment for all, we are issuing this fire safety notice to inform you of the following important procedures and precautions:

Fire Drills:
Regular fire drills will be conducted on the first Wednesday of every month at 10:00 AM. All staff members are required to participate in these drills and report any issues or concerns to the designated Fire Safety Officer.

Fire Extinguishers:
Fire extinguishers have been inspected and maintained regularly. Please ensure that you know how to use them properly before an emergency situation arises.

Emergency Evacuation Procedures:
In the event of a fire, evacuate the building immediately using the nearest exit. Designated Assembly Points have been established outside the hospital for staff members to gather after evacuation.

Fire Safety Inspections:
The facilities management team will conduct regular fire safety inspections to ensure that all equipment and systems are in good working condition. Your cooperation and prompt reporting of any issues or concerns is greatly appreciated.

Fire Drill Simulation Exercises:
To further enhance our emergency preparedness, we will be conducting simulation exercises every quarter. These exercises will test the effectiveness of our evacuation procedures and provide valuable training for staff members.

Your participation and attention to these procedures are crucial in ensuring the safety of everyone within our hospital premises. If you have any questions or concerns, please do not hesitate to reach out to the Facilities Management Team.

Sincerely,
Facilities Management Team",Public Administrative,PUBLIC,generated,fire safety notice
"Fire Safety Notice for All Staff and Patients

As part of our ongoing commitment to maintaining a safe and secure environment, we have identified several areas that require immediate attention to ensure compliance with hospital fire safety regulations.

The fire alarm system has been inspected and tested, and all necessary repairs and maintenance have been carried out. However, some minor adjustments are required to the fire extinguisher placement in the following areas:

* The staff room on level 2 will have its fire extinguishers repositioned to ensure that they are easily accessible from any point within the room.
* In the departmental storage rooms on level 3, two additional fire extinguishers will be installed, one near the electrical room and another near the chemical storage area.

All staff members are reminded of their responsibilities in the event of a fire emergency. This includes:

* Familiarizing themselves with the location of fire exits and assembly points
* Knowing how to use fire extinguishers and contacting the fire alarm system
* Staying alert during peak activity periods and keeping emergency phone numbers readily available

In the event of a fire, please follow the evacuation procedures as outlined in our emergency response plan. This includes:

* Staying low to avoid smoke inhalation
* Closing all doors behind you before evacuating
* Proceeding to the designated assembly points outside the building

Your cooperation and attention to these matters are greatly appreciated. If you have any questions or concerns, please do not hesitate to contact our facilities management team.

We will be conducting regular fire drills and training sessions to ensure that everyone is prepared in case of an emergency. We will communicate the exact dates and times of these events through internal announcements and newsletters.

Thank you for your continued support and commitment to hospital safety.

Sincerely,
[Facilities Management Team]",Public Administrative,PUBLIC,generated,fire safety notice
"NOTICE OF FIRE SAFETY MEASURES AND EMERGENCY PROCEDURES

To all hospital staff, patients, and visitors,

As part of our ongoing commitment to ensuring a safe and healthy environment for everyone, we would like to remind you of the importance of fire safety and emergency preparedness. Our hospital is equipped with state-of-the-art fire suppression systems and regular maintenance schedules are in place to ensure these systems function properly.

In the event of a fire, please follow the evacuation procedures outlined below:

* In the event of a fire alarm activation, immediately stop what you are doing and exit the building quickly and calmly.
* Use designated evacuation routes and assembly points outside the building. Do not attempt to use elevators during an evacuation.
* If you are in a room with a fire, stay inside and close all doors behind you. This will help contain the fire until the fire brigade arrives.

Emergency contact information:

* In case of a medical emergency, please call 911 or our on-site emergency response team at extension 0.
* For non-medical emergencies, such as fires or building security concerns, please contact the hospital's security office at extension 7777.

Regular fire safety training sessions will be held throughout the year to ensure all staff are familiar with our fire safety procedures. Your participation and cooperation in maintaining a fire-safe environment is greatly appreciated.

If you have any questions or concerns regarding fire safety or emergency procedures, please do not hesitate to reach out to your supervisor or the hospital's fire safety coordinator.

Sincerely,
Hospital Management",Public Administrative,PUBLIC,generated,fire safety notice
"Fire Safety Notice - Hospital Premises

As part of our ongoing commitment to ensuring a safe environment for all staff, patients, and visitors, we would like to inform you that our fire safety measures are currently being reviewed and updated.

The hospital's fire risk assessment has identified several potential hazards, including electrical equipment, flammable materials, and exit routes. We have taken steps to mitigate these risks, including regular maintenance of electrical equipment, storage of flammable materials in designated areas, and training for all staff on emergency evacuation procedures.

In the event of a fire, please follow the standard fire drill procedures and take any necessary precautions to ensure your safety. This includes using the nearest escape route, evacuating promptly, and not re-entering the building until authorized by hospital management.

Additionally, we would like to remind everyone that fire alarms are installed throughout the premises and will be activated in the event of a fire. In the unlikely event of a false alarm, please ignore it and continue with your normal activities.

We have scheduled a fire safety training session for all staff on [Date] at [Time]. This session will cover our fire safety policies, emergency procedures, and the use of fire-fighting equipment. Attendance is mandatory for all staff members.

If you have any concerns or suggestions regarding our fire safety measures, please do not hesitate to contact our facilities management team.

We appreciate your cooperation and commitment to maintaining a safe environment for everyone.

Sincerely,
[Facilities Management]",Public Administrative,PUBLIC,generated,fire safety notice
"To: All Hospital Staff

From: Facilities Management Team

Subject: Fire Safety Notice - Immediate Action Required

As part of our ongoing commitment to ensuring the safety and well-being of our patients, visitors, and staff, we have conducted a thorough fire risk assessment and identified several areas that require immediate attention.

The assessment has highlighted several potential fire hazards throughout the hospital, including faulty electrical equipment, inadequate lighting in corridors, and insufficient fire extinguishers in some areas. We take these findings very seriously and urge all staff to report any concerns or incidents related to fire safety immediately.

Effective immediately, we will be implementing the following measures:

* All non-essential electrical equipment will be turned off during evening and weekend shifts
* Corridors will be equipped with additional lighting to ensure adequate illumination
* Fire extinguishers will be inspected and re-stocked on a regular basis
* Staff training sessions will be conducted to review fire safety procedures and protocols

We expect all staff to adhere to these measures and report any concerns or incidents related to fire safety. Failure to comply may result in disciplinary action.

Additionally, we have scheduled a fire safety drill for [Date] at [Time]. All staff are required to participate in this drill and provide feedback on the effectiveness of our fire safety procedures.

If you have any questions or concerns regarding fire safety, please do not hesitate to contact the Facilities Management Team.

Thank you for your cooperation and commitment to maintaining a safe working environment.

Sincerely,
Facilities Management Team",Public Administrative,PUBLIC,generated,fire safety notice
"TO: All Staff

FROM: Hospital Administration

SUBJECT: Fire Safety Notice - Immediate Action Required

As part of our ongoing commitment to ensuring a safe working environment for all staff, we have conducted a thorough fire risk assessment and identified areas that require immediate attention. Please take note of the following essential fire safety measures:

All exits must be clearly visible and unobstructed at all times. Please ensure that emergency lighting is functioning correctly and replace any burnt-out bulbs immediately.

The designated fire assembly point for our hospital location is the outdoor parking lot adjacent to the main entrance. This area will be used as a safe meeting point for staff in the event of an evacuation.

Fire drills are scheduled to take place on the 15th and 30th of each month, at 10:00 AM sharp. All staff members are required to participate in these drills to ensure their familiarity with the emergency procedures.

The fire safety policy can be found on our intranet portal, under the ""Safety and Security"" section. It is essential that you read and understand this policy before the next scheduled drill.

In the event of a fire, please activate the alarm system located at each floor's stairwell landing. The hospital's Fire Safety Team will then be alerted to respond accordingly.

Please report any concerns or suggestions regarding our fire safety measures to your supervisor or the Hospital Administration department immediately.

Your cooperation and commitment to maintaining a safe working environment are greatly appreciated.

Sincerely,

Hospital Administration",Public Administrative,PUBLIC,generated,fire safety notice
"NOTICE OF FIRE SAFETY PROTOCOLS AND EMERGENCY RESPONSE PLAN

To all hospital staff, visitors, and contractors,

As part of our ongoing commitment to providing a safe and healthy environment for everyone, we are reminding all employees and visitors of the importance of fire safety and emergency preparedness.

The hospital has implemented various measures to minimize the risk of fires and ensure swift response in case of an emergency. These include:

* Regular fire drills and training sessions for staff
* Maintenance of working smoke detectors and fire extinguishers on every floor
* Installation of automatic fire suppression systems in high-risk areas
* Designated emergency response teams, including fire safety officers and first aid personnel

In the event of a fire, please follow these procedures:

* Evacuate the building immediately via the nearest exit route
* Sound the fire alarm to alert others and summon assistance
* Do not use elevators or attempt to re-enter the building unless instructed by authorized personnel
* Proceed to the designated assembly point outside the hospital for further instructions

We also remind everyone of their role in preventing fires:

* Report any electrical or gas leaks, malfunctions, or suspected arson immediately to the facilities management team
* Dispose of cigarettes and other combustible materials properly
* Avoid using mobile phones or other heat-producing devices in areas where they may cause ignition hazards

Your cooperation and attention to these fire safety protocols are essential in ensuring a safe working environment. If you have any concerns or suggestions regarding our fire safety plan, please contact the fire safety officer or facilities management team.

Thank you for your vigilance and commitment to hospital safety.

Sincerely,
[Hospital Management]",Public Administrative,PUBLIC,generated,fire safety notice
"TO: All Hospital Staff

FROM: Facilities Management Team

SUBJECT: Fire Safety Notice - Immediate Attention Required

As part of our ongoing commitment to ensuring a safe environment for all, we would like to bring to your attention several fire safety matters that require immediate attention.

Over the past month, there have been multiple incidents reported involving unattended electrical equipment in patient rooms and common areas. These incidents highlight the importance of adhering to the hospital's fire safety policy.

All staff are reminded that electrical equipment must be turned off when not in use, and that all cords and wires should be kept away from heat sources or flammable materials. Additionally, it is mandatory to conduct a daily safety check before commencing work in any area, including patient rooms, corridors, and common areas.

Furthermore, we would like to inform you that our fire safety training sessions will take place on Friday at 9:00 am in the conference room. Attendance is mandatory for all staff who work in areas with hazardous materials or equipment.

We would also like to remind you that our fire evacuation drill will be conducted next Wednesday at 2:00 pm, followed by a full-scale fire exercise on the following Monday. These exercises are designed to test our emergency response procedures and ensure that we are prepared in the event of an actual fire.

Your cooperation and vigilance in maintaining our fire safety standards are greatly appreciated. If you have any concerns or suggestions regarding fire safety, please do not hesitate to contact the Facilities Management Team.

Sincerely,

Facilities Management Team",Public Administrative,PUBLIC,generated,fire safety notice
"TO: All Hospital Staff and Visitors

FROM: Fire Safety Committee

SUBJECT: Enhanced Fire Safety Protocols to be Implemented Immediately

As part of our ongoing commitment to providing a safe environment for patients, visitors, and staff, we are implementing enhanced fire safety protocols across all hospital facilities. These measures aim to minimize the risk of fires and ensure timely evacuation in case of an emergency.

Immediate actions required:

* All electrical equipment, including computers, medical devices, and lighting fixtures, must be regularly inspected and maintained by authorized personnel.
* Smoking is strictly prohibited throughout the hospital premises, including designated smoking areas.
* Fire extinguishers will be checked monthly and recharged as necessary. Staff are expected to familiarize themselves with the location and operation of fire extinguishers in their respective departments.

Staff are reminded that fire drills will be conducted quarterly, commencing on [Date]. Participation is mandatory, and attendees are required to report any issues or concerns regarding fire safety equipment or procedures.

Visitors are also encouraged to report any suspicious activity or potential fire hazards to hospital security personnel immediately.

To ensure compliance with our enhanced fire safety protocols, regular inspections will be conducted by the Fire Safety Committee. Any non-compliance may result in disciplinary action.

We appreciate your cooperation and attention to these critical matters. If you have any questions or concerns regarding fire safety procedures, please do not hesitate to reach out to the Fire Safety Committee.

Thank you for your commitment to maintaining a safe environment within our hospital facilities.

Sincerely,
Fire Safety Committee",Public Administrative,PUBLIC,generated,fire safety notice
"To: All Hospital Staff

From: Fire Safety Management Team

Subject: Enhanced Fire Safety Measures

As part of our ongoing commitment to maintaining a safe and secure environment for our patients, visitors, and staff, we are implementing additional fire safety measures throughout the hospital. The following enhancements will be implemented effective immediately:

1. Regular Fire Drills: Bi-monthly fire drills will be conducted at 2 PM on Wednesdays and Fridays to ensure that all staff members are familiar with evacuation procedures and emergency response protocols.
2. Fire Safety Training: All new hires will undergo comprehensive fire safety training, which includes an interactive session, a written exam, and a practical exercise. Existing staff will also have the opportunity to refresh their knowledge through an online module available on our intranet.
3. Fire Extinguisher Maintenance: Regular inspections of fire extinguishers will be conducted by the fire safety management team. All extinguishers will be recharged or replaced as needed, and training will be provided to ensure staff members know how to properly use them.
4. Emergency Lighting: All emergency exit signs and lighting systems will be inspected weekly and maintained according to manufacturer guidelines.

In accordance with our fire safety policy, all staff members are expected to:

* Familiarize themselves with evacuation routes and assembly points
* Report any fire-related incidents or concerns to the fire safety management team immediately
* Participate in regular fire drills and training sessions

Your cooperation and commitment to fire safety are essential to maintaining a safe environment for everyone. If you have any questions or concerns, please do not hesitate to reach out to the fire safety management team.

Sincerely,
Fire Safety Management Team",Public Administrative,PUBLIC,generated,fire safety notice
"TO: All Hospital Staff

FROM: Fire Safety Management Team

SUBJECT: Enhanced Fire Safety Protocols Effective Immediately

As part of our ongoing commitment to ensuring a safe and healthy environment for all employees, we are implementing enhanced fire safety protocols across the hospital campus. These measures are designed to minimize risks and maximize response times in the event of an emergency.

Regular fire drills will be conducted on a quarterly basis, with staff required to participate in at least two drills per year. Fire evacuation procedures have been updated to ensure that all areas of the hospital are accounted for, including remote patient rooms and specialized facilities.

All employees are expected to familiarize themselves with the location of the nearest fire extinguisher, smoke detector, and emergency exit routes. Training on the proper use of fire safety equipment will be provided in conjunction with our fire safety management team.

To enhance response times, all fire alarms will activate the hospital's enhanced notification system, which will notify security personnel and the fire department within 30 seconds.

Additionally, we have increased the frequency of electrical inspections to ensure that all equipment is functioning properly. Staff are reminded that smoking is strictly prohibited in all areas of the hospital, including outdoor spaces.

Your cooperation and participation in these measures are crucial to maintaining a safe environment for everyone. If you have any questions or concerns, please do not hesitate to reach out to the fire safety management team.

Sincerely,
Fire Safety Management Team",Public Administrative,PUBLIC,generated,fire safety notice
"NOTICE OF FIRE SAFETY PROCEDURES AND EMERGENCY PREPARATION

To all hospital staff, visitors, and contractors,

In order to ensure a safe environment for everyone, we are providing this notice as a reminder of our fire safety procedures and emergency preparedness protocols. The safety of our patients, staff, and facilities is our top priority.

In the event of a fire, please follow these steps:

* In case of a fire alarm sounding, immediately stop what you are doing and leave the area.
* Use the nearest exit stairwell or designated evacuation route to the nearest exit.
* Do not use elevators during a fire evacuation.
* Once outside, proceed to the designated assembly point for further instructions.

We have conducted regular fire safety drills to ensure that all staff members are familiar with the emergency procedures. However, we require your active participation and cooperation in maintaining a safe environment.

To minimize risks, please:

* Keep fire extinguishers easily accessible and fully charged.
* Report any fire hazards or equipment malfunctions to the facilities team immediately.
* Ensure all electrical appliances and equipment are properly maintained and follow manufacturer guidelines.

Regular fire safety training sessions will be scheduled throughout the year. It is essential that you attend these sessions to ensure your knowledge and skills are up-to-date.

If you have any questions or concerns regarding our fire safety procedures, please do not hesitate to contact the facilities team.

Thank you for your cooperation in maintaining a safe and healthy environment for everyone.

Sincerely,
[Facilities Management Team]",Public Administrative,PUBLIC,generated,fire safety notice
"TO: All Hospital Staff

FROM: Fire Safety Committee

SUBJECT: Enhanced Fire Safety Measures

As we continue to prioritize patient safety and well-being, it is essential that we maintain a high level of vigilance regarding fire safety within our facilities. To this end, we have identified several areas for improvement and are implementing the following measures:

Effective immediately, all smoking materials will be prohibited in patient rooms, corridors, and common areas. This includes but is not limited to cigarettes, e-cigarettes, and vaping devices.

The use of open flames, such as candles or incense, is strictly prohibited within all patient care areas. Electrical appliances with exposed heating elements are also forbidden.

Regular fire drills will be conducted on a quarterly basis, commencing at 2:00 PM on the third Wednesday of each month. All staff members are required to participate and provide input on the drill's effectiveness.

In the event of an emergency, please activate the hospital's public address system to alert others in the vicinity.

Additionally, we will be conducting fire safety training sessions for all staff members, focusing on evacuation procedures, fire extinguisher usage, and first aid in case of minor burns. These sessions will be scheduled throughout the quarter.

Please report any concerns or suggestions regarding fire safety to your supervisor or the Fire Safety Committee immediately.

Your cooperation and vigilance are greatly appreciated in maintaining a safe environment for our patients and staff.

Sincerely,
Fire Safety Committee",Public Administrative,PUBLIC,generated,fire safety notice
"TO: All Hospital Staff

FROM: Hospital Administration

SUBJECT: Enhanced Fire Safety Measures

As part of our ongoing commitment to ensuring a safe and healthy environment for all, we are implementing additional fire safety measures across the hospital. The following procedures and protocols will be enforced effective immediately:

1. Regular fire drills will be conducted at least twice quarterly, with each department participating in at least one drill per year. These drills will focus on evacuation procedures, equipment operation, and emergency communication protocols.
2. All staff members are required to familiarize themselves with the location of fire extinguishers, emergency exits, and assembly points. A map of the hospital floor plan highlighting these locations is available for review in each department.
3. Smoking is strictly prohibited throughout the hospital premises. Designated smoking areas outside the building will be maintained.
4. All electrical equipment and appliances are to be inspected and certified annually by a licensed professional. Reports of any malfunctioning or damaged equipment must be reported to facilities management immediately.
5. The fire alarm system will be tested monthly, with training provided to all staff on how to respond in the event of an alarm activation.

In the unlikely event of a fire, please follow these general guidelines:

- Evacuate the building immediately and assemble at designated assembly points
- Do not use elevators during a fire emergency
- Call 911 or alert security personnel for assistance

Your cooperation and participation in these enhanced fire safety measures are crucial to maintaining a safe environment for our patients, visitors, and staff. If you have any questions or concerns regarding these procedures, please do not hesitate to contact facilities management.

Sincerely,

Hospital Administration",Public Administrative,PUBLIC,generated,fire safety notice
"NOTICE OF FIRE SAFETY PROTOCOLS AND EMERGENCY PROCEDURES

To all Staff and Visitors of [Hospital Name],

As part of our ongoing commitment to ensuring the safety and well-being of our patients, visitors, and staff, we would like to remind everyone of the importance of fire safety in our facilities. The hospital's fire safety protocols are designed to protect against the unexpected occurrence of a fire and minimize its impact on our operations.

In the event of a fire alarm activation, please follow the designated evacuation procedures. Fire drills will be conducted regularly to test our response to emergency situations. It is essential that all staff members participate in these drills to ensure their familiarity with the procedures.

The location of fire extinguishers and fire alarms can be found throughout the hospital. Please familiarize yourself with their locations, as they are also listed on the hospital's floor plans.

We have implemented a comprehensive fire safety program, which includes regular maintenance checks, fire safety training for all staff members, and the installation of advanced fire detection systems.

In the event of an evacuation, please proceed to the designated assembly point outside the building. Once there, you will be met by hospital security personnel who will provide further instructions.

If you have any questions or concerns regarding our fire safety protocols, please do not hesitate to reach out to the Facilities Management team.

Your cooperation and attention to this matter are greatly appreciated.

Sincerely,

[Facilities Manager's Name]",Public Administrative,PUBLIC,generated,fire safety notice
"TO: All Hospital Staff

FROM: Department of Risk Management

SUBJECT: Enhanced Fire Safety Measures

As part of our ongoing commitment to ensuring a safe and healthy work environment, we have implemented additional fire safety measures in response to recent industry guidelines and regulatory updates. These measures are designed to minimize the risk of fire-related incidents and ensure prompt evacuation procedures.

Effective immediately, all staff members are required to familiarize themselves with the new enhanced exit routes and assembly points located throughout the facility. It is also mandatory that all areas of the hospital be cleared of any combustible materials or obstructions prior to the end of each shift.

Regular fire drills will take place on the third Thursday of every month at 10:00 a.m., commencing from the east wing of the hospital and proceeding clockwise around the facility. All staff members are expected to participate in these drills as part of their ongoing training and preparedness.

Additionally, we have scheduled quarterly fire safety inspections with our certified contractors to ensure that all fire alarms, sprinkler systems, and other safety equipment are functioning properly.

Your cooperation and attention to this matter are greatly appreciated. If you have any questions or concerns regarding the new fire safety measures, please do not hesitate to reach out to the Department of Risk Management.

Sincerely,
[Department of Risk Management]",Public Administrative,PUBLIC,generated,fire safety notice
"NOTICE OF FIRE SAFETY PROTOCOLS AND EMERGENCY RESPONSE PLAN

To all Hospital Staff,

As part of our ongoing commitment to ensuring a safe and healthy environment for patients, visitors, and staff, we are revising our fire safety protocols and emergency response plan. The following measures will be implemented effective immediately:

Fire Drills: Regular fire drills will be conducted on the first Wednesday of each month at 2 PM sharp. All staff members are required to participate in these drills and follow the designated evacuation route.

Emergency Response Team: A trained team of hospital staff will respond to emergency situations, including fires, spills, and other incidents requiring immediate attention.

Fire Extinguishers: Fire extinguishers will be installed and maintained throughout the hospital. Staff members are authorized to use fire extinguishers in accordance with the manufacturer's instructions.

Evacuation Procedures: In the event of a fire, evacuate all areas immediately and assemble at the designated assembly point outside the building. Patients will be escorted by trained staff members to a safe location.

Fire Safety Training: All new hires will receive comprehensive fire safety training within their first week of employment. Current staff members are also encouraged to review and update their knowledge of fire safety protocols.

Compliance with Regulatory Requirements: The hospital is committed to complying with all relevant fire safety regulations and standards, including those set by the Occupational Safety and Health Administration (OSHA) and the National Fire Protection Association (NFPA).

Your cooperation and commitment to our fire safety protocols are essential in preventing fires and ensuring a safe environment for everyone.

Sincerely,
[Hospital Administration]",Public Administrative,PUBLIC,generated,fire safety notice
"TO: All Hospital Staff and Visitors

FROM: Fire Safety Committee

SUBJECT: Enhanced Fire Safety Measures

As we continue to strive for excellence in patient care, it is essential that we prioritize our fire safety protocols to ensure a secure environment for all. In light of recent fire incidents and regulatory updates, we have implemented the following enhanced measures to minimize risks:

1. Regular fire drills will be conducted on the first Thursday of every month at 10:00 AM. All staff members are expected to participate and report any anomalies or concerns.
2. Fire extinguishers will be inspected monthly by designated personnel, and their locations will be clearly marked with signs indicating their accessibility.
3. Flammable materials in patient rooms, hallways, and common areas will be minimized, and smoking areas will be clearly designated outside the hospital premises.
4. Electrical equipment maintenance will be prioritized to prevent overheating, and unnecessary electrical devices will be removed from patient care areas.

Staff members are reminded of their roles in fire safety:

* Report any fire hazards or concerns to the Fire Safety Committee immediately
* Familiarize yourself with evacuation routes and assembly points
* Participate in regular training sessions on fire response procedures

Visitors are also encouraged to take an active role in fire safety by:

* Following instructions from hospital staff during fire drills
* Reporting any suspicious activity or fire hazards
* Staying informed about our enhanced fire safety measures through the hospital's website and newsletters

Your cooperation and vigilance in maintaining a fire-safe environment are greatly appreciated. If you have any questions or concerns, please do not hesitate to reach out to the Fire Safety Committee.

Sincerely,
[Fire Safety Committee]",Public Administrative,PUBLIC,generated,fire safety notice
"NOTICE OF FIRE SAFETY PROTOCOLS AND EMERGENCY PROCEDURES

As part of our ongoing commitment to maintaining a safe and secure environment for all staff, patients, and visitors, we would like to take this opportunity to review and reinforce our fire safety protocols and emergency procedures.

In the event of a fire, please follow these steps:

1. In case of a fire alarm sounding, immediately evacuate the area and proceed to the designated assembly point.
2. If you are in a patient room or clinical area, turn off any heating equipment or appliances before leaving the room.
3. Use the nearest exit and do not use elevators during a fire emergency.

Fire Drill Schedules:

* We will conduct regular fire drills on the third Wednesday of every month at 10:00 AM sharp.
* All staff members are required to participate in these drills, regardless of their role or position within the hospital.

Emergency Contact Information:

* Please note that all fire alarms and emergencies will be reported to the Fire Marshal's office via the emergency hotline (555-1234).
* In cases where a fire occurs during night shifts, please notify the Night Shift Supervisor immediately.

Fire Safety Training:

* All new staff members are required to complete a comprehensive fire safety training program within their first 30 days of employment.
* Additionally, all existing staff members are expected to refresh their knowledge and skills in fire safety procedures every two years.

We take the safety and well-being of our community very seriously. If you have any concerns or suggestions regarding our fire safety protocols, please do not hesitate to reach out to your supervisor or the Fire Safety Officer.

Thank you for your cooperation and commitment to ensuring a safe environment for all.

Sincerely,
[Hospital Administrator's Name]",Public Administrative,PUBLIC,generated,fire safety notice
"TO: All Hospital Staff

FROM: Department of Safety and Risk Management

SUBJECT: Fire Safety Notice - Immediate Action Required

As part of our ongoing commitment to ensuring a safe working environment, we have conducted a comprehensive fire safety inspection of the hospital premises. The inspection revealed several areas that require immediate attention to ensure compliance with current regulations.

The following items were identified as high-risk and require corrective action:

* All combustible materials in patient rooms must be cleared of clutter and stored in accordance with hospital policies.
* Fire extinguishers must be inspected monthly, and their certification renewed annually.
* Emergency evacuation drills will be conducted on a quarterly basis to ensure that all staff are familiar with the escape routes and assembly points.

In light of recent events, we have also increased our fire safety patrols to ensure that all areas of the hospital are secure at all times. Additionally, we will be conducting regular training sessions for staff on fire safety procedures and emergency response protocols.

All staff members are expected to adhere to the following guidelines:

* Report any fire hazards or concerns to the Safety and Risk Management department immediately.
* Familiarize yourself with the location of fire extinguishers and emergency evacuation routes.
* Participate in regular fire drills and training sessions.

Your cooperation and commitment to fire safety are essential to ensuring a safe working environment. If you have any questions or concerns, please do not hesitate to contact the Safety and Risk Management department.

Sincerely,
[Your Name]
Department of Safety and Risk Management",Public Administrative,PUBLIC,generated,fire safety notice
"Fire Safety Notice

As part of our ongoing commitment to ensuring the safety and well-being of all employees, visitors, and patients, we would like to remind everyone of the importance of adhering to our hospital's fire safety procedures.

The Hospital Fire Safety Team has conducted regular fire risk assessments and identified areas where improvements are needed. To address these concerns, we will be implementing additional measures to ensure compliance with national fire safety standards.

Key changes to note include:

- The installation of new fire alarms and detection systems in all patient rooms and common areas
- Regular drills and training sessions for employees on evacuation procedures and use of fire equipment
- Enhancements to our fire extinguisher maintenance schedule
- Increased signage to clearly direct individuals in case of an emergency

We urge everyone to remain vigilant and take the following precautions:

- Report any faulty or damaged electrical equipment to facilities management immediately
- Keep emergency exits clear and unobstructed at all times
- Be prepared for regular evacuation drills and participate actively in training sessions

Your cooperation and attention to these matters are greatly appreciated. If you have any concerns or suggestions regarding our fire safety procedures, please do not hesitate to reach out to the Fire Safety Team.

We will be conducting a comprehensive review of our fire safety protocols within the next quarter. We look forward to working together to ensure the continued safety of our community.

Sincerely,
Hospital Administration",Public Administrative,PUBLIC,generated,fire safety notice
"TO: All Hospital Staff

FROM: Facilities Management Department

SUBJECT: Fire Safety Notice - Immediate Action Required

As part of our ongoing commitment to maintaining a safe and healthy environment for all staff, we are issuing an urgent fire safety notice. Following recent inspections and drills, it has been confirmed that the fire alarm system is functioning correctly, but there are a few areas of concern that require immediate attention.

The fire alarm panel in the main corridor of Building A was found to be clogged with dust, which may cause it to malfunction during a fire emergency. We urge all staff members to report any maintenance issues or concerns to the facilities management department immediately.

Additionally, we have received reports of expired fire extinguishers in various locations throughout the hospital. The expiration dates for these extinguishers are as follows:

* Building B: Expiration date - March 2025
* Central Utility Plant: Expiration date - April 2024
* Medical Wing: Expiration date - January 2026

All expired fire extinguishers must be replaced with approved ones by the end of the month. We have arranged for a supplier to deliver new extinguishers, and they will be available for collection from the facilities management department.

In the event of a fire emergency, please follow the standard evacuation procedures and notify security personnel immediately. Regular fire drills will be scheduled in the coming weeks, so please make sure to participate.

Your cooperation and prompt attention to these matters are greatly appreciated. If you have any questions or concerns, please do not hesitate to contact the facilities management department.

Sincerely,

Facilities Management Department",Public Administrative,PUBLIC,generated,fire safety notice
"NOTICE OF HOSPITAL GYM AND WELLNESS FACILITIES POLICY

The [Hospital Name] is committed to providing a healthy and safe environment for all staff, patients, and visitors. As part of our efforts to promote wellness and prevent injury, we are introducing new policies and guidelines for the use of our hospital gym and wellness facilities.

Effective immediately, the following rules and regulations will apply:

All individuals using the gym and wellness facilities must be in good physical health and free from any medical conditions that may pose a risk to themselves or others. This includes but is not limited to, open wounds, recent injuries, or pregnancy.

Gym equipment and facilities are for use by authorized personnel only. Unauthorized use of equipment or access to facilities will result in disciplinary action, up to and including termination of employment or patient privileges.

The gym and wellness facilities are closed on weekends and major holidays. Use of these facilities during these times requires prior approval from the designated supervisor.

Food and beverage consumption is not permitted within the gym and wellness facilities. The use of electronic devices such as smartphones and laptops is also prohibited, except in designated areas.

To ensure compliance with safety regulations, all individuals using the gym and wellness facilities must wear approved athletic attire and footwear at all times.

The [Hospital Name] reserves the right to modify or revoke these policies at any time without prior notice. Compliance with these policies is mandatory and failure to comply may result in disciplinary action.

By using the hospital gym and wellness facilities, you acknowledge that you have read and understood these policies and will comply with them.",Public Administrative,PUBLIC,generated,hospital gym and wellness facilities notice
"NOTICE TO ALL HOSPITAL EMPLOYEES AND VISITORS

In order to maintain a clean, safe, and healthy environment for all hospital staff and patients, the Hospital Administration has established guidelines for the use of our gym and wellness facilities.

The hospital gym is open to all eligible employees during regular working hours. Members are required to present their employee ID badge at the entrance to gain access. Employees are expected to adhere to the following rules:

* All equipment and facilities must be used in accordance with posted instructions.
* Personal belongings, including phones and personal items, should not be left unattended while using gym facilities.
* Food and drink are prohibited in the gym area.

The wellness facilities include a meditation room, a relaxation lounge, and a rooftop garden. These areas are available to all hospital staff during designated hours. Visitors are welcome to use these facilities on a limited basis, subject to approval by department management.

To ensure cleanliness and safety, the following rules apply:

* All surfaces, including equipment and seating areas, must be wiped down with disinfectant after each use.
* Personal hygiene practices should be followed at all times, including showering before using pool or sauna facilities.

The hospital administration reserves the right to modify these guidelines as necessary. It is the responsibility of all employees and visitors to comply with these rules in order to maintain a safe and healthy environment for everyone.

By using our gym and wellness facilities, you acknowledge that you have read and understood these guidelines.

Sincerely,
[Hospital Administration]",Public Administrative,PUBLIC,generated,hospital gym and wellness facilities notice
"NOTICE TO FACILITY STAFF AND VISITORS

The hospital's gym and wellness facilities are committed to providing a safe and healthy environment for all users. To ensure compliance with health and safety regulations, please be advised of the following policies and procedures:

Facility Hours: The gym and wellness facilities will be open Monday through Friday from 6:00 AM to 8:00 PM and Saturday from 8:00 AM to 2:00 PM.

Equipment Sanitation: All equipment must be cleaned and disinfected after each use. Users are responsible for reporting any damaged or malfunctioning equipment to the facility manager.

Membership Policy: The hospital gym membership is restricted to authorized personnel, including staff, patients, and their families. Visitors are not permitted in the facilities unless accompanied by an authorized member.

Group Fitness Classes: Class schedules and instructors are subject to change without notice. Users are advised to check the facility's website or mobile app for updated schedules.

Personal Belongings: The hospital is not responsible for lost or stolen personal belongings. Users are encouraged to keep valuables with them at all times.

Security Measures: The facility is equipped with security cameras and monitoring systems. Unauthorized access will be reported to hospital security personnel.

We reserve the right to modify or terminate these policies at any time without notice. Users are expected to comply with all applicable laws, regulations, and hospital policies governing the use of our facilities.

For questions or concerns regarding the gym and wellness facilities, please contact the facility manager at [insert contact information].",Public Administrative,PUBLIC,generated,hospital gym and wellness facilities notice
"NOTICE TO FACILITY USERS - GYM AND WELLNESS FACILITIES

As part of our commitment to providing a comprehensive wellness program for our staff and visitors, we are pleased to announce that our hospital gym and wellness facilities will be renovated and expanded. The newly upgraded facilities will feature state-of-the-art equipment, improved group fitness classes, and enhanced relaxation areas.

Effective [Date], the gym and wellness facilities will undergo renovations and will be unavailable for use during this time. We apologize for any inconvenience this may cause and appreciate your patience as we work to improve these essential services.

During the renovation period, alternative fitness options will be provided, including online workout classes and on-site personal training sessions. We will also offer a complimentary fitness assessment and coaching session to all users upon completion of the renovations.

The renovated gym and wellness facilities are expected to be completed by [Date] and will be officially reopened with a grand reopening event. We invite all staff, visitors, and their families to join us for this special occasion.

Please note that all facility usage guidelines and rules remain in effect during the renovation period. Users are reminded to respect other users of the facilities and to report any damage or concerns to the facilities management team.

We appreciate your understanding and cooperation as we work to enhance our wellness program. If you have any questions or concerns, please do not hesitate to reach out to our facilities management team.

Sincerely,
[Facilities Management Team]",Public Administrative,PUBLIC,generated,hospital gym and wellness facilities notice
"NOTICE TO STAFF AND PATIENTS - HOSPITAL GYM AND WELLNESS FACILITIES

As part of our ongoing commitment to providing a healthy and supportive work environment, we are pleased to announce the expansion of our hospital gym and wellness facilities. The new additions include state-of-the-art cardio equipment, free weights, and strength training machines, as well as a designated yoga room and meditation area.

These upgrades aim to enhance the overall fitness experience for staff members and patients, promoting physical activity, stress reduction, and overall well-being. We encourage everyone to take advantage of these resources and utilize them in accordance with our wellness program guidelines.

Some key details to note:

* Gym hours: Monday - Friday, 6am - 8pm; Saturday, 9am - 1pm
* Yoga room access: Available on a first-come, first-served basis; please sign in with hospital staff to gain entry
* Meditation area: Open during regular business hours; please respect quiet time and personal space
* Equipment usage guidelines: Please familiarize yourself with our equipment operation procedures to ensure safe and efficient use

To support the new facilities, we will be offering several wellness programs and initiatives throughout the year. These may include group fitness classes, workshops on nutrition and mindfulness, and educational seminars on stress management.

We are excited to offer these resources as part of our continued commitment to promoting health and wellness in our community. If you have any questions or feedback regarding the hospital gym and wellness facilities, please do not hesitate to reach out to the Wellness Committee.

Thank you for your cooperation and enthusiasm.

Sincerely,
[Your Hospital Administration]",Public Administrative,PUBLIC,generated,hospital gym and wellness facilities notice
"NOTICE OF HOSPITAL GYM AND WELLNESS FACILITIES POLICY

As part of our commitment to providing a comprehensive and supportive environment for staff, patients, and their families, we are pleased to announce the expansion of our hospital gym and wellness facilities.

Effective immediately, the following guidelines and regulations will be enforced:

* The hospital gym is open to all authorized personnel during regular working hours. Access will be restricted during non-working hours for maintenance and cleaning purposes.
* All equipment and facilities must be used in accordance with manufacturer's instructions and guidelines provided by the hospital's fitness department.
* A valid staff ID or visitor pass is required for access to the gym and wellness facilities.
* Use of personal electronic devices (PEDs) in the gym is strictly prohibited, except for approved medical exemptions with prior approval from the hospital administration.
* Food and beverages are not permitted within the gym premises, with the exception of water bottles.

In order to maintain a clean and safe environment, the following rules will apply:

* No smoking or vaping is allowed anywhere within the hospital premises, including the gym.
* All trash and recyclables must be disposed of in designated receptacles.
* Personal hygiene and cleanliness standards must be maintained at all times.

We encourage all staff and visitors to take advantage of our wellness facilities and adhere to these guidelines. If you have any questions or concerns regarding the use of our hospital gym and wellness facilities, please contact the fitness department directly.

Your cooperation and understanding in this matter are greatly appreciated.

Sincerely,
[Hospital Administration]",Public Administrative,PUBLIC,generated,hospital gym and wellness facilities notice
"NOTICE TO ALL HOSPITAL EMPLOYEES AND VISITORS

In accordance with our hospital's commitment to promoting a healthy and active lifestyle, we are pleased to announce that our gym and wellness facilities will be undergoing renovations and upgrades. These improvements aim to enhance the overall experience for our employees and visitors who utilize these spaces.

The renovated gym area will feature state-of-the-art equipment and cardio machines, as well as expanded group fitness classes and personal training sessions. Additionally, we are introducing a new relaxation lounge with complimentary meditation and yoga classes, ensuring that everyone has access to resources that promote mental and physical well-being.

Furthermore, our wellness facilities will be expanded to include a private consultation room for nutrition counseling, mindfulness workshops, and stress management programs. We believe that these initiatives align with our hospital's mission of fostering an environment where employees and visitors can thrive both physically and mentally.

We kindly request that all gym and wellness facilities users adhere to the following guidelines:

- Please respect quiet hours in designated relaxation areas
- Wear comfortable shoes suitable for physical activity
- Refrain from using mobile devices during group fitness classes
- Report any equipment issues or maintenance concerns to our facilities team promptly

These updates are part of our ongoing efforts to promote a culture of wellness and healthy living within our organization. We look forward to sharing the benefits of these improvements with you.

If you have any questions or feedback regarding these changes, please do not hesitate to contact our facilities management team.

Sincerely,
[Your Hospital Name] Administration",Public Administrative,PUBLIC,generated,hospital gym and wellness facilities notice
"NOTICE OF GYM AND WELLNESS FACILITIES POLICY

As part of our commitment to promoting a healthy work environment, our hospital has established a gym and wellness facilities policy. The purpose of this policy is to provide guidelines for the use and maintenance of these facilities, ensuring that they remain safe and accessible for all employees.

The gym and wellness facilities are designed to be a convenient and welcoming space for staff members to engage in physical activity and relaxation during their breaks or after work hours. However, to maintain a professional and respectful atmosphere, certain rules and guidelines must be adhered to:

* The gym and wellness facilities are open to hospital staff Monday through Friday, 7:00 am to 5:00 pm.
* All staff members must sign in and out of the facilities using the provided logbook.
* Personal belongings, including food and drinks, are not permitted in the gym or wellness areas.
* Mobile phones and other electronic devices must be silenced and stored outside of the facilities during use.
* The facilities may be closed temporarily due to maintenance, inclement weather, or other unforeseen circumstances.

To ensure compliance with this policy, all staff members are expected to familiarize themselves with the rules and guidelines outlined above. Failure to adhere to these guidelines may result in loss of access to the gym and wellness facilities.

The hospital reserves the right to modify or update this policy at any time, without prior notice. It is the responsibility of each staff member to stay informed about changes to this policy.

By using the gym and wellness facilities, you acknowledge that you have read and understood this policy.

Date: [Insert Date]

Signature: [Insert Signature]",Public Administrative,PUBLIC,generated,hospital gym and wellness facilities notice
"NOTICE OF HOSPITAL GYM AND WELLNESS FACILITIES POLICY

The [Hospital Name] is committed to providing a comprehensive wellness program for its employees, promoting healthy lifestyles and improving overall well-being. As part of this initiative, we have established a gym and wellness facilities area within the hospital premises.

The gym and wellness facilities are open to all eligible employees during designated hours. Membership is free and available on a first-come, first-served basis. The facilities include state-of-the-art equipment, cardio machines, free weights, and group fitness classes.

In order to ensure a safe and respectful environment for all users, the following rules and regulations apply:

* Gym hours are Monday through Friday, 6:00 AM to 8:00 PM, and Saturday, 9:00 AM to 5:00 PM. Sundays are closed.
* Memberships can be obtained at the human resources department.
* A valid employee ID is required for access to the facilities.
* Personal items, such as food, drinks, and electronic devices, are not allowed in the gym area.
* Cell phone use is limited to designated areas outside of the workout zones.
* Towels, water bottles, and personal hygiene items must be stored in provided lockers.

We encourage all employees to take advantage of this valuable resource and prioritize their physical and mental health. If you have any questions or concerns regarding the gym and wellness facilities policy, please contact the human resources department.

By utilizing these facilities, we acknowledge that we are aware of and agree to abide by the rules and regulations outlined above.",Public Administrative,PUBLIC,generated,hospital gym and wellness facilities notice
"NOTICE OF HOSPITAL GYM AND WELLNESS FACILITIES POLICY AND PROCEDURE

The hospital's wellness facilities, including the gym and other amenities, are designed to promote physical activity and overall well-being among staff members. To ensure a safe and healthy environment for all users, the following policy and procedure will be strictly enforced.

**Hours of Operation**

The wellness facilities will be open during regular working hours, Monday through Friday, from 6:00 AM to 4:30 PM, and Saturday from 7:00 AM to 12:30 PM. The gym will be closed on Sundays and all major holidays.

**Access and Admission**

Staff members must swipe their hospital ID card to gain access to the wellness facilities. Non-staff members are not permitted to use the facilities without prior approval from the administration department.

**Equipment Usage**

All equipment in the gym is for staff use only. Members are expected to follow proper usage guidelines and report any damaged or malfunctioning equipment to the maintenance department immediately.

**Supervision**

Staff members must be accompanied by a supervisor at all times while using the wellness facilities.

**Housekeeping**

The wellness facilities must be cleaned up after each use. Users are responsible for disposing of trash and recycling properly.

**Policy Review and Revision**

This policy will be reviewed annually, or as needed, to ensure it remains relevant and effective in promoting a healthy work environment.

By adhering to this policy and procedure, we can maintain a clean, safe, and supportive environment for all staff members. If you have any questions or concerns regarding the wellness facilities, please do not hesitate to reach out to the administration department.

Date: [Insert Date]

Approved by: [Insert Name and Title]

Note: This is a sample document and should be reviewed and modified according to your hospital's specific policies and procedures.",Public Administrative,PUBLIC,generated,hospital gym and wellness facilities notice
"NOTICE TO ALL HOSPITAL STAFF AND VISITORS

As part of our ongoing commitment to promoting employee and visitor well-being, we are pleased to announce the launch of our new hospital gym and wellness facilities. Located in a convenient and accessible location within our facility, these state-of-the-art amenities will provide a welcoming space for all staff and visitors to engage in physical activity and practice self-care.

The gym features a variety of equipment and machines, including cardio options, free weights, and strength-training tools. We have also incorporated a comfortable seating area and refreshment station to ensure that our users can take breaks and recharge throughout their workout.

In addition to the gym, we are excited to offer a range of wellness programs and services, including yoga classes, meditation sessions, and healthy snack options. Our goal is to create a supportive environment that encourages employees and visitors to prioritize their physical and mental health.

To ensure the safe use of our facilities, we kindly request that all users adhere to the following guidelines:

* Please wipe down equipment after each use
* Refrain from using strong perfumes or fragrances
* Be mindful of noise levels and respect other users' space

We are committed to providing a clean, comfortable, and supportive environment for all who use our facilities. If you have any suggestions or feedback, please do not hesitate to share them with the facilities management team.

Thank you for your cooperation and we look forward to seeing you in our new gym and wellness facilities!",Public Administrative,PUBLIC,generated,hospital gym and wellness facilities notice
"NOTICE OF HOSPITAL GYM AND WELLNESS FACILITIES POLICIES AND PROCEDURES

The hospital's gym and wellness facilities are designed to promote physical activity, relaxation, and overall well-being for our staff members. In order to ensure a safe and healthy environment for all users, the following policies and procedures will be strictly enforced.

**Hours of Operation**

The gym and wellness facilities will be open Monday through Friday from 6:00 AM to 8:00 PM and weekends from 9:00 AM to 5:00 PM. Please note that these hours are subject to change without prior notice.

**User Conduct**

All users must adhere to the following guidelines:

* Be respectful of fellow users and hospital staff
* Refrain from loud talking, music, or phone use in designated quiet areas
* Remove shoes before entering shower facilities or swimming pools
* Dispose of trash and recyclables properly

**Facility Rules**

The gym and wellness facilities are restricted to authorized personnel only. Unauthorized access will be met with disciplinary action.

**Equipment Use**

All exercise equipment must be used in accordance with manufacturer's instructions. Users are responsible for any damage caused by misuse or neglect.

**Cleaning and Maintenance**

Users are expected to report any maintenance issues or spills immediately to the designated staff member.

By using the hospital gym and wellness facilities, users acknowledge that they have read and understood these policies and procedures. Failure to comply may result in revocation of access privileges.

Please direct any questions or concerns to [designated contact person].",Public Administrative,PUBLIC,generated,hospital gym and wellness facilities notice
"NOTICE TO ALL EMPLOYEES AND VISITORS OF [HOSPITAL NAME]

As part of our ongoing efforts to promote employee and patient wellness, we are excited to announce the launch of our new hospital gym and wellness facilities. These state-of-the-art amenities are designed to provide a convenient and accessible space for staff, patients, and their families to engage in physical activity and relaxation.

The gym will be open Monday through Friday from 6:00 AM to 8:00 PM and Saturday from 9:00 AM to 1:00 PM. The facilities will include:

* A fully equipped weight room with free weights and machines
* Cardio equipment, including treadmills, ellipticals, and stationary bikes
* Group fitness classes, including yoga, Pilates, and aerobics
* A relaxation lounge with comfortable seating areas and soothing music

In addition to the gym facilities, we are also introducing a new wellness program that will include workshops, educational seminars, and healthy dining options. Our goal is to provide a supportive environment that promotes overall well-being and encourages healthy lifestyle choices.

We invite all employees and visitors to take advantage of these new amenities and participate in our wellness programs. We believe that a healthy workforce is essential to delivering high-quality patient care, and we are committed to providing the resources necessary to support your physical and mental health.

For more information about the gym and wellness facilities, please contact the Hospital Wellness Coordinator at [phone number] or [email address]. We look forward to seeing you in the gym!

Sincerely,
[Hospital Administration]",Public Administrative,PUBLIC,generated,hospital gym and wellness facilities notice
"NOTICE OF HOSPITAL GYM AND WELLNESS FACILITIES GUIDELINES

As part of our commitment to promoting overall health and wellness among our staff, we are pleased to offer a fully equipped gym and wellness facilities within our hospital grounds.

The gym is open to all eligible staff members on weekdays from 6:00 AM to 8:00 PM, excluding hospital holidays. Members are required to sign in and out of the facility using the designated logbook located at the entrance.

To maintain a clean and safe environment, please adhere to the following guidelines:

- Wear approved gym attire and footwear
- Remove all food, drink, and personal items from the gym prior to use
- Refrain from using strong perfumes or colognes in the facilities
- Report any damage or equipment malfunctions to the designated maintenance staff immediately

Wellness activities such as yoga, meditation, and fitness classes will be offered bi-weekly. These sessions will be announced through the hospital's internal communication channels and are open to all participating staff members.

The gym and wellness facilities are equipped with state-of-the-art equipment and amenities, including showers and towel service. Please respect other users by keeping noise levels down and allowing sufficient time for individual use of each facility.

Regular cleaning and maintenance schedules will be implemented to ensure the highest standards of hygiene and safety.

We appreciate your cooperation in maintaining a positive and respectful environment within our hospital gym and wellness facilities. If you have any questions or concerns, please do not hesitate to reach out to the designated support staff.

Sincerely,
[Your Name]
Hospital Administration",Public Administrative,PUBLIC,generated,hospital gym and wellness facilities notice
"NOTICE: Hospital Gym and Wellness Facilities

As part of our ongoing efforts to promote employee well-being and overall health, the hospital administration is pleased to announce that our gym and wellness facilities are now open to all employees.

The state-of-the-art fitness center is equipped with a variety of exercise equipment, free weights, and cardio machines. Additionally, we offer group fitness classes, including yoga, Pilates, and spinning. Our facility also features a relaxation room, shower facilities, and a dedicated space for meditation and mindfulness.

In order to ensure the continued maintenance and improvement of these facilities, we kindly request that all employees adhere to the following guidelines:

* Facility hours: Monday - Friday, 6am - 8pm; Saturday, 9am - 5pm
* Membership is required for access; please visit the human resources department to obtain a membership card
* Guests are allowed only with prior approval from management
* Please respect other users of the facility and refrain from using strong perfumes or colognes
* Food and drink are not permitted in the fitness area

We also offer discounted rates for employees on our monthly wellness programs, including nutrition counseling and health coaching. These services can be accessed by scheduling an appointment with our wellness coordinator.

We are committed to providing a safe and supportive environment for all employees to prioritize their physical and mental well-being. If you have any suggestions or feedback regarding the gym and wellness facilities, please do not hesitate to reach out to management.

Thank you for your cooperation and commitment to your health and wellness.",Public Administrative,PUBLIC,generated,hospital gym and wellness facilities notice
"NOTICE TO ALL HOSPITAL STAFF AND PATIENTS

As part of our ongoing commitment to promote the health and well-being of our staff, patients, and visitors, we are pleased to announce the launch of our new hospital gym and wellness facilities.

The state-of-the-art fitness center is designed to provide a convenient and accessible space for individuals to engage in physical activity during their visit. The facility features a variety of cardio equipment, free weights, and strength training machines, as well as comfortable seating areas for relaxation.

In addition to the gym, we have also established a wellness program that aims to promote healthy lifestyle choices among our staff and patients. This program will include regular health screenings, nutrition counseling, and stress management workshops.

To ensure a safe and enjoyable experience for all users, the following guidelines are in effect:

* All individuals must be at least 18 years of age to use the gym facilities
* Staff members who wish to use the facilities must sign out on the designated staff pass-out sheet
* Patents who require medical assistance while using the facilities must notify hospital staff immediately

We encourage all staff and patients to take advantage of these new amenities and promote a culture of wellness within our institution. If you have any questions or suggestions, please do not hesitate to reach out to the department responsible for the wellness program.

Thank you for your cooperation and support in this initiative.

Sincerely,
[Hospital Administration]",Public Administrative,PUBLIC,generated,hospital gym and wellness facilities notice
"NOTICE TO ALL HOSPITAL EMPLOYEES AND VISITORS

The hospital is pleased to announce that our gym and wellness facilities are now open for use by all employees, patients, and their families. These state-of-the-art facilities offer a wide range of equipment, classes, and programs designed to promote physical activity, mental well-being, and overall health.

The gym and wellness center will be open from 5:00 AM to 9:00 PM daily, Monday through Friday, and from 7:00 AM to 6:00 PM on weekends. Memberships can be purchased at the front desk of the facility or online through our website.

We offer a variety of classes, including yoga, Pilates, spinning, and group fitness classes led by certified instructors. Our equipment includes cardio machines, free weights, strength training machines, and functional training areas.

In addition to our physical fitness offerings, we also provide access to mental wellness programs, including meditation and mindfulness classes. We are committed to creating a safe and supportive environment for all users of the facilities.

All users are required to sign in at the front desk prior to using the facilities and adhere to our rules and regulations, which include:

* Wearing identification badges while on hospital premises
* Respecting quiet hours during designated times
* Refraining from food and drink in certain areas

We look forward to helping you achieve your health and wellness goals. If you have any questions or concerns, please do not hesitate to reach out to our fitness department.

Sincerely,
[Hospital Administration]",Public Administrative,PUBLIC,generated,hospital gym and wellness facilities notice
"NOTICE OF HOSPITAL GYM AND WELLNESS FACILITIES TERMS AND CONDITIONS

The hospital's gym and wellness facilities are available for use by authorized personnel, including hospital staff, visitors, and contractors. The following terms and conditions apply to the use of these facilities:

1. Hours of Operation: The gym and wellness facilities are open Monday through Friday from 6:00 AM to 9:00 PM, and Saturday and Sunday from 8:00 AM to 5:00 PM.

2. User Responsibility: Users of the gym and wellness facilities are responsible for their own safety and well-being while using these facilities. The hospital is not liable for any injuries or damages resulting from user negligence or failure to follow instructions.

3. Equipment Maintenance: The hospital is not responsible for maintaining the condition or functionality of equipment in the gym and wellness facilities. Users are expected to report any equipment malfunctions or damage to the facility management team immediately.

4. Membership Requirements: All users must have a valid authorization card or ID badge to access the gym and wellness facilities. Contractors and visitors must sign in at the front desk upon arrival.

5. Rules and Regulations: Users are expected to follow all posted rules and regulations, including but not limited to no food or drink consumption in certain areas, no loud noise after 9:00 PM, and no unauthorized use of equipment for personal training or other purposes.

6. Cleaning and Maintenance: The hospital reserves the right to close the gym and wellness facilities at any time due to cleaning and maintenance schedules, special events, or other operational requirements.

By using the hospital's gym and wellness facilities, users acknowledge that they have read, understood, and will comply with these terms and conditions.",Public Administrative,PUBLIC,generated,hospital gym and wellness facilities notice
"NOTICE TO ALL STAFF AND PATIENTS

As part of our ongoing commitment to providing a comprehensive and supportive environment for all, we are pleased to announce the expansion of our hospital gym and wellness facilities.

The new additions include:

* A state-of-the-art fitness center with a variety of cardio and strength-training equipment
* A yoga and meditation room for relaxation and stress relief
* A walking track and outdoor spaces for staff and patients to take a break and enjoy nature
* A nutrition counseling service to provide guidance on healthy eating habits

In order to ensure a safe and enjoyable experience for all users, the following guidelines will be enforced:

* All equipment must be used in accordance with manufacturer instructions and hospital policies.
* Patients are encouraged to schedule personal training sessions in advance to accommodate staff schedules.
* Staff members are required to wear hospital-issued identification badges while using facility facilities.
* Visitors are welcome, but please note that certain areas may be restricted for patient confidentiality reasons.

We strive to provide a healthy and inclusive environment for everyone. We kindly request your cooperation in adhering to these guidelines.

The fitness center will be open Monday through Friday from 6:00 AM to 8:00 PM and Saturday from 7:00 AM to 5:00 PM. We will also offer regular group fitness classes, including yoga, Pilates, and spinning.

If you have any questions or suggestions regarding the new facilities, please do not hesitate to reach out to our wellness coordinator at [insert contact information].

Thank you for your understanding and cooperation.",Public Administrative,PUBLIC,generated,hospital gym and wellness facilities notice
"NOTICE: Hospital Gym and Wellness Facilities

As part of our ongoing commitment to promoting employee health and well-being, we are pleased to announce the expansion and improvement of our hospital's gym and wellness facilities. The upgraded space will provide a state-of-the-art environment for employees to engage in physical activity, relaxation, and stress relief.

The new facilities will feature an expanded fitness area with modern exercise equipment, free weights, and group fitness classes. A serene meditation room and private quiet spaces will also be available for those seeking solitude. Additionally, a healthy snack bar offering nutritious options will be conveniently located within the facility.

To ensure a safe and comfortable environment for all users, please note the following guidelines:

* Hours of operation: Monday to Friday, 6:00 am - 8:00 pm, Saturday and Sunday, 7:00 am - 6:00 pm
* Membership requirements: Valid hospital staff ID or guest pass required for entry
* Cleaning and hygiene protocols will be strictly enforced to maintain a germ-free environment
* All users are expected to respect the facilities and other patrons by adhering to posted rules and regulations

We invite all hospital employees to take advantage of these new amenities and make wellness a priority. For more information on gym hours, membership policies, or group fitness classes, please contact the Employee Wellness department.

By providing this upgraded facility, we aim to foster an environment that promotes employee health, productivity, and job satisfaction. We look forward to seeing you in the new gym and wellness facilities!

Date: [Insert Date]

[Hospital Name] Management",Public Administrative,PUBLIC,generated,hospital gym and wellness facilities notice
"NOTICE TO ALL EMPLOYEES AND VISITORS

The hospital gym and wellness facilities are a valuable resource for promoting employee well-being, stress relief, and overall health. As such, we would like to remind everyone of the following guidelines and regulations:

All employees and visitors are welcome to use the gym and wellness facilities during designated hours. Please note that these facilities are designed for general use and not for commercial or personal training purposes.

Please respect other users of the facility by adhering to the following rules:

- Wear approved athletic attire and footwear
- Remove all jewelry and loose items before using equipment
- Refrain from eating, drinking, or smoking in designated exercise areas
- Report any damage or maintenance issues to the facilities team immediately

We kindly request that visitors respect the quiet hours policy during hospital operating hours. Please refrain from loud conversations, music, or other distracting noises between 0800 and 1700 hours.

All equipment and facilities are subject to regular cleaning and disinfection. Please do not use personal items such as towels, washcloths, or accessories in the showers or saunas.

The gym and wellness facilities are open to all employees and visitors Monday through Friday from 0600 to 1800 hours. Saturday and Sunday hours are limited to 0800 to 1400 hours.

By using these facilities, you acknowledge that you have read and understood these guidelines and regulations. We appreciate your cooperation and commitment to maintaining a clean, safe, and enjoyable environment for everyone.

If you have any questions or concerns, please do not hesitate to reach out to the facilities team.",Public Administrative,PUBLIC,generated,hospital gym and wellness facilities notice
"NOTICE TO HOSPITAL STAFF AND VISITORS

As part of our ongoing commitment to promoting a healthy and well lifestyle among our staff, visitors, and patients, we are pleased to announce the launch of our newly expanded gym and wellness facilities.

The upgraded fitness center, located on the second floor of the hospital's east wing, features state-of-the-art equipment and a variety of cardio machines. The space has also been designed to include relaxation areas and meditation rooms, promoting a peaceful and calming environment for those seeking to unwind.

In addition to the gym, our wellness facilities now offer a range of group fitness classes, including yoga, Pilates, and strength training sessions. These classes are open to all hospital staff, visitors, and patients who wish to participate.

We encourage all members of our community to take advantage of these new amenities, with the goal of promoting overall well-being and reducing stress. We believe that a healthy lifestyle is essential for optimal health and productivity, and we are committed to providing a supportive environment that fosters this mindset.

The gym and wellness facilities will be open from 6:00 AM to 8:00 PM, Monday through Friday, and 7:00 AM to 5:00 PM on weekends. We encourage all staff members to take advantage of these amenities during their breaks or after work hours.

For more information about our group fitness classes and wellness programs, please contact the hospital's recreation department at [insert contact information].",Public Administrative,PUBLIC,generated,hospital gym and wellness facilities notice
"NOTICE TO ALL EMPLOYEES AND VISITORS OF [HOSPITAL NAME]

As part of our commitment to promoting employee well-being and overall health, we are pleased to announce the expansion of our hospital gym and wellness facilities. The new additions include:

* A state-of-the-art cardio and strength training area
* A functional fitness studio for group classes and personal training sessions
* A relaxation room with calming amenities
* Access to on-site nutrition counseling services

These enhanced facilities are designed to support our employees' health and wellness goals, while also providing a peaceful retreat for visitors. We encourage all staff members to take advantage of these resources during their breaks or after work hours.

To ensure the safe and efficient use of these facilities, we kindly request that:

* All employees provide a valid ID badge to access the gym and wellness areas
* Visitors must obtain prior approval from hospital administration before using the facilities
* Employees are responsible for respecting quiet time and minimizing noise levels in the relaxation room

We also invite our community partners and visitors to take advantage of these resources during non-peak hours. Please note that priority will be given to hospital employees and their guests.

For more information on gym hours, class schedules, or nutrition counseling services, please visit our employee wellness portal or contact the facilities management team at [insert contact information].

We are excited to introduce these new amenities and look forward to promoting a healthy work environment and community.",Public Administrative,PUBLIC,generated,hospital gym and wellness facilities notice
"NOTICE TO ALL HOSPITAL EMPLOYEES AND VISITORS

As part of our ongoing commitment to promoting employee well-being and providing a healthy work environment, we are pleased to announce the expansion of our hospital gym and wellness facilities. These new amenities have been made available for the use of all hospital employees, including administrators, support staff, and volunteers.

The expanded fitness center will feature state-of-the-art equipment, group fitness classes, and personalized training sessions with certified trainers. Additionally, we are introducing a comprehensive wellness program that includes stress management workshops, mindfulness sessions, and access to on-site nutrition counseling.

All hospital employees are encouraged to take advantage of these new facilities and participate in our wellness initiatives. We recognize the importance of maintaining a healthy work-life balance and providing resources to support your overall well-being.

To ensure a safe and respectful environment for all users, please note the following guidelines:

* Gym hours will be extended to 6:00 AM - 8:00 PM, Monday - Friday
* Group fitness classes will be scheduled during designated times (see schedule posted in the gym)
* Personal training sessions must be booked in advance through our online scheduling system

We are proud to offer these amenities and look forward to supporting your health and wellness goals. For more information on how to use the new facilities or participate in our wellness programs, please contact our Employee Wellness department.

Thank you for your cooperation and commitment to a healthy hospital community.

Sincerely,
[Hospital Administration]",Public Administrative,PUBLIC,generated,hospital gym and wellness facilities notice
"NOTICE TO EMPLOYEES AND PATIENTS OF [HOSPITAL NAME]

As part of our ongoing commitment to promoting the physical and mental well-being of our employees, patients, and visitors, we are pleased to announce the launch of our newly expanded gym and wellness facilities.

The new fitness center, located on the third floor of the hospital's main wing, offers a state-of-the-art workout space equipped with cardio machines, free weights, and strength training equipment. The facility also features a spacious group fitness area, where we will be offering yoga, Pilates, and aerobics classes four days a week.

In addition to the physical fitness options, our wellness facilities will also provide access to a meditation room, a relaxation lounge with soothing music and aromatherapy, and a healthy snack bar serving nutritious meals and beverages.

We encourage all employees and patients to take advantage of these new facilities during their breaks or after work. We also invite visitors to use the facilities while they are on campus for their appointments.

The gym and wellness facilities will be open Monday through Friday from 6:00 AM to 8:00 PM, Saturday and Sunday from 9:00 AM to 5:00 PM. Membership is free for all hospital employees and patients, with access extended to visitors on a limited basis.

We hope that these new facilities will provide a welcoming and supportive environment for everyone in our community to prioritize their health and wellness.

If you have any questions or feedback regarding the gym and wellness facilities, please do not hesitate to contact our department at [Hospital Department Phone Number] or [Hospital Department Email].",Public Administrative,PUBLIC,generated,hospital gym and wellness facilities notice
"NOTICE TO HOSPITAL EMPLOYEES AND VISITORS

The hospital gym and wellness facilities are available for use by all employees, visitors, and their guests. To ensure a safe and healthy environment, the following guidelines and rules must be adhered to:

All users of the gym and wellness facilities are required to sign in at the designated area and provide proof of identity before accessing the facilities.

The hours of operation for the gym and wellness facilities are as follows: Monday to Friday, 6:00 AM to 9:00 PM; Saturday, 8:00 AM to 5:00 PM; Sunday, closed.

Users must wear approved athletic attire and footwear when participating in group fitness classes or using equipment. Personal items, including purses and loose clothing, must be secured at all times.

Food and beverages are not permitted in the gym and wellness facilities, except for water bottles with lids.

The use of electronic devices is strictly prohibited during group fitness classes.

To maintain cleanliness and hygiene, users are required to shower before using any locker room facilities.

Staff members are responsible for monitoring the gym and wellness facilities and reporting any incidents or equipment malfunctions to management immediately.

Violations of these guidelines and rules may result in revocation of access to the facilities. Users who fail to comply with these requirements may also be subject to disciplinary action.

For more information, please contact the fitness department at [insert contact information].",Public Administrative,PUBLIC,generated,hospital gym and wellness facilities notice
"NOTICE OF HOSPITAL GYM AND WELLNESS FACILITIES POLICY

In accordance with hospital policy, the use of our gym and wellness facilities is open to all authorized staff members. The facilities are designed to promote physical activity, stress relief, and overall well-being.

All users of the facilities are expected to adhere to the following guidelines:

- The facilities are available for use during designated hours only (Monday - Friday, 7am - 5pm).
- All staff members must present their hospital ID badges to access the facilities.
- Users are responsible for maintaining a clean and safe environment while using the facilities.
- No food or drink is allowed in the exercise areas, except for water bottles.
- The use of personal electronic devices is permitted in designated break areas only.
- Personal training sessions may be scheduled through our wellness department in advance.

Security measures will be implemented to ensure the safety of all users. These measures include:

- Electronic access controls
- CCTV monitoring
- Regular facility inspections

Users are expected to respect fellow staff members and adhere to all hospital policies and procedures while using the facilities. Failure to comply with these guidelines may result in revocation of privileges.

The hospital reserves the right to modify or revoke this policy at any time, without notice. Staff members are encouraged to report any concerns or suggestions regarding the gym and wellness facilities to our wellness department.

By using our facilities, staff members acknowledge that they have read and understood this policy.",Public Administrative,PUBLIC,generated,hospital gym and wellness facilities notice
"NOTICE TO ALL EMPLOYEES AND PATIENTS OF [HOSPITAL NAME]

As part of our ongoing commitment to providing a comprehensive and supportive environment for staff and patients alike, we are pleased to announce the expansion and enhancement of our hospital gym and wellness facilities.

Effective immediately, the newly renovated fitness center will be available for use by all hospital employees during working hours. This facility will offer a wide range of equipment, group fitness classes, and personal training sessions to promote physical activity and overall well-being.

In addition, we have introduced new wellness programs and services, including meditation and mindfulness classes, yoga therapy sessions, and nutrition counseling. These initiatives aim to foster a culture of health and wellness within our organization and provide opportunities for employees to take control of their own health and fitness goals.

The gym and wellness facilities are open from 6:00 AM to 8:00 PM, Monday through Friday, and 9:00 AM to 5:00 PM on weekends. We encourage all hospital staff to take advantage of these resources and participate in the various programs and services offered.

We are excited about this new development and believe it will have a positive impact on our employees' quality of life and overall job satisfaction. If you have any questions or would like more information about the gym and wellness facilities, please contact the Human Resources department at [insert contact information].

Thank you for your cooperation and support in promoting a healthy and wellness-oriented environment within our hospital.

Sincerely,
[ Hospital Administrator's Name ]",Public Administrative,PUBLIC,generated,hospital gym and wellness facilities notice
"NOTICE TO ALL EMPLOYEES AND VISITORS

As part of our ongoing efforts to promote employee wellness and provide a healthy environment for all, we are pleased to announce the expansion of our hospital gym and wellness facilities. These state-of-the-art amenities will be available for use by hospital staff, visitors, and their families.

The new fitness center will feature a variety of exercise equipment, free weights, and cardio machines, as well as group fitness classes and personal training sessions. Additionally, we will offer access to on-site yoga and meditation studios, a nutrition counseling service, and a wellness program that includes health screenings and education workshops.

We encourage all employees to take advantage of these new facilities and participate in our wellness programs. We believe that a healthy workforce is essential to providing high-quality patient care, and we are committed to supporting the well-being of our staff members.

To ensure a safe and secure environment for use, please note the following:

* All users must be at least 18 years old.
* Guests and visitors are welcome, but must be accompanied by an authorized hospital employee at all times.
* Please respect shared equipment and facilities, and report any maintenance or repair issues to the facilities management team.

We will provide regular updates on our wellness programs and facility hours through our internal communication channels. If you have any questions or suggestions, please do not hesitate to reach out to the facilities management team.

Thank you for your cooperation and enthusiasm for this new initiative!

Sincerely,
[ Hospital Management ]",Public Administrative,PUBLIC,generated,hospital gym and wellness facilities notice
"NOTICE OF HOSPITAL GYM AND WELLNESS FACILITIES POLICIES AND PROCEDURES

The hospital's gym and wellness facilities are designed to provide a healthy and comfortable environment for all visitors, staff, and patients. To ensure a safe and enjoyable experience for everyone, the following policies and procedures will be strictly adhered to:

**Hours of Operation**

The gym and wellness facilities are open Monday through Friday from 6:00 AM to 8:00 PM, and on weekends from 7:00 AM to 5:00 PM. Please note that these hours may be subject to change without prior notice.

**Membership and Access**

Membership to the gym and wellness facilities is restricted to authorized hospital staff, patients, and their guests. Guests must be accompanied by a registered user at all times and are required to present a valid ID badge or proof of affiliation before accessing the facilities.

**Facility Rules**

* No food or drink is allowed in the fitness areas.
* Mobile phones must be silenced during exercise classes.
* Personal training sessions require advance booking and approval from the wellness department.
* All equipment must be cleaned and returned to its designated place after use.

**Security and Safety**

The gym and wellness facilities are equipped with CCTV cameras and security personnel on site during operating hours. Users are responsible for their own safety and well-being, and any incidents or accidents will be reported to the facility management team immediately.

By using the hospital's gym and wellness facilities, users acknowledge that they have read, understood, and agree to comply with these policies and procedures.

Please direct any questions or concerns regarding the gym and wellness facilities to the Wellness Department at [insert contact information].",Public Administrative,PUBLIC,generated,hospital gym and wellness facilities notice
"NOTICE TO ALL HOSPITAL EMPLOYEES AND PATIENTS

In accordance with hospital policy, we are pleased to announce the renovation and expansion of our gym and wellness facilities. The new state-of-the-art equipment and amenities will provide a safe and healthy environment for employees and patients alike.

The gym will be open to all eligible staff members during regular working hours, while patients will have access to the facilities through their scheduled rehabilitation programs or as part of their overall care plan. We encourage all hospital staff to take advantage of this amenity to improve their physical health and well-being.

New features of the expanded facility include:

- A range of cardio and strength-training equipment
- A fully equipped weight room with free weights and machines
- A dedicated yoga and Pilates studio
- A relaxation area with comfortable seating and calming atmosphere

We have also implemented enhanced security measures to ensure the privacy and confidentiality of all users. These measures include:

- Secure keycard access to the gym
- Surveillance cameras in common areas
- Trained staff on site during operating hours

Please note that a contract with our facilities management partner will be sent to all employees and patients for review and signature. This contract outlines the terms and conditions for use of the facility, including liability waivers and expectations for user conduct.

We look forward to providing this valuable resource to our community and hope you enjoy the new and improved gym and wellness facilities.",Public Administrative,PUBLIC,generated,hospital gym and wellness facilities notice
"NOTICE OF HOSPITAL GYM AND WELLNESS FACILITIES POLICY

In accordance with our hospital's commitment to providing a healthy and supportive environment for all employees, we are pleased to announce the expansion of our gym and wellness facilities.

The new fitness center will be open to all hospital staff members during regular working hours. The state-of-the-art equipment includes cardio machines, strength training devices, free weights, and group fitness classes.

To ensure a safe and respectful environment, we have established the following guidelines:

- Memberships are required for access to the facilities, which can be obtained through the Employee Benefits department.
- Hours of operation will be from 6:00 AM to 8:00 PM, Monday through Friday, and 7:00 AM to 5:00 PM on weekends.
- Personal belongings must be stored in lockers or designated areas outside the fitness area.
- Food and drink are permitted in designated eating areas only.
- Mobile phones and electronic devices must be silenced during class and group exercise sessions.

To promote employee well-being, we will also offer various wellness programs and workshops throughout the year. These may include stress management techniques, nutrition seminars, and health screenings.

We encourage all staff members to take advantage of these facilities and participate in our wellness initiatives. If you have any questions or suggestions regarding the gym and wellness facilities, please do not hesitate to contact the Employee Wellness department.

By joining the hospital community, we are committed to supporting each other's overall health and well-being.",Public Administrative,PUBLIC,generated,hospital gym and wellness facilities notice
"NOTICE TO ALL EMPLOYEES AND VISITORS

The hospital's gym and wellness facilities are open to all employees, patients, and their families. In accordance with our institutional policies, we require all users of these facilities to adhere to the following guidelines:

The gym and wellness facilities are designed to promote physical activity, relaxation, and overall well-being. To ensure a safe and enjoyable experience for all users, please be aware of the following rules and regulations:

* Hours of operation: The gym is open from 6:00 AM to 8:00 PM, Monday through Friday, and 7:00 AM to 5:00 PM on weekends.
* Membership and access: All hospital employees, patients, and their families are required to present a valid hospital identification badge or guest pass to gain access to the facilities.
* Equipment usage: Users are expected to follow all instructions provided by gym staff and to use equipment in accordance with manufacturer guidelines.
* Hygiene and cleanliness: Users are responsible for maintaining the cleanliness of the facilities and reporting any maintenance issues to gym staff promptly.
* Security: The gym is equipped with security cameras and monitors. Unauthorized access or misuse of facilities may result in disciplinary action.

We also offer a variety of wellness programs and services, including yoga classes, fitness workshops, and nutrition counseling. These programs are open to all users and can be scheduled through the hospital's employee assistance program.

If you have any questions or concerns about the gym and wellness facilities, please contact the gym staff or your supervisor. Your cooperation and adherence to these guidelines are greatly appreciated.

Sincerely,
[ Hospital Administration ]",Public Administrative,PUBLIC,generated,hospital gym and wellness facilities notice
"NOTICE TO HOSPITAL STAFF AND PATIENTS

As part of our ongoing efforts to promote a healthy lifestyle among our employees, patients, and visitors, we are pleased to announce the establishment of our hospital gym and wellness facilities. These state-of-the-art amenities are designed to provide a convenient and accessible space for individuals to engage in physical activity, relaxation, and wellness programs.

The hospital gym will be open to all hospital staff, patients, and their guests during designated hours. Memberships will not be required, but a valid hospital ID or visitor pass is necessary for entry.

Facilities include:

* State-of-the-art cardio and strength training equipment
* Group fitness classes, including yoga, Pilates, and aerobics
* A fully equipped weight room with free weights and resistance machines
* A meditation and relaxation lounge with calming music and aromatherapy
* Access to healthy snack and beverage options

In addition to the gym facilities, we are also offering a variety of wellness programs and services, including:

* Health screenings and risk assessments
* Nutrition counseling and cooking classes
* Mindfulness and stress-reduction workshops
* Referrals to local fitness professionals and wellness experts

We encourage all hospital staff and patients to take advantage of these resources and prioritize their physical and mental well-being. If you have any questions or would like more information, please contact our Wellness Department at [insert contact information].

By investing in the health and wellness of our community, we are committed to providing a supportive and healthy environment for everyone who walks through our doors.",Public Administrative,PUBLIC,generated,hospital gym and wellness facilities notice
"NOTICE OF HOSPITAL GYM AND WELLNESS FACILITIES USE POLICY

In accordance with our hospital's commitment to providing a healthy and supportive environment for all staff, we are pleased to announce the launch of our new gym and wellness facilities. These state-of-the-art amenities are designed to promote physical activity, stress reduction, and overall well-being among our dedicated healthcare professionals.

The gym is open to all hospital staff during operating hours, Monday through Friday, from 6:00 AM to 5:00 PM, and Saturday from 9:00 AM to 1:00 PM. Equipment usage is free of charge for staff members, and we encourage everyone to take advantage of this wonderful resource.

To ensure a safe and respectful environment, the following rules apply:

- Memberships must be renewed annually, and late renewals will incur a fee.
- Guests are allowed with prior permission from management only.
- Personal trainers can be booked in advance through our designated trainer portal.
- All equipment must be cleaned up after use.

Additionally, we would like to remind staff that our wellness program includes various workshops, seminars, and classes on nutrition, mindfulness, and stress management. These sessions will be announced through our internal communication channels, and attendance is highly encouraged.

Please note that the gym and wellness facilities are subject to regular maintenance and closures for special events or staff training. We appreciate your cooperation and look forward to a healthy and happy workforce.

If you have any questions or concerns, please do not hesitate to reach out to our Wellness Program Coordinator at [insert contact information].",Public Administrative,PUBLIC,generated,hospital gym and wellness facilities notice
"NOTICE TO ALL STAFF AND VISITORS OF [HOSPITAL NAME]

As part of our ongoing efforts to promote employee wellness and visitor comfort, we are pleased to announce the expansion and upgrade of our hospital gym and wellness facilities. The new fitness center will feature state-of-the-art equipment, including cardio machines, strength-training devices, and functional training tools.

In addition to the physical space, we have also introduced a variety of wellness programs and services aimed at supporting staff members' overall health and well-being. These include:

* A mindfulness room for relaxation and meditation
* A nutrition counseling service offering healthy meal planning and cooking classes
* A fitness program featuring regular group classes, workshops, and one-on-one sessions

To ensure the continued safety and security of our facilities, we will be implementing the following access controls:

* All staff members must present their hospital-issued ID badges to enter the gym and wellness areas.
* Visitors are required to sign in at the front desk and receive a temporary visitor badge prior to accessing these areas.

The new facilities will officially open on [DATE] and will be open from 6:00 AM to 8:00 PM, Monday through Friday. We encourage all staff members and visitors to take advantage of this excellent resource and join us in promoting a culture of wellness within our hospital community.

If you have any questions or would like more information about the new fitness center and wellness programs, please contact the Hospital Wellness Coordinator at [CONTACT INFORMATION].

Thank you for your understanding and cooperation.",Public Administrative,PUBLIC,generated,hospital gym and wellness facilities notice
"NOTICE TO ALL HOSPITAL EMPLOYEES AND VISITORS

The hospital's gym and wellness facilities will undergo routine maintenance on [Date] from 8am to 12pm. During this time, access to these areas will be restricted.

All fitness classes, personal training sessions, and group exercise programs will resume as scheduled after the maintenance period. Please note that some equipment may be unavailable temporarily, but we are working diligently to have them restored in a timely manner.

In order to maintain a clean and safe environment for all users, please follow these guidelines:

* Remove any personal belongings from lockers and dispose of trash properly
* Report any equipment damage or maintenance issues to the facilities management team immediately
* Refrain from using any areas that are closed due to maintenance

We would like to remind everyone that the gym and wellness facilities are for the exclusive use of hospital employees, patients, and their families. Visitors are not permitted to access these areas.

To ensure a smooth operation, please be advised of the following hours:

* Monday to Friday: 5am to 10pm
* Saturday and Sunday: 7am to 9pm

If you have any questions or concerns regarding the maintenance schedule or facility usage, please do not hesitate to contact our facilities management team. We appreciate your understanding and cooperation in maintaining a healthy and safe environment for all.

Thank you for your continued support.

Sincerely,
[Facilities Management Team]",Public Administrative,PUBLIC,generated,hospital gym and wellness facilities notice
"NOTICE TO ALL HOSPITAL STAFF AND VISITORS

As part of our ongoing commitment to promoting the physical and emotional well-being of our staff, patients, and visitors, we are pleased to announce the expansion and renovation of our hospital gym and wellness facilities.

The new facility will feature state-of-the-art equipment, including cardio machines, free weights, and strength-training equipment. Additionally, we have added a yoga studio, meditation room, and healthy snack bar to support holistic health and wellness initiatives.

All staff members are encouraged to take advantage of this resource to maintain a healthy work-life balance and reduce stress. We also invite patients and visitors to use the facilities during business hours.

To ensure a safe and enjoyable experience for all users, please note the following guidelines:

* Hours of operation: Monday-Friday 6am-8pm, Saturday-Sunday 7am-5pm
* Membership requirements: Staff ID card or valid visitor badge required for access
* Equipment usage: Users are responsible for their own supervision during use
* Cleanliness and maintenance: Users are expected to maintain a clean and tidy environment

We also invite interested staff members to participate in fitness classes and workshops offered through our wellness program. For more information, please visit our hospital website or contact the Wellness Department directly.

We look forward to welcoming you to our new gym and wellness facilities. If you have any questions or concerns, please do not hesitate to reach out to us.

Sincerely,
[Your Name]
Hospital Administration",Public Administrative,PUBLIC,generated,hospital gym and wellness facilities notice
"NOTICE TO ALL HOSPITAL STAFF AND PATIENTS

As part of our ongoing commitment to promoting the physical and emotional well-being of our staff and patients, we are pleased to announce the expansion and upgrade of our hospital gym and wellness facilities.

The new facility will feature state-of-the-art equipment, including cardio machines, free weights, and strength training apparatus. Additionally, we have added a meditation room, a relaxation lounge, and a fitness studio offering group exercise classes.

To support our staff in maintaining a healthy work-life balance, we are introducing a new wellness program, which includes on-site yoga classes, healthy snack options, and access to mental health resources.

We also want to emphasize the importance of taking regular breaks throughout the day to stretch and move. Our new ""Wellness Break"" initiative encourages staff to take at least 10 minutes each hour to stretch, move around, and rest their eyes.

In order to ensure a safe and enjoyable experience for all users, we ask that you follow these guidelines:

- Please wear comfortable clothing and shoes suitable for exercise.
- Remove any jewelry or loose items that may pose a risk during activity.
- Refrain from using electronic devices while exercising in the facility.
- Report any maintenance issues or equipment malfunctions to our facilities team immediately.

We are excited about this new development and look forward to seeing the positive impact it will have on our staff's health and well-being. If you have any questions or suggestions, please do not hesitate to reach out to our wellness department.

Sincerely,
[Hospital Administration]",Public Administrative,PUBLIC,generated,hospital gym and wellness facilities notice
"NOTICE: Hospital Gym and Wellness Facilities

As part of our commitment to promoting employee health and well-being, we are pleased to announce that our hospital's gym and wellness facilities are now open for use by all staff members.

The newly renovated fitness center is equipped with state-of-the-art equipment, including cardio machines, free weights, and strength training apparatus. The facility also features a group fitness studio, offering a variety of classes, including yoga, Pilates, and spinning.

In addition to the gym, we have expanded our wellness offerings to include a meditation room, a juice bar, and a healthy snack menu. Our fitness programs are designed to promote employee health and wellness, and we encourage all staff members to take advantage of these resources.

To ensure a safe and secure environment for all users, please note the following:

* Memberships will be available on a first-come, first-served basis.
* A limited number of guests are allowed per visit.
* Lockers and personal belongings must be kept secure at all times.
* Mobile devices and headphones must be turned off during group fitness classes.

We are excited to offer these new amenities as part of our employee benefits package. If you have any questions or would like more information, please do not hesitate to contact the facilities management team.

Hours of operation:
Monday - Friday: 5am - 9pm
Saturday and Sunday: 7am - 6pm

We look forward to seeing you in the gym!

Sincerely,
Facilities Management Team",Public Administrative,PUBLIC,generated,hospital gym and wellness facilities notice
"Staff Canteen Price List

The following menu items are available for purchase in the staff canteen:

**Breakfast Items**

* Tea or Coffee: £1.20
* Toast with Butter/ Jam: £1.50
* Scrambled Eggs: £2.00
* Bacon and Sausage Roll: £2.20

**Lunch Items**

* Sandwich (Ham and Cheese, Turkey, or Veggie): £3.50
* Soup of the Day: £2.80
* Salad with choice of dressing: £3.20
* Hot Meal of the Day: £4.00

**Snacks and Refreshments**

* Fresh Fruit Salad: £1.80
* Biscuits or Cookies: £0.60
* Tea or Coffee: £1.20
* Soft Drinks (e.g. Coke, Fanta): £1.40
* Bottled Water: £0.50

**Desserts and Treats**

* Cake of the Day: £2.00
* Chocolate Brownie: £1.80
* Ice Cream: £2.20

**Special Offers**

* 10% discount for staff who pay by cash
* Free tea or coffee with purchase of a hot meal on weekdays between 12pm-2pm
* Loyalty card scheme available, see canteen staff for details

Please note that prices are subject to change and may vary depending on supplier availability.",Public Administrative,PUBLIC,generated,staff canteen price list
"Staff Canteen Price List

The following prices are effective as of [Date] and are subject to change.

**Beverages**

* Tea (hot or cold): $1.50
* Coffee (hot or cold): $2.00
* Fresh juice: $3.25
* Soft drinks (various flavors): $2.75
* Bottled water: $2.00

**Food**

* Sandwiches (assorted fillings): $6.95
* Wraps (chicken, beef, or veggie): $7.50
* Salads (garden or Caesar): $8.25
* Soups (daily selection): $5.95
* Fruits and yogurts: $4.50

**Snacks**

* Chips (assorted flavors): $3.00
* Popcorn: $2.75
* Cookies (assorted types): $1.95
* Granola bars: $2.50

**Specials**

* Daily soup and sandwich combo: $9.95
* Lunch special (sandwich, side salad, and drink): $10.95

**Dietary Options**

* Gluten-free bread available upon request
* Vegetarian options marked on menu board

**Payment Methods**

* Cash only
* Credit cards accepted with a 3% processing fee

**Hours of Operation**

* Monday to Friday: 7:30 am - 4:00 pm
* Saturday and Sunday: 9:00 am - 3:00 pm

Please note that menu items and prices are subject to change without notice.",Public Administrative,PUBLIC,generated,staff canteen price list
"Staff Canteen Price List

The following prices are effective as of [Date] and are subject to change without notice.

**Breakfast Menu**

* Tea or Coffee: £1.20
* Toast with Spread: £2.00
* Full English Breakfast: £4.50
* Yogurt Parfait: £3.20
* Fresh Fruit Salad: £2.80

**Lunch Menu**

* Sandwich (Turkey and Cheese): £5.60
* Soup of the Day: £4.00
* Chicken Wrap: £6.40
* Vegetarian Quiche: £5.20
* Salad with Choice of Dressing: £4.50

**Snacks and Beverages**

* Bottled Water: £1.50
* Juice (Fruit or Cranberry): £2.00
* Soda (Cola, Lemon-Lime, or Root Beer): £2.40
* Biscuits (Assorted Flavors): £1.80

**Specials and Promotions**

* Monday - 10% off all breakfast items
* Wednesday - Buy One Get One Free on sandwiches
* Friday - 15% off all drinks and snacks

**Payment Options**

All payments must be made by cash, credit card, or debit card. We accept major credit cards (Visa, Mastercard, Amex) and most debit cards.

**Note**

Please note that prices are subject to change without notice. All items are prepared in a clean and sanitary environment.",Public Administrative,PUBLIC,generated,staff canteen price list
"Staff Canteen Price List

The following prices are applicable to all staff members for food and beverages served at the hospital canteen:

**Beverages**

* Tea: £0.50 per cup
* Coffee: £0.60 per cup
* Juice (orange, apple, or grapefruit): £1.20 per serving
* Soda (cola, lemon-lime, or ginger ale): £1.00 per serving
* Water: £0.25 per bottle

**Breakfast Options**

* Toast with jam and butter: £2.50 per serving
* Cereal with milk: £3.00 per serving
* Scrambled eggs with toast: £4.00 per serving
* Bagel with cream cheese: £3.20 per serving

**Sandwiches and Wraps**

* Ham and cheese sandwich: £4.80 per serving
* Turkey and avocado wrap: £5.50 per serving
* Chicken Caesar salad wrap: £6.20 per serving

**Snacks**

* Fresh fruit cup: £2.00 per serving
* Yogurt parfait: £3.50 per serving
* Granola bar: £2.80 per serving

**Special Deals**

* Daily lunch special ( sandwich, chips, and drink): £7.99 per serving
* Weekly breakfast buffet ( Fri-Sun): £15.00 per person",Public Administrative,PUBLIC,generated,staff canteen price list
"Staff Canteen Price List

Effective Date: March 2023

Our staff canteen is committed to providing a convenient and affordable meal option for all hospital employees. Below is the current price list, which is subject to change without notice.

**Breakfast Options**

* Pastry or muffin: $2.50
* Cereal with milk: $3.00
* Fresh fruit cup: $3.25
* Breakfast sandwich (baked goods and cheese): $4.50

**Lunch Options**

* Sandwich, salad, and drink: $8.75
* Soup and roll: $7.50
* Pasta or rice bowl with drink: $9.00
* Grilled chicken wrap: $10.25

**Snacks**

* Fresh fruit cup: $2.50
* Granola bar: $3.00
* Yogurt parfait: $4.00

**Beverages**

* Soft drinks (soda, juice, and water): $2.50-$3.50
* Coffee or tea: $1.75
* Bottled water: $3.00

**Special Deals**

* 10% discount for employees with a valid hospital staff ID card
* Free drink with purchase of lunch or dinner on Fridays during off-peak hours
* Senior staff members (over 5 years of service) receive an additional 5% discount

Please note that prices are subject to change and may vary based on seasonal menu offerings. Our canteen team is committed to providing healthy, delicious options for our employees.",Public Administrative,PUBLIC,generated,staff canteen price list
"Staff Canteen Price List

The following prices are effective from [Date] and are subject to change.

**Beverages**

* Tea (hot): £0.50
* Coffee (hot): £0.75
* Filter coffee: £1.00
* Freshly squeezed juice (orange, apple, or grapefruit): £2.00
* Bottled water (500ml): £1.25
* Soft drinks (coca-cola, diet coke, fanta): £1.50

**Food**

* Sandwiches (ham and cheese, turkey and avocado, vegetarian options): £3.75
* Wraps (chicken, beef, or veggie): £4.00
* Soups (cup or bowl): £2.50 - £3.25
* Salads (mixed greens with various toppings): £4.50 - £5.25
* Fresh fruit platter: £3.00

**Snacks**

* Crisps (various flavors): £1.00
* Chocolate bars (snack size): £0.75
* Granola bars: £1.25
* Baked goods (muffins, scones, cakes): £2.00 - £3.00

**Specials**

* Daily soup and sandwich deal: £5.50
* Lunch special (sandwich, side salad, and drink): £7.00

**Notes**

* Prices include VAT.
* A 10% discount is available for staff who pay by direct debit.
* The canteen accepts cash, card payments, and mobile payments.
* Menu items are subject to change based on seasonal availability and supplier contracts.

Please note that prices may vary during special events or holidays.",Public Administrative,PUBLIC,generated,staff canteen price list
"Staff Canteen Price List

The following menu items are available for purchase in the staff canteen. Prices are subject to change without notice.

**Beverages**

* Tea: £0.50 per cup
* Coffee: £0.60 per cup
* Juice (freshly squeezed): £1.20 per glass
* Bottled water: £0.80 per bottle

**Snacks**

* Sandwiches (various fillings): £2.50 each
* Fresh fruit salad: £1.80 per serving
* Chips and crisps: £1.00 per bag
* Baked goods (cakes, pastries, etc.): £1.20 each

**Hot Meals**

* Soup of the day: £3.00 per bowl
* Main course meal (e.g. pasta, chicken, etc.): £4.50 per serving
* Salad with protein option: £4.20 per serving

**Special Offers**

* 10% discount for staff members purchasing a hot meal and a drink together
* 5% discount for staff members purchasing five or more items from the canteen menu on the same day

**Payment Terms**

* All payments are accepted by card (Visa, Mastercard, Amex) or cash.
* A surcharge of £0.50 will be applied to all card transactions.

We hope this price list is helpful in planning your meals. Please note that prices may change over time, and we reserve the right to modify the menu at any time.",Public Administrative,PUBLIC,generated,staff canteen price list
"Staff Canteen Price List

The staff canteen is open to all hospital employees during working hours. The following prices are applicable for the month of April:

Breakfast Options:
- Tea or Coffee: £1.20
- Toast with Jam or Butter: £2.50
- Pastries (Assorted): £2.00 - £3.00

Lunch Options:
- Sandwiches (Turkey, Ham or Veggie): £4.50
- Soups and Salads: £3.75
- Hot Meals (Chicken or Vegetable): £5.25
- Snacks (Chips, Sweets, etc.): £2.00 - £3.50

Beverages:
- Bottled Water: £1.00
- Soft Drinks: £1.20
- Tea and Coffee: £1.20
- Juice: £2.00

Desserts and Treats:
- Cake or Brownies: £2.50 - £3.50
- Fruit Salad: £3.00

Special Offers:
- 10% discount on all purchases made between Monday to Friday, 12pm-2pm
- Free tea or coffee with the purchase of a meal over £5.25

Note: Prices are subject to change and may be adjusted without prior notice.

Payment Methods Accepted:
- Cash
- Credit/Debit Cards (Visa, Mastercard, Maestro)

Please inform the canteen staff if you have any dietary requirements or preferences, and we will do our best to accommodate your needs.",Public Administrative,PUBLIC,generated,staff canteen price list
"Staff Canteen Price List

Effective Date: March 1, 2023

The following prices are applicable to all staff members using our canteen facilities:

**Food and Beverages**

* Breakfast items (e.g. cereal, toast, pastries): £2.50 - £4.00
* Sandwiches and wraps: £5.00 - £6.50
* Salads and hot meals: £7.00 - £9.50
* Snacks (e.g. biscuits, fruit): £1.00 - £3.00
* Beverages (e.g. tea, coffee, juice): £1.50 - £2.50

**Special Dietary Items**

* Vegetarian and vegan options: 10% surcharge on regular prices
* Gluten-free items: 15% surcharge on regular prices

**Daily Deals**

* Monday to Thursday: 10% discount on all food purchases between 12pm-2pm
* Friday: 20% discount on all breakfast items

**Payment Methods**

* Cash, credit/debit cards, and contactless payments accepted

**Note**

* Prices subject to change without notice.
* A service charge of 10% will be added to all bills for orders over £25.
* The canteen is closed on bank holidays.

We strive to provide a clean, comfortable, and welcoming environment for our staff. We appreciate your cooperation in adhering to these price guidelines and maintaining a positive dining experience for everyone.",Public Administrative,PUBLIC,generated,staff canteen price list
"Staff Canteen Price List

As of January 2023, the following menu items are available for purchase at the hospital staff canteen.

**Beverages**

* Coffee: £1.20 (small), £1.80 (medium), £2.40 (large)
* Tea: £0.90 (small), £1.30 (medium), £1.70 (large)
* Fresh Juice: £2.00 (single serving), £3.50 (carton of 4)
* Soft Drinks: £1.20 (small), £1.80 (medium), £2.40 (large)

**Sandwiches and Wraps**

* Turkey & Cheese: £5.90
* Ham & Mustard: £5.30
* Veggie Delight: £5.10
* Chicken Caesar Wrap: £6.20

**Salads and Soups**

* House Salad: £4.50 (small), £5.80 (large)
* Tomato Soup: £3.20 (cups)

**Snacks and Sweets**

* Fresh Fruit Platter: £2.50
* Chocolate Brownie: £1.50
* Packet of Biscuits: £1.00

**Special Deals**

* Monday to Friday, 12pm-2pm: 10% off all food purchases
* Daily Tea & Coffee Discount: 15% off on select drinks after 3pm
* Staff Meals (available for purchase by hospital staff): 10% discount on all menu items

All prices are subject to change without notice. Payment is accepted via cash, debit/credit card, or mobile device.",Public Administrative,PUBLIC,generated,staff canteen price list
"STAFF CANTENE PRICELIST

Effective Date: [Insert Date]

The following menu items are available for staff consumption in the canteen. Prices are subject to change, but we will do our best to maintain a consistent pricing structure.

**Beverages**

* Tea: £0.50 per cup
* Coffee: £0.75 per cup
* Juice (orange and apple): £1.00 per cup
* Water: complimentary

**Snacks**

* Sandwiches (turkey, ham and cheese, veggie): £3.50 each
* Fruits (apples, oranges, bananas): £1.00 each
* Nuts (almonds, cashews): £2.00 per bag
* Crackers and biscuits: £1.50 per pack

**Light Meals**

* Salads (chicken, tuna, vegetarian): £5.50 per serving
* Soups: £4.00 per cup
* Wraps (beef, chicken, veggie): £4.50 per wrap

**Desserts**

* Cakes and pastries: £2.00 each
* Fresh fruit salad: £3.00 per serving

**Special Offers**

* 10% discount for staff who bring in their own lunch
* Free cup of tea or coffee with the purchase of any light meal

Note: Prices are inclusive of VAT. Any issues with menu items or pricing should be reported to the Canteen Manager.

Please note that prices are subject to change, and we reserve the right to update the list as necessary.",Public Administrative,PUBLIC,generated,staff canteen price list
"Staff Canteen Price List

As of March 2023, the following prices will apply to all food and beverage items in the staff canteen:

Breakfast Items

* Overnight oats - £2.50
* Scrambled eggs with toast - £3.20
* Yogurt parfait - £3.00
* Breakfast sandwich (bacon, egg, and cheese) - £4.50

Sandwiches and Wraps

* Turkey and avocado wrap - £5.90
* Grilled chicken breast sandwich - £6.20
* Veggie delight wrap - £5.40
* BLT sandwich - £4.80

Salads and Soups

* Greek salad - £4.50
* Chicken Caesar salad - £5.60
* Vegetable soup - £3.80
* Quiche of the day - £5.00

Beverages

* Coffee (hot or iced) - £1.50
* Tea (hot or iced) - £1.20
* Fresh fruit smoothie - £4.20
* Bottled water - £2.00

Desserts

* Chocolate brownie - £2.80
* Fruit salad - £3.40
* Cheesecake of the day - £5.50
* Ice cream sundae - £5.20

Special Offers

* Monday: 10% off all breakfast items
* Tuesday: Buy one get one free on sandwiches and wraps
* Wednesday: Free coffee with every meal purchase
* Thursday: Kids eat free with adult meal purchase
* Friday: Live music night, free entry for staff

Please note that prices are subject to change and may not be accurate at the time of reading.",Public Administrative,PUBLIC,generated,staff canteen price list
"Staff Canteen Price List

The following menu items are available for purchase in the staff canteen:

**Breakfast Options**

* Tea or coffee: £1.20
* Hot chocolate: £1.50
* Toast with jam/cheese/honey: £2.00
* Scrambled eggs (served with toast): £2.80
* Cereal bar (self-serve): £1.60

**Sandwiches and Wraps**

* Ham and cheese sandwich: £3.20
* Turkey and avocado wrap: £3.50
* Veggie delight sandwich: £2.80
* Chicken Caesar wrap: £3.40

**Salads and Soups**

* Garden salad (with choice of dressing): £3.00
* Tomato soup (served with crusty bread): £2.60
* Quinoa bowl (with roasted vegetables): £3.20

**Snacks and Desserts**

* Fresh fruit cup: £1.40
* Chocolate brownie: £1.80
* Chips and popcorn mix: £2.00
* Yogurt parfait bar (self-serve): £2.60

**Beverages**

* Soft drinks (e.g. cola, lemonade, juice): £1.50
* Bottled water: £0.80
* Tea bags or instant coffee: £0.40

**Special Offers**

* Monday to Friday lunch special (sandwich and drink): £4.00
* Weekly canteen voucher scheme available for regular staff members

Note: Prices are subject to change without notice. Payment methods accepted include cash, card, and mobile payment apps.",Public Administrative,PUBLIC,generated,staff canteen price list
"Staff Canteen Price List

The following prices are effective from [Date] and are subject to change without notice.

**Beverages**

* Soft drinks (soda, juice, etc.): $2.50
* Bottled water: $3.00
* Coffee: $1.75 (hot or iced)
* Tea: $1.25 (hot or iced)

**Food**

* Sandwiches (assorted fillings): $6.95
* Salads (garden, Caesar, etc.): $7.50
* Soups (vegetable, chicken noodle, etc.): $5.00
* Pasta dishes (marinara, alfredo, etc.): $8.95
* Wraps (chicken, turkey, etc.): $6.50

**Snacks**

* Fresh fruit cup: $2.25
* Granola bar: $1.75
* Crackers with cheese spread: $3.00

**Desserts**

* Cake or pie (daily selection): $4.95
* Cookies or brownies: $2.50

**Specials**

* Lunch special ( sandwich, side salad, and drink): $9.95
* Afternoon snack (assorted pastries and coffee): $5.00

**Discounts**

* 10% off for staff with 6 months or more of service
* Free drink with purchase of lunch special on weekdays during non-peak hours

Please note that prices may vary on holidays and special events. Thank you for your understanding.",Public Administrative,PUBLIC,generated,staff canteen price list
"STAFF CANTEEN PRICE LIST

Effective Date: March 2023

The following menu items are available for purchase in the hospital staff canteen:

**Beverages**

* Tea: £0.50 per cup
* Coffee: £0.60 per cup
* Juice (100% fruit): £1.00 per cup
* Bottled Water: £1.20 per bottle

**Light Meals**

* Sandwiches (turkey, ham, or vegetarian options): £3.50 each
* Fruits (apples, bananas, or oranges): £1.00 each
* Salad Bar (mixed greens with choice of dressing): £2.80 per serving
* Soup of the Day: £2.20 per bowl

**Baked Goods**

* Freshly Baked Bread Rolls: £1.50 each
* Muffins (assorted flavors): £1.20 each
* Cakes (vanilla or chocolate): £2.00 each

**Special Offers**

* 10% discount for staff who have paid their parking fees
* Free refills on tea and coffee for staff who use the canteen three times a day

**Payment Methods**

* Cash only accepted at this time
* Credit/debit card payments available at the reception desk

Please note that prices are subject to change and may be updated at any time. Staff are encouraged to explore our menu and enjoy their meals in the staff canteen.",Public Administrative,PUBLIC,generated,staff canteen price list
"Staff Canteen Price List

The following prices are effective from [date] and apply to all staff members using the canteen facilities.

**Beverages**

* Tea: £0.50 (cup) / £2.00 (pot)
* Coffee: £0.75 (cup) / £3.00 (pot)
* Juice: £1.00 (pint) / £4.00 (jug)
* Soft drinks: £0.80 (can) / £3.20 (6-pack)

**Food**

* Sandwiches: £2.50 - £4.00
* Wraps: £2.50 - £4.00
* Salads: £3.00 - £5.00
* Hot meals: £4.00 - £6.00

**Desserts**

* Cakes and pastries: £1.20 - £2.50
* Fresh fruit: £1.00 - £2.00
* Ice cream: £1.80 - £3.00

**Special Offers**

* Monday to Friday: 10% discount on all food purchases between 12pm and 2pm
* Student staff members: 5% discount on all purchases

**Payment Terms**

* Cash only accepted
* Credit/Debit card payments via contactless payment terminals
* Refunds not available for food purchased

**Canteen Opening Hours**

Monday to Friday: 7am - 6pm
Saturday and Sunday: 8am - 5pm

Please note that prices are subject to change without notice. Staff members are expected to pay using the designated payment methods.",Public Administrative,PUBLIC,generated,staff canteen price list
"STAFF CANTINE PRICE LIST

The following prices are effective from 01st January 2023:

**Beverages**

* Tea: £0.50 per cup, £2.00 per pot
* Coffee: £0.60 per cup, £3.00 per pot
* Juice: £1.20 per glass
* Soft drinks (soda, water, etc.): £1.00 per can, £2.00 per bottle

**Food**

* Sandwiches: £2.50 - £4.00 each
* Wraps: £3.00 - £5.00 each
* Salads: £4.00 - £6.00 per serving
* Pastries and baked goods: £1.50 - £3.00 each

**Breakfast Options**

* Overnight oats: £2.00 per serving
* Scrambled eggs: £2.20 per serving
* Toast with spreads: £1.80 per serving

**Special Offers**

* 10% discount for staff who purchase a daily meal ticket (available on weekdays)
* Free coffee with the purchase of any breakfast item (Mon-Fri)

**Payment Terms**

* Cash only accepted in the canteen
* Change given for all transactions
* Discounts available for bulk purchases (staff should contact management to discuss details)

Please note that prices are subject to change and may be adjusted at any time. Staff are encouraged to provide feedback on menu items and pricing to help inform future decisions.",Public Administrative,PUBLIC,generated,staff canteen price list
"Staff Canteen Price List

As of March 2023, the following prices apply to all menu items available in the hospital's staff canteen:

**Beverages**

* Tea: £0.50 (hot) / £0.40 (cold)
* Coffee: £0.60 (hot) / £0.50 (cold)
* Juice: £1.20
* Water: Free

**Breakfast Items**

* Pastries: £1.00 - £2.00 each
* Sandwiches: £3.50 - £4.50
* Cereals: £1.80 - £2.50
* Yoghurt Parfait: £2.20

**Lunch Items**

* Soups: £2.50 - £3.20
* Salads: £3.00 - £4.00
* Wraps/Sandwiches: £4.00 - £5.50
* Hot Meals: £3.80 - £4.80

**Snacks**

* Chips/Fries: £1.20
* Cookies/Cakes: £0.60 - £1.00 each
* Fresh Fruit: £0.80 - £1.20

**Desserts**

* Ice Cream: £1.50
* Cake/Pie: £2.20

**Specials**

* Daily Special Meal: £5.95 (Monday) / £6.25 (Tuesday-Thursday) / £5.45 (Friday)
* Weekend Breakfast Deal: £3.90 (Saturday/Sunday)

Please note that prices are subject to change, and discounts may be available for staff with a valid employee ID card.",Public Administrative,PUBLIC,generated,staff canteen price list
"Staff Canteen Price List

Effective Date: March 2023

Our staff canteen offers a variety of food and beverage options to meet your dietary needs. Please find below our current menu prices:

**Breakfast Options**

* Tea or Coffee: £0.50
* Fresh Fruit Salad: £1.20
* Yogurt Parfait: £2.00
* Wholemeal Toast with Avocado: £2.50

**Lunch and Snack Options**

* Sandwich (Turkey and Cheese): £3.80
* Soup of the Day (Vegetarian): £2.50
* Chips and a Drink: £1.80
* Salad Bar (self-serve): £4.00

**Beverages**

* Water: £0.20
* Juice (Orange or Apple): £0.70
* Tea, Coffee, or Hot Chocolate: £0.50
* Soda (Cola, Lemon-Lime, or Root Beer): £1.00

**Desserts and Pastries**

* Cake of the Day: £1.80
* Scones with Jam and Cream: £2.20
* Fresh Fruit Tart: £3.50

**Special Offers**

* 10% discount on all purchases for staff members with an active membership card
* Free tea or coffee with the purchase of any sandwich
* Weekly specials (check the staff canteen board for details)

Note: Prices are subject to change and may vary depending on availability and supplier prices.",Public Administrative,PUBLIC,generated,staff canteen price list
"Staff Canteen Price List

The staff canteen is open for lunch and dinner service, Monday to Friday, from 11am to 9pm and Saturday from 12pm to 8pm. The following menu items are available at the prices listed below:

**Breakfast Options**

* Tea or coffee: £0.50
* Toast with spreads: £1.20
* Cereal with milk: £1.80

**Sandwiches and Wraps**

* Ham and cheese sandwich: £3.60
* Turkey wrap: £4.20
* Veggie delight wrap: £3.60

**Salads and Sides**

* Garden salad: £2.40
* Chips or crisps: £1.20
* Fresh fruit cup: £1.80

**Desserts**

* Cake or brownie: £1.50
* Fresh fruit salad: £2.40
* Ice cream sundae: £3.60

**Beverages**

* Soft drinks: £1.20
* Juice: £1.80
* Bottled water: £0.90

**Special Deals**

* Lunch deal (sandwich, chips, and drink): £5.40
* Early bird dinner special (soup, sandwich, and drink): £6.60

**Payment Methods**

* Cash only, please.
* No credit or debit card facilities available.

Please note that prices are subject to change and may be adjusted during peak periods.",Public Administrative,PUBLIC,generated,staff canteen price list
"Staff Canteen Price List

Effective Date: March 2023

The hospital's staff canteen aims to provide a convenient and affordable dining option for all employees. The following prices are in effect as of March 1st, 2023.

**Beverages**

* Tea or Coffee: £0.50
* Soft Drinks (e.g. Coca-Cola, Fanta): £1.00
* Juice (e.g. Orange, Apple): £1.20
* Bottled Water: £1.50

**Light Meals**

* Sandwiches (e.g. Ham and Cheese, Turkey and Avocado): £4.50
* Wraps (e.g. Chicken Caesar, Veggie Delight): £5.00
* Soup and Crust Bread: £3.75
* Salad with Choice of Protein (e.g. Grilled Chicken, Tofu): £6.25

**Hot Meals**

* Main Course (e.g. Chicken Fajitas, Vegetable Curry): £7.50
* Pasta with Tomato Sauce: £5.75
* Grilled Cheese and Ham: £4.25

**Desserts**

* Cake or Pastry: £2.00
* Fresh Fruit Salad: £3.00
* Ice Cream: £3.50

**Special Offers**

* 10% discount for all staff members who pay by cash
* Free drink with the purchase of a light meal between 12pm-2pm daily

Please note that prices are subject to change without notice. All payments must be made in person at the canteen counter.",Public Administrative,PUBLIC,generated,staff canteen price list
"Staff Canteen Price List

Effective Date: [Insert Date]

The following prices are applicable for all staff members:

**Beverages**

* Tea (hot and cold): £0.50
* Coffee (hot and cold): £0.60
* Juice (freshly squeezed): £1.20
* Bottled water: £1.00

**Snacks**

* Sandwiches (assorted fillings): £2.50
* Wraps (assorted fillings): £2.80
* Fresh fruit salad: £3.20
* Chips and crisps: £1.60

**Light Meals**

* Soup of the day: £3.00
* Salad with choice of dressing: £4.00
* Grilled panini sandwich: £5.20

**Desserts**

* Cake and pastries (assorted): £2.80
* Fresh fruit salad: £3.20
* Ice cream (vanilla, chocolate, or strawberry): £2.50

**Special Offers**

* 10% discount for staff members who purchase a hot beverage with their meal
* 5% discount for staff members who purchase a sandwich and a drink together

**Payment Methods**

* Cash only accepted at the canteen counter
* Credit/Debit card payments available at the cashier's desk

**Notes**

* Prices are subject to change without notice.
* The canteen is open Monday to Friday from 12:00 PM to 2:30 PM.
* All food and drinks must be consumed within the designated time period.

Please note that prices may vary on special occasions or during peak hours.",Public Administrative,PUBLIC,generated,staff canteen price list
"STAFF CANTEEN PRICE LIST

As of March 2023, the following menu items are available for purchase at the hospital staff canteen:

**Breakfast Options**

* Coffee: $1.50 (hot or cold)
* Tea: $1.25
* Fresh Fruit Salad: $2.75
* Overnight Oats: $3.00
* Breakfast Sandwich (scrambled eggs, cheese, and bacon on a bagel): $4.25

**Lunch Options**

* Soup of the Day: $3.50
* Grilled Chicken Wrap: $5.00
* Veggie Delight Salad: $4.25
* Pasta with Marinara Sauce: $4.75
* Turkey and Avocado Sandwich: $5.50

**Snacks**

* Chips ( assorted flavors): $2.00
* Popcorn: $1.75
* Fresh Fruit Cups: $2.50
* Granola Bars: $3.25

**Beverages**

* Soft Drinks (soda, juice, and water): $2.00 - $3.00
* Bottled Water: $3.50
* Coffee and Tea Refills: $0.75

**Special Deals**

* Lunch Special (sandwich, side salad, and drink): $8.99
* Afternoon Snack (fresh fruit cup, granola bar, and water): $4.95
* Breakfast Combo (oatmeal or breakfast sandwich with coffee): $5.50 - $6.50

All prices are inclusive of tax and subject to change without notice. Payment methods accepted: cash, credit/debit cards, and mobile payments.",Public Administrative,PUBLIC,generated,staff canteen price list
"Staff Canteen Price List

The following prices are effective as of [Current Date] and are subject to change.

**Beverages**

* Soft drinks: £1.50
* Juices: £2.00
* Tea and coffee: £0.80
* Freshly brewed coffee: £1.20
* Specialty coffee drinks (latte, cappuccino, etc.): £2.50

**Food**

* Sandwiches: £4.50
* Salads: £5.00
* Soups: £3.50
* Hot meals (chicken, beef, vegetarian options): £6.00
* Fresh fruit salad: £3.00

**Desserts**

* Cakes and pastries: £2.20
* Ice cream: £1.80
* Fruit smoothies: £3.20
* Brownies and cookies: £1.50

**Special Offers**

* Staff meal discount (with valid staff canteen card): 10% off all food and beverages
* Loyalty scheme: buy 5 drinks, get one free
* Weekly specials (check the board for details)

**Payment Methods**

* Cash
* Credit/Debit cards accepted

**Hours of Operation**

Monday to Friday: 7:30am - 4:00pm
Saturday and Sunday: Closed

Please note that prices are subject to change, and we reserve the right to modify this price list at any time.",Public Administrative,PUBLIC,generated,staff canteen price list
"STAFF CANTEEN PRICE LIST

Effective Date: March 2023

The following menu items are available for purchase in the staff canteen:

**Beverages**

* Tea: £0.50 (hot or cold)
* Coffee: £0.60 (espresso, cappuccino, or drip coffee)
* Fresh Juice: £1.20 (orange, apple, or grapefruit)
* Bottled Water: £1.00
* Soft Drinks: £1.10 (soda, juice, or sparkling water)

**Breakfast Items**

* Toast with Jam/Cream Cheese: £2.50
* Scrambled Eggs/Toast: £3.20
* Overnight Oats: £2.80
* Yogurt Parfait: £3.40

**Sandwiches and Wraps**

* Ham & Cheese Sandwich: £4.20
* Turkey & Avocado Wrap: £4.60
* Veggie Delight Sandwich: £3.90
* Chicken Caesar Salad Wrap: £5.10

**Snacks and Desserts**

* Fresh Fruit Salad: £2.40
* Granola Bar: £1.80
* Chocolate Chip Cookies: £2.20 (hot or cold)
* Brownies: £2.60

**Special Offers**

* Student Discount (with valid ID): 10% off all purchases
* Loyalty Card: buy 5 items, get one free

Please note that prices are subject to change and may vary during holidays or special events. Payment methods accepted include cash, card, and mobile payment services.",Public Administrative,PUBLIC,generated,staff canteen price list
"STAFF CANTEEN PRICE LIST

As of 01st March 2023, the following menu items will be available for purchase in the staff canteen:

Beverages:
- Tea: £0.50 (hot) / £0.30 (cold)
- Coffee: £0.60 (hot) / £0.40 (cold)
- Soft drinks (various flavors): £1.00
- Juice (orange, apple, or cranberry): £1.20

Food:
- Breakfast options (scrambled eggs, toast, and cereal): £2.50 - £3.20
- Sandwiches (turkey, ham, and vegetarian): £3.80 - £4.30
- Salads (garden, Caesar, or chicken): £3.50 - £4.00
- Soup of the day: £2.00

Snacks:
- Fresh fruit platter: £1.80
- Chips or crisps (various flavors): £1.20
- Baked goods (pastries, muffins, or cakes): £1.50 - £2.50

Special Offers:
- Staff meal deal (sandwich, drink, and snack): £5.00
- Breakfast for two: £4.90

Payment methods accepted:
- Cash
- Contactless payment cards
- Mobile payments through the hospital app

Note: Prices are subject to change without notice. A 10% discount will be applied for staff who pay by direct debit.",Public Administrative,PUBLIC,generated,staff canteen price list
"Staff Canteen Price List

Effective Date: March 2023

The following prices are applicable for all staff members and guests in the hospital canteen:

**Beverages**

* Soft drinks (soda, juice, etc.): $1.50
* Coffee and tea: $2.00
* Freshly brewed coffee (daily specials): $3.00-$4.00
* Bottled water: $2.00

**Food Items**

* Sandwiches (pre-prepared): $5.00-$6.00
* Salads (pre-prepared): $5.50-$6.50
* Fresh fruit platter: $4.00
* Pastries and baked goods (daily specials): $3.00-$4.00
* Soup of the day: $5.00

**Snacks**

* Chips and crisps: $2.00
* Popcorn: $2.50
* Fresh popcorn kernels: $3.00

**Special Offers**

* 10% discount for staff members who bring their own lunch from outside the canteen
* Free coffee with purchase of any food item on weekdays between 11am-12pm
* Loyalty program: collect 5 stamps and get a free sandwich or salad voucher

**Payment Terms**

* Cash only accepted in the canteen
* No refunds will be given for any items purchased

**Note**

Prices are subject to change without prior notice. All prices include taxes.",Public Administrative,PUBLIC,generated,staff canteen price list
"Staff Canteen Price List

Effective Date: January 2023

The following menu items are available for purchase at our staff canteen:

**Beverages**

* Coffee: £1.20 (small), £2.00 (large)
* Tea: £0.80 (small), £1.50 (large)
* Fresh Juice: £2.50 (single serving), £4.00 (double serving)
* Bottled Water: £1.00

**Sandwiches and Wraps**

* Turkey & Cheese Sandwich: £3.50
* Ham & Mustard Wrap: £3.00
* Veggie Delight Sandwich: £2.80
* Chicken Caesar Salad Wrap: £4.20

**Salads and Soups**

* Garden Salad: £2.40
* Chicken Noodle Soup: £3.60
* Lentil Soup: £2.80
* Quiche of the Day: £3.00 (Monday), £3.20 (Tuesday), £3.40 (Wednesday)

**Pastries and Baked Goods**

* Croissant: £1.20
* Muffin: £1.00
* Scone: £1.50

**Special Deals**

* Lunch Special (sandwich + drink): £5.50
* Afternoon Tea (pastry + drink): £4.20
* Daily Fruit Salad: £2.80

**Payment Methods**

* Cash only
* No change given for less than £1.00

**Please note:** Prices are subject to change without notice.",Public Administrative,PUBLIC,generated,staff canteen price list
"Staff Canteen Price List

The following menu items are available for purchase at the hospital staff canteen. Prices are subject to change, please refer to the reception desk for the most up-to-date pricing.

**Beverages**

* Tea - £0.50
* Coffee - £0.60
* Filtered water - £0.40
* Juices (orange, apple, cranberry) - £1.00
* Soft drinks (soda, tonic, lemonade) - £1.20

**Snacks**

* Chips and nuts - £2.50
* Sandwiches (turkey, ham and cheese, vegetarian) - £3.00
* Fresh fruit salad - £2.20
* Granola bar - £1.80
* Cookies and pastries - £1.40

**Light Meals**

* Soup of the day - £3.50
* Pasta with sauce and garlic bread - £4.20
* Grilled panini (turkey, ham and cheese) - £4.80
* Chicken Caesar salad - £5.00

**Desserts**

* Cake or pie of the day - £2.40
* Ice cream - £1.90
* Fresh fruit smoothie - £3.20

All prices include VAT. Please note that prices may vary during special events or staff functions. Cash, card and mobile payments are accepted.",Public Administrative,PUBLIC,generated,staff canteen price list
"STAFF CANTEEN PRICE LIST

The following prices are applicable to staff using the hospital canteen:

**Beverages**

* Soft drinks: £1.50 per serving
* Juices (orange, apple, and cranberry): £2.00 per serving
* Tea and coffee: 10p per cup (£0.25 for a pot)
* Hot chocolate: £1.75 per serving

**Snacks**

* Sandwiches (turkey, ham, and cheese): £3.50 each
* Salads (garden, chicken, and tuna): £4.00 each
* Fresh fruit salad: £2.50 per serving
* Chips and crisps: £1.25 per serving

**Hot Meals**

* Soup and sandwich: £5.00 per meal
* Pasta with sauce: £5.25 per meal
* Grilled chicken with vegetables: £6.00 per meal
* Vegetarian option (quinoa bowl): £5.75 per meal

**Desserts**

* Cake and pastry: £1.50 each
* Ice cream: £2.25 per serving
* Fresh fruit smoothie: £3.00 per serving

**Special Offers**

* 10% discount on all meals for staff with a valid employee ID card
* Free tea or coffee with the purchase of any meal

**Payment Terms**

All payments are to be made via cash, credit card, or debit card at the canteen counter.

Please note that prices may be subject to change without prior notice.",Public Administrative,PUBLIC,generated,staff canteen price list
"Staff Canteen Price List

The following prices are effective from [Date] and apply to all staff members using our canteen facilities.

**Beverages**

* Tea (hot): £0.60
* Coffee (hot): £0.80
* Juice (fresh fruit): £1.20
* Bottled water: £1.00
* Soft drinks (soda, cola, etc.): £1.50
* Speciality coffee drinks (lattes, cappuccinos, etc.): £2.50 - £3.50

**Food**

* Sandwiches (Turkey, Ham, Veggie, etc.): £4.00 - £5.00
* Salads (Garden, Chicken, etc.): £5.50 - £6.50
* Soups: £3.50 - £4.50
* Wraps: £4.50 - £5.50
* Paninis: £5.00 - £6.00

**Desserts**

* Cakes (various types): £2.00 - £3.00
* Pastries (croissants, muffins, etc.): £1.80 - £2.80
* Fruit salad: £3.50

**Special Offers**

* Breakfast buffet (Monday to Friday): £6.00 per person
* Lunch special deal (Monday to Friday): 10% off all food items between 12pm and 2pm

**Payment Methods**

* Cash only
* Card payments accepted at the canteen counter

Please note that prices are subject to change without notice.",Public Administrative,PUBLIC,generated,staff canteen price list
"Staff Canteen Price List

The following prices are applicable to all staff members:

**Beverages**

* Tea: £0.50 per cup (max 2 cups per transaction)
* Coffee: £1.00 per cup
* Juice: £1.20 per pint
* Soft drinks: £1.50 per can
* Bottled water: £1.80 per bottle

**Food**

* Sandwiches: £3.50 - £4.50 per item (depending on filling)
* Wraps: £3.00 - £4.00 per item (depending on filling)
* Salads: £4.00 - £5.00 per serving
* Soup: £2.50 - £3.50 per serving
* Hot meals: £5.00 - £6.50 per meal

**Breakfast Options**

* Cereal and milk: £1.80 per serving
* Toast with spreads: £2.20 per serving
* Pastries: £1.80 - £2.50 each

**Special Offers**

* 10% discount for staff who pay by Direct Debit
* Free tea or coffee for staff who bring in a donation to charity (max 2 times per month)

**Payment Terms**

* All payments are due upon receipt of invoice.
* Overdue payments will incur a late fee of £1.00.

**Note**

* Prices are subject to change without notice.
* All items are prepared on-site by trained catering staff.
* Please report any complaints or suggestions to the Canteen Manager.",Public Administrative,PUBLIC,generated,staff canteen price list
"STAFF CANTEEN PRICE LIST

Effective Date: 01 April 2023

We are pleased to offer a selection of meals and refreshments in our staff canteen, designed to provide a convenient and affordable option for employees during their breaks. The prices listed below are subject to change and may be adjusted as needed.

**Beverages**

* Water (still and sparkling): £1.00
* Tea, coffee, and juice: £0.80
* Soft drinks (soda, tonic, etc.): £1.20
* Hot chocolate: £1.50

**Sandwiches and Wraps**

* Ham and cheese: £3.50
* Turkey and avocado: £4.00
* Veggie delight: £3.00
* Chicken Caesar wrap: £4.25

**Salads and Soups**

* Mixed greens salad with choice of topping: £4.50
* Tomato soup with crusty bread: £4.75
* Creamy pasta soup: £5.00

**Snacks and Desserts**

* Fresh fruit platter: £2.50
* Chocolate chip cookies: £1.50
* Brownies: £1.25

**Special Offers**

* Monday to Friday, lunchtime (12pm-2pm): 10% discount on all menu items
* Thursday evenings (5pm-7pm): Buy-one-get-one-free on sandwiches and wraps

Payment methods accepted include cash, credit card, and staff canteen vouchers. A 10p charge applies for card payments.

Please note that prices are subject to change without notice. If you have any questions or concerns regarding the menu or pricing, please contact our canteen team at [insert contact information].",Public Administrative,PUBLIC,generated,staff canteen price list
"Staff Canteen Price List

The following prices are applicable for meals served in the hospital staff canteen.

**Beverages**

* Tea: £0.50 per cup
* Coffee: £0.75 per cup
* Juices (various types): £1.00 per glass
* Soft drinks (various types): £1.25 per can

**Breakfast Options**

* Cereal with milk: £2.00 per serving
* Toast with jam/cheese: £2.50 per serving
* Scrambled eggs with toast: £3.00 per serving
* Full English breakfast: £4.00 per serving

**Lunch and Dinner Options**

* Sandwiches (various fillings): £5.00 each
* Salads (various types): £6.00 per plate
* Hot meals (e.g. pasta, stir-fry): £7.50 per serving
* Soups: £3.00 per bowl

**Desserts**

* Cakes and pastries: £2.50 per piece
* Ice cream: £3.00 per scoop

**Special Offers**

* 10% discount for staff who purchase a meal ticket for the month
* Free tea or coffee with every meal purchased on weekdays during lunch hours

**Payment Terms**

* Meals can be paid for using cash, credit/debit card, or mobile payment methods (e.g. Apple Pay)
* Change will be given in cash where possible
* Please note that prices are subject to change without notice

We hope this price list is helpful and we look forward to serving you!",Public Administrative,PUBLIC,generated,staff canteen price list
"STAFF CANTEEN PRICE LIST

Effective Date: March 1, 2023

The following menu items are available for purchase in the hospital staff canteen during regular operating hours. Prices are subject to change without notice.

**Beverages**

* Coffee (hot or cold): $2.00
* Tea (hot or cold): $1.50
* Juice (orange, apple, or cranberry): $3.00
* Soft drinks (soda, tonic, or water): $2.50
* Bottled water: $1.00

**Sandwiches and Wraps**

* Ham and cheese sandwich: $6.95
* Turkey breast wrap: $7.45
* Veggie delight sandwich: $6.25
* Chicken Caesar salad wrap: $8.15

**Salads and Soups**

* Garden salad: $4.95
* Greek salad: $5.50
* Lentil soup (hot or cold): $3.95
* Fruit salad: $3.25

**Snacks and Baked Goods**

* Fresh fruit cup: $2.50
* Granola bar: $1.75
* Muffin or pastry: $1.00
* Chips and dip: $3.00

**Specials**

* Breakfast burrito (Monday-Friday, 7-10 am): $5.95
* Lunch combo (Monday-Friday, 11 am-2 pm): $9.50

All menu items are prepared in-house and served on a first-come, first-served basis. A 10% service charge will be added to all transactions.",Public Administrative,PUBLIC,generated,staff canteen price list
"Staff Canteen Price List

Effective Date: January 2023

The following prices are applicable for food and beverages served in the staff canteen:

**Breakfast Options**

* Tea/Coffee: £1.20
* Toast with Jam/Butter: £2.00
* Overnight oats: £2.50
* Scrambled eggs (Monday-Friday): £3.20

**Lunch Options**

* Sandwiches:
 + Ham and Cheese: £4.50
 + Turkey and Avocado: £5.20
 + Veggie Delight: £4.80
* Salads: £3.50-£4.50
* Soups (Monday-Friday): £2.50

**Snacks**

* Fresh fruit salad: £2.00
* Yogurt parfait: £3.00
* Chips/Popcorn: £1.20

**Beverages**

* Soft drinks: £1.20-£1.80
* Juices (orange, apple): £2.50
* Bottled water: £1.00

**Special Offers**

* 10% discount for staff with a valid hospital ID card
* Free tea/coffee for first-time customers who pay by cash

**Payment Options**

* Cash only accepted in the canteen
* Card payments accepted at the self-service machine

Please note that prices are subject to change without prior notice. We appreciate your understanding and cooperation in adhering to these price guidelines.",Public Administrative,PUBLIC,generated,staff canteen price list
"STAFF CANTEEN PRICE LIST

The following prices are effective from April 1st, 2023, and are subject to change without notice.

**Beverages**

* Tea: £0.60 (hot) / £0.40 (cold)
* Coffee: £0.80 (hot) / £0.50 (cold)
* Soft drinks: £1.00 (small) / £1.20 (medium) / £1.50 (large)
* Juice and smoothies: £2.00 (single serving) / £3.50 (double serving)

**Food**

* Sandwiches, wraps, and paninis: £4.00 - £5.50
* Salads, soups, and pasta dishes: £5.00 - £7.00
* Fresh fruit and yogurt parfaits: £3.50 - £4.50
* Breakfast options (cereal, toast, etc.): £2.50 - £3.50

**Snacks**

* Chips, crisps, and popcorn: £1.20 - £2.00
* Nuts and dried fruit: £1.50 - £2.50
* Baked goods and pastries: £1.20 - £2.20

**Special Offers**

* Daily lunch special (Monday to Friday): 10% discount on all food items
* Happy hour (3pm-5pm, Monday to Friday): 20% discount on all beverages

**Payment Options**

* Cash only (no credit or debit cards accepted)
* Please note that prices are subject to change without notice and do not include VAT.

Please contact the canteen staff if you have any questions or concerns about our menu.",Public Administrative,PUBLIC,generated,staff canteen price list
"STAFF CANTENA PRICE LIST

The following menu items are available for purchase in the staff canteen:

**Beverages**

* Soft drinks (soda,  juice, water): $1.50
* Tea and coffee: $0.75
* Fresh fruit smoothies: $3.00
* Bottled water: $2.00

**Breakfast Options**

* Toast with jam or honey: $2.25
* Oatmeal with fruit and nuts: $3.25
* Yogurt parfait with granola and fruit: $4.50
* Breakfast sandwich (egg, cheese, meat): $4.75

**Lunch Options**

* Sandwiches (turkey, ham, veggie): $5.00
* Salads (chicken, tuna, vegetarian): $6.25
* Soup and crusty bread: $4.50
* Wraps (chicken, beef, hummus): $5.75

**Snacks**

* Chips and dips: $2.50
* Popcorn: $1.75
* Fresh fruit salad: $3.50
* Energy bars: $2.00

**Specials**

* Combo meal (sandwich, side, drink): $8.50
* Loyalty card discounts available for frequent customers
* Staff meals are subject to change and availability

Payment methods accepted include cash, credit cards, and debit cards. A 10% service charge will be added to all purchases over $20.",Public Administrative,PUBLIC,generated,staff canteen price list
"Staff Canteen Price List

The following menu items are available for purchase at our hospital staff canteen. Prices are inclusive of VAT and are subject to change.

**Breakfast Options**

* Tea or Coffee: £1.20
* Fresh Fruit Salad: £2.50
* Overnight Oats: £2.80
* Yogurt Parfait: £3.20

**Sandwiches and Wraps**

* Turkey and Avocado Wrap: £4.80
* Grilled Chicken Sandwich: £5.20
* Veggie Delight Wrap: £4.40
* Ham and Cheese Roll: £4.00

**Soups and Salads**

* Creamy Tomato Soup: £3.60
* Garden Salad with Choice of Dressing: £2.80
* Quinoa Salad Bowl: £4.20

**Snacks and Desserts**

* Fresh Fruit Smoothie: £2.40
* Chocolate Chip Cookies: £1.60
* Bag of Chips: £1.80
* Brownies: £2.00

**Special Offers**

* Happy Hour: 10% discount on all drinks from 3 pm - 5 pm daily
* Loyalty Scheme: Buy 10 meals, get one free

Please note that prices are subject to change and may vary during special events or holidays. A list of current promotions is available at the canteen counter.

Payment methods accepted include cash, credit cards (Visa, Mastercard), and employee meal vouchers.",Public Administrative,PUBLIC,generated,staff canteen price list
"STAFF CANTEEN PRICE LIST

As of January 2023, the following prices will apply for food and beverages in the staff canteen:

**Hot Meals**

* Breakfast options:
 + Scrambled eggs with toast £2.50
 + Overnight oats with fruit £2.20
 + Yogurt parfait with granola £2.80
* Lunch options:
 + Grilled chicken sandwich £4.30
 + Vegetarian quinoa bowl £3.90
 + Beef and vegetable stir-fry £4.50
* Dinner options:
 + Slow-cooked lamb shanks £5.00
 + Roasted chicken with roasted vegetables £4.20
 + Spaghetti Bolognese £4.80

**Cold Meals**

* Sandwiches (bread, filling, and condiments) £2.90
* Salads (with dressing) £3.40
* Wraps (£3.00)

**Beverages**

* Soft drinks (£1.50)
* Juices (£2.20)
* Coffee and tea (£1.80)
* Bottled water (£1.30)

**Desserts**

* Fresh fruit salad £1.80
* Chocolate cake (£2.20)
* Ice cream (£2.50)

**Specials**

* Daily soup and sandwich deal (£4.00)
* Weekly cake and biscuit day (Thursday) - 10% discount on all desserts

Please note that prices are subject to change and may be adjusted at any time.",Public Administrative,PUBLIC,generated,staff canteen price list
"Building Maintenance Schedule - Calendar Year 2024

I. HVAC Systems (Monthly)

* Check and replace air filters as needed
* Inspect and clean condenser coils
* Schedule annual maintenance for chillers and heat pumps

II. Electrical Systems (Quarterly)

* Conduct a visual inspection of lighting fixtures and ceiling tiles
* Replace burnt-out light bulbs
* Check the electrical panel for any signs of wear or damage

III. Plumbing Systems (Bi-Weekly)

* Inspect water heaters for leaks and ensure proper temperature settings
* Check for mineral buildup in water treatment systems
* Schedule annual flush of the hospital's water tower

IV. Fire Safety Systems (Monthly)

* Conduct a monthly fire drill with staff
* Inspect fire extinguishers and replace as needed
* Ensure all emergency phone lines are functioning properly

V. Janitorial Services (Daily)

* Clean restrooms, including floors, sinks, and toilets
* Empty trash and recyclables
* Restock paper products and soap

VI. Safety Equipment (Quarterly)

* Inspect and maintain handrails and grab bars
* Check the hospital's first aid kit for expiration dates and replacement as needed
* Schedule annual inspection of fire alarms and sprinkler systems

VII. Maintenance Requests

All maintenance requests must be submitted through the Hospital's work order system. Please allow 24-48 hours for response to non-emergency requests.

This schedule is subject to change based on seasonal changes and hospital operations.

Please review this schedule regularly and report any discrepancies or concerns to the Building Maintenance team.",Public Administrative,PUBLIC,generated,building maintenance schedule
"Building Maintenance Schedule - Monthly Review and Revision

The following is a summary of the building maintenance schedule for the hospital, which will be reviewed on a monthly basis to ensure optimal performance and efficiency.

**Mechanical Systems**

* HVAC: Daily checks of air filters, temperature controls, and ventilation systems. Weekly cleaning of ductwork and heating/cooling units.
* Plumbing: Bi-weekly checks of water pressure, flow rates, and temperature control valves. Quarterly flushing of drains and toilets.
* Electrical: Monthly inspections of electrical panels, circuit breakers, and wiring. Daily monitoring of power consumption and energy usage.

**Facilities Maintenance**

* Janitorial Services: Daily cleaning of common areas, patient rooms, and corridors. Weekly deep cleaning of high-traffic areas.
* Fire Safety: Monthly fire extinguisher checks, quarterly fire drill exercises, and annual fire safety inspections.
* Building Envelope: Quarterly inspections of roofs, walls, and windows for signs of damage or wear.

**Environmental Services**

* Waste Management: Bi-weekly removal of trash and recyclables. Daily monitoring of waste levels and bin capacities.
* Pest Control: Monthly treatments of common areas and patient rooms to prevent pest infestations.
* Water Quality: Daily monitoring of water quality parameters, including pH, turbidity, and bacterial counts.

**Safety and Security**

* Locks and Access: Quarterly checks of lock cylinders and keycard systems. Annual testing of alarm systems and security cameras.
* Emergency Response Plan: Monthly review and update of emergency response plan to ensure compliance with hospital regulations and industry standards.

This schedule will be reviewed on a monthly basis to ensure that all maintenance tasks are being performed in accordance with hospital policies and procedures.",Public Administrative,PUBLIC,generated,building maintenance schedule
"Building Maintenance Schedule - Quarter 1, Year 2023

I. HVAC Systems

* Filter replacements due: January 15th, March 20th, May 25th
* Regular cleaning and inspection of condenser units due: February 10th, April 15th, June 20th
* Thermostat calibration due: January 1st, March 31st, June 30th

II. Plumbing Systems

* Water heater replacements due: January 28th, April 11th, July 2nd
* Regular drain cleaning due: February 5th, May 9th, August 3rd
* Leak detection and repair services due: March 2nd, June 6th, September 4th

III. Electrical Systems

* Light fixture replacements due: January 12th, April 10th, July 17th
* Regular electrical inspections due: February 8th, May 12th, August 16th
* Surge protector installations due: March 1st, June 5th, September 9th

IV. Fire Safety and Security

* Smoke detector battery replacements due: January 18th, April 13th, July 23rd
* Regular fire extinguisher inspections due: February 11th, May 16th, August 20th
* CCTV camera maintenance due: March 4th, June 8th, September 12th

V. Flooring and Carpentry

* Regular sweeping and vacuuming of high-traffic areas due: Daily
* Floor polishing due: January 25th, April 30th, July 31st
* Carpentry repairs due: February 20th, May 24th, August 28th",Public Administrative,PUBLIC,generated,building maintenance schedule
"Building Maintenance Schedule - Quarterly Review

The following is a summary of the current building maintenance schedule, highlighting areas of focus and upcoming tasks.

**Facilities Management**

* HVAC system: Regular filter replacements and routine cleaning to ensure optimal performance. Next scheduled task: January 15th.
* Electrical systems: Lighting fixtures and outlets will be inspected and replaced as needed. Bi-annual electrical panel inspections will continue.
* Plumbing: Leaks and water damage will be addressed promptly, with a focus on preventative measures such as installing shut-off valves.

**Facility Upgrades**

* Painting and coatings: The west wing of the building is scheduled for repainting in Q2.
* Flooring renovations: The east wing's break room will undergo flooring replacement and refurbishment in March.

**Seasonal Maintenance**

* Spring cleaning: All rooms and public areas will be thoroughly cleaned and sanitized in April, with a focus on outdoor furniture and decorations.
* Summer maintenance: Exterior window cleaning and leaf removal services will be scheduled bi-weekly.
* Fall preparation: Seasonal HVAC filter replacements and winterization of plumbing systems are planned for November.

**Equipment Maintenance**

* Chiller system: Regular checks and maintenance will continue to ensure optimal performance.
* Generators: Routine inspections and testing will occur quarterly to ensure backup power availability.

**Other Tasks**

* Asbestos removal: A scheduled inspection has been completed, with no further action required at this time.
* Fire suppression systems: Annual maintenance and testing are planned for February 1st.

Please review this schedule and notify the facilities team of any changes or concerns.",Public Administrative,PUBLIC,generated,building maintenance schedule
"Building Maintenance Schedule

Facility Name: St. Michael's Hospital

Date: March 2023

Maintenance Calendar:

* HVAC System:
 + Scheduled maintenance: Every 12 months (February 15th)
 + Filter replacements: Quarterly (January 1st, April 1st, July 1st, October 1st)
 + Air conditioning unit servicing: Annually (May 31st)
* Electrical Systems:
 + Lighting system maintenance: Bi-annually (April 30th, August 31st)
 + Circuit breaker replacements: As needed
* Plumbing System:
 + Water heater maintenance: Quarterly (January 1st, April 1st, July 1st, October 1st)
 + Drain line cleaning: Annually (November 15th)
* Fire Safety and Suppression Systems:
 + Smoke detector testing: Monthly
 + Fire extinguisher inspections: Quarterly
 + System servicing: Annually (February 28th)
* Building Exterior:
 + Roof inspections: Quarterly
 + Gutters and downspouts maintenance: Bi-annually (May 31st, September 30th)

Compliance:

* All scheduled maintenance activities will be performed by authorized personnel.
* Work orders for minor repairs will be submitted to the facilities manager for review and approval.

Responsibilities:

* Facilities Manager: Oversee building maintenance schedule and ensure compliance.
* Maintenance Staff: Perform scheduled maintenance tasks and report any issues to the facilities manager.

Revision History:
No revisions have been made to this document since its inception in 2018.",Public Administrative,PUBLIC,generated,building maintenance schedule
"Building Maintenance Schedule

Facility: Main Hospital Building

Date: March 2023

I. Exterior Maintenance

* Inspect and clean gutters and downspouts on a bi-monthly basis
* Trim tree branches to maintain a clearance of 10 feet from building eaves
* Conduct semi-annual power washing of exterior walls and sidewalks
* Inspect and repair or replace roof flashing as needed

II. HVAC and Plumbing Systems

* Schedule quarterly maintenance visits for heating, ventilation, and air conditioning systems
* Perform annual inspections and testing of plumbing systems to ensure proper function and leak detection
* Replace air filters every 30 days during peak usage periods

III. Electrical Systems

* Conduct monthly visual inspections of electrical panels and circuit breakers
* Schedule annual electrical system audits with a licensed electrician
* Inspect and replace worn or damaged light fixtures and receptacles as needed

IV. Fire Safety Systems

* Conduct quarterly tests of fire alarm systems and sprinkler heads
* Schedule annual inspections of fire extinguishers and ensure proper calibration
* Train facility staff on fire evacuation procedures and emergency protocols

V. General Maintenance

* Perform daily cleaning of common areas, including hallways and lobbies
* Schedule monthly deep cleans of high-traffic areas and patient rooms
* Conduct seasonal maintenance tasks, such as inspecting and repairing window seals in winter and summer.

VI. Compliance and Reporting

All maintenance activities will be documented and reported to management on a quarterly basis.",Public Administrative,PUBLIC,generated,building maintenance schedule
"Building Maintenance Schedule

Facility: Main Hospital Building

Schedule Period: January 1 - December 31

I. HVAC System

* Regular filter cleaning every 2 months
* Annual furnace maintenance (first week of October)
* Winterization checks (December 15)
* Summerization checks (June 1)

II. Electrical Systems

* Lighting fixtures inspected and replaced as needed (every 5 years)
* Ceiling tiles vacuumed and cleaned quarterly
* Circuit breakers and fuse boxes checked monthly

III. Plumbing Systems

* Water heaters drained and flushed annually (first week of January)
* Drain lines cleared every 6 months
* Low-flow faucet installation recommended for all new fixtures

IV. Fire Safety Systems

* Smoke detector maintenance (every 6 months)
* Carbon monoxide detector maintenance (every 12 months)
* Fire extinguisher inspection and recharge as needed

V. Janitorial Services

* Vacuuming of high-traffic areas performed daily
* Cleaning of restrooms twice a week
* Mopping of floors weekly

VI. Exterior Maintenance

* Windows cleaned quarterly
* Siding inspections performed biannually
* Roof checks performed annually

VII. Security Systems

* CCTV camera maintenance (every 12 months)
* Alarm system testing monthly

VIII. Environmental Controls

* Temperature monitoring and adjustments as needed
* Humidity levels maintained within acceptable range",Public Administrative,PUBLIC,generated,building maintenance schedule
"Building Maintenance Schedule - Facilities Management Department

Date: March 2023

I. General Maintenance Tasks

* Perform regular cleaning of all common areas, including lobbies, hallways, and restrooms.
* Inspect and maintain all fire extinguishers according to manufacturer's instructions.
* Check and replace air filters as needed to ensure optimal ventilation.

II. HVAC and Plumbing Systems

* Schedule annual tune-ups for heating, ventilation, and air conditioning (HVAC) systems.
* Perform routine checks on plumbing systems to identify and address any leaks or water damage.

III. Lighting and Electrical Systems

* Replace light bulbs in all fixtures as needed to maintain adequate lighting levels.
* Inspect and repair all electrical outlets and switches to ensure safe operation.

IV. Building Envelope and Exterior Maintenance

* Perform annual inspections of roof drainages to prevent water accumulation.
* Apply sealants to exterior joints and cracks to maintain building envelope integrity.

V. Emergency Preparedness

* Conduct regular drills with fire safety equipment to ensure personnel are trained and aware of emergency procedures.
* Maintain a record of all maintenance activities, including dates and completion status.

VI. Scheduled Maintenance Requests

* Staff will submit requests for scheduled maintenance through the facilities management department's online portal.
* Requests will be prioritized based on urgency and availability of resources.

VII. Review and Revision

* This building maintenance schedule will be reviewed annually to ensure it remains effective and aligned with organizational goals.

Approved by: [Facilities Management Department]",Public Administrative,PUBLIC,generated,building maintenance schedule
"Building Maintenance Schedule - Quarterly Review

Purpose:

To ensure the upkeep of hospital facilities, a quarterly review of building maintenance activities is necessary to identify areas requiring attention and implement necessary repairs.

I. Mechanical Systems (Jan-Mar)

* HVAC units: Regular filter cleaning, system checks, and tune-ups
* Plumbing systems: Pipe inspections, leaks, and water heater maintenance
* Electrical systems: Light fixtures, outlets, and emergency lighting

II. Fire Safety and Security (Apr-Jun)

* Fire extinguishers: Inspections, refills, and annual certifications
* Smoke detectors and carbon monoxide detectors: Maintenance checks and testing
* Access control systems: Software updates, hardware inspections, and door sensor testing

III. Environmental Services (Jul-Sep)

* Janitorial supplies: Inventory management, ordering, and disposal of hazardous waste
* Trash removal and recycling: Regular collections, processing, and disposal of biohazards
* Pest control: Scheduled treatments for rodents, cockroaches, and other pests

IV. Building Envelope and Exterior (Oct-Dec)

* Roof maintenance: Inspections, cleaning, and repair of damaged or missing shingles
* Window replacement: Replacement of worn-out or damaged windows
* Painting and coatings: Regular touch-ups and repainting of high-traffic areas

V. Utilities and Services

* Sewer system maintenance: Regular inspections and cleaning
* Water treatment and filtration systems: Monitoring and maintenance checks

VI. Equipment Maintenance

* Elevators: Scheduled maintenance, repairs, and certification
* Escalators: Inspections, lubrication, and component replacement as needed

This quarterly review schedule will ensure that hospital facilities are properly maintained, ensuring a safe and healthy environment for staff, patients, and visitors.",Public Administrative,PUBLIC,generated,building maintenance schedule
"Building Maintenance Schedule

Facility Name: St. Michael's Hospital

Date: March 2023

I. HVAC System Maintenance

* Schedule a bi-annual duct cleaning for all HVAC units
* Perform a thorough inspection of the heating and cooling system on April 15, 2023
* Replace worn-out seals and gaskets in the air handling unit on May 1, 2023

II. Electrical System Maintenance

* Inspect all electrical panels and ensure they are functioning properly
* Replace light fixtures in corridors B and C by March 31, 2023
* Schedule a thorough inspection of the electrical system on June 1, 2023

III. Plumbing System Maintenance

* Inspect all water heaters and replace worn-out elements as needed
* Perform a leak detection service on the third floor by April 15, 2023
* Replace faulty washers in sinks throughout the hospital by May 31, 2023

IV. Fire Safety Systems

* Schedule a fire suppression system inspection on March 15, 2023
* Test all smoke detectors and carbon monoxide detectors bi-weekly

V. Pest Control

* Perform an annual pest control service on April 1, 2023
* Inspect for signs of rodents and other pests in food storage areas

VI. Safety Equipment Maintenance

* Schedule a maintenance inspection for the hospital's fall prevention system on March 15, 2023
* Replace worn-out safety glasses in all employee break rooms by April 30, 2023

VII. Environmental Services

* Perform a thorough cleaning of the hospital's cafeteria and dining areas on April 1, 2023
* Schedule a maintenance inspection for the hospital's recycling facilities on May 15, 2023",Public Administrative,PUBLIC,generated,building maintenance schedule
"Building Maintenance Schedule for Hospital Facility

The following schedule outlines the regular maintenance tasks to be performed on hospital facilities, equipment, and systems. All maintenance personnel are required to adhere to this schedule to ensure the optimal functioning of the facility.

**Monthly Tasks**

* HVAC system cleaning and filter replacement
* janitorial supplies inventory management
* Fire alarm system testing and inspection
* Lighting maintenance (bulb replacements, ballast checks)
* Water quality monitoring

**Quarterly Tasks**

* Deep cleaning of patient rooms, hallways, and common areas
* Carpet cleaning and shampooing in high-traffic areas
* Window cleaning and glass treatment
* Ventilation system maintenance (filter replacement, coil cleaning)

**Bi-Annual Tasks**

* Roof inspection and maintenance
* Electrical panel inspections and upgrades as needed
* Plumbing system checks for leaks and water pressure

**Annual Tasks**

* Facility-wide pest control management
* HVAC system performance evaluations and tuning
* Fire suppression system testing and inspection
* Emergency generator maintenance and testing

**Seasonal Tasks**

* Spring: Window cleaning, power washing of exterior surfaces, and lawn maintenance.
* Summer: Cooling system maintenance, evaporative cooler checks, and outdoor furniture inspection.
* Fall: Leaf removal, gutter cleaning, and winterization preparation.
* Winter: Ice melt application, snow removal equipment maintenance, and heating system performance evaluations.

All maintenance personnel are responsible for reporting any issues or concerns to the facilities management team in a timely manner.",Public Administrative,PUBLIC,generated,building maintenance schedule
"Building Maintenance Schedule - Quarter 1, Year 2023

I. HVAC System Maintenance

* Daily checks of air filters and filter replacements as needed
* Weekly inspections of cooling and heating units to ensure proper function
* Bi-weekly cleaning of condenser coils
* Quarterly professional maintenance of HVAC systems by licensed technicians
* Annual seasonal maintenance to prepare for summer and winter operations

II. Electrical System Maintenance

* Monthly inspection of electrical panels and circuit breakers
* Bi-monthly checks of electrical outlets and switches for damage or wear
* Quarterly testing of backup power systems
* Semi-annually cleaning of electrical room and equipment
* Annually inspect and maintain fire alarm systems

III. Plumbing System Maintenance

* Daily checks of water pressure and temperature
* Weekly inspections of drains and sewer lines for blockages or damage
* Bi-weekly flushing of toilets and sinks to prevent clogging
* Quarterly maintenance of water heaters and boilers
* Semi-annually inspect and maintain irrigation systems

IV. Building Envelope Maintenance

* Regular inspections of roof integrity and damaged areas
* Weekly checks of exterior windows and doors for damage or wear
* Bi-monthly cleaning of exterior walls and gutters
* Quarterly power washing of the building facade
* Annually inspect and maintain exterior lighting fixtures

V. Fire Safety Equipment Maintenance

* Monthly inspection of fire alarms, sprinkler systems, and emergency lighting
* Bi-monthly checks of fire extinguishers and first aid kits
* Quarterly testing of smoke detectors and carbon monoxide detectors
* Semi-annually cleaning and maintenance of fire suppression systems

VI. Pest Control and Preventative Measures

* Regular inspections for signs of pests or rodents
* Weekly sealing of entry points to prevent pest infestations
* Bi-monthly application of pest control measures as needed
* Quarterly treatment of carpets, upholstery, and drapes

VII. Other Maintenance Tasks

* Daily cleaning of hallways, corridors, and public areas
* Weekly cleaning of patient rooms and bathrooms
* Bi-weekly maintenance of floor mats and door seals
* Quarterly inspection and maintenance of building equipment",Public Administrative,PUBLIC,generated,building maintenance schedule
"Building Maintenance Schedule

Facility: Main Hospital Building

Date: March 1, 2023

I. HVAC System

* Filter replacements due on April 15, 2023 (every 12 months)
* HVAC unit maintenance scheduled for June 1-2, 2023
* Ensure all cooling towers are inspected and serviced annually to prevent mosquito breeding

II. Electrical Systems

* Light fixtures and ceiling fans replaced as needed, with priority given to areas with high usage
* Electrical panels inspected quarterly to ensure safe operation
* Replace GFCI outlets every 10 years or as indicated by manufacturer's guidelines

III. Plumbing Systems

* Check for and repair leaks in the main water supply lines quarterly
* Drainage systems inspected annually to prevent clogs
* Ensure all backflow preventers are tested and certified annually

IV. Fire Suppression Systems

* Inspect fire extinguishers monthly, with annual certification required
* Test smoke detectors bi-weekly, replacing batteries as needed
* Schedule annual fire suppression system inspections for July 15-16, 2023

V. Security Cameras

* Check camera feeds daily to ensure functionality and resolution
* Clean and inspect lenses quarterly to maintain clear image quality
* Update software and firmware annually to ensure compatibility with new systems

VI. Waste Management

* Ensure all dumpsters are emptied on a bi-weekly schedule
* Inspect waste management equipment regularly to prevent breakdowns
* Schedule annual waste management audits to identify areas for improvement",Public Administrative,PUBLIC,generated,building maintenance schedule
"Building Maintenance Schedule

**Facility:** Main Hospital Building

**Date:** March 1, 2023

**Frequency:** Monthly

**Section 1: HVAC and Climate Control**

* Perform routine filter cleaning and replacement for all air handling units every 3 months.
* Inspect and maintain thermometers in all common areas, with replacements due every 12 months.
* Adjust thermostat settings to optimal levels during peak usage periods.

**Section 2: Electrical Systems**

* Conduct a monthly visual inspection of lighting fixtures and replace bulbs as needed.
* Verify that all electrical outlets are functioning properly and report any issues to the maintenance team promptly.
* Schedule bi-annual GFCI testing for all common areas.

**Section 3: Fire Safety**

* Inspect fire extinguishers in all common areas and refill or replace them according to manufacturer guidelines.
* Conduct a monthly visual inspection of smoke detectors and carbon monoxide detectors, with replacements due every 10 years.
* Schedule annual fire drill training sessions for staff members.

**Section 4: Maintenance Scheduling**

* Perform routine cleaning and disinfection of high-touch surfaces in all common areas every 2 weeks.
* Inspect and maintain floor mats throughout the facility, with replacements due every 12 months.
* Schedule quarterly deep cleans of high-traffic areas.

**Section 5: Reporting and Review**

* Submit a monthly maintenance report to management, highlighting any issues or concerns.
* Conduct a bi-monthly review of the maintenance schedule to ensure it remains relevant and effective.",Public Administrative,PUBLIC,generated,building maintenance schedule
"Building Maintenance Schedule

Facility Name: Hospital A
Date: March 2023

I. Mechanical Systems:

* HVAC units to undergo routine cleaning and filter replacement (Every 30 days)
* Air conditioning systems to be inspected for proper operation (Quarterly)
* Heating systems to be serviced annually, including furnace maintenance and inspection

II. Electrical Systems:

* Lighting fixtures to be replaced as needed (Every 5 years)
* Outlet covers and switch plates to be inspected monthly
* Electrical panel to be serviced every 6 months

III. Plumbing Systems:

* Water heaters to be inspected monthly for leaks and proper function
* Drains to be cleaned annually, including sewer line maintenance
* Faucets and toilets to be replaced as needed (Every 10 years)

IV. Fire Safety and Security:

* Smoke detectors and carbon monoxide detectors to be inspected bi-monthly
* Fire extinguishers to be serviced quarterly
* Surveillance cameras to be inspected monthly for proper operation

V. Building Envelope:

* Roofing materials to be inspected annually, including repair and replacement as needed
* Windows to be cleaned annually, including window sills and tracks
* Caulk and sealants to be inspected and replaced as needed

VI. Other:

* Pest control services to be scheduled quarterly
* Janitorial services to be performed daily
* Building management system to be checked monthly for functionality",Public Administrative,PUBLIC,generated,building maintenance schedule
"Building Maintenance Schedule

I. HVAC System (Monthly)

* Inspect filters and clean as needed
* Check thermostat settings to ensure optimal temperature range
* Perform routine checks on air handlers and fans
* Schedule annual maintenance for all HVAC components

II. Electrical Systems (Quarterly)

* Check lighting fixtures for burnt-out bulbs and replace as necessary
* Inspect electrical panels and circuit breakers for wear and tear
* Test fire alarm systems to ensure proper functionality
* Schedule regular inspections with licensed electricians

III. Plumbing Systems (Bi-Monthly)

* Check water pressure and report any fluctuations to facilities management
* Inspect drainage pipes for blockages or damage
* Perform routine checks on toilet flappers and showerheads
* Schedule annual inspections for water heaters

IV. Fire Suppression Systems (Quarterly)

* Test fire extinguishers according to manufacturer's instructions
* Inspect fire alarm systems and report any issues to facilities management
* Schedule regular inspections with licensed technicians
* Ensure all emergency exits are clear and accessible

V. Pest Control (Monthly)

* Inspect buildings for signs of pest activity, such as cockroaches or rodents
* Schedule regular treatments with licensed pest control professionals
* Check for any gaps or cracks in walls or floors that may be allowing pests to enter the building

VI. Building Envelope (Quarterly)

* Inspect exterior windows and doors for damage or wear
* Check for any signs of water intrusion or leaks
* Schedule regular inspections of roofing and siding materials",Public Administrative,PUBLIC,generated,building maintenance schedule
"Building Maintenance Schedule - Q1 2023

The hospital's maintenance schedule for the first quarter of 2023 is as follows:

Equipment and Systems:

* HVAC units: routine maintenance checks, filter replacements (every 6 months)
* Elevators: quarterly inspection, lubrication, and component replacement (as needed)
* Water coolers: descaling and sanitizing every 3 months
* Ventilation systems: annual cleaning and inspection

Facility Maintenance:

* Flooring: regular sweeping and mopping, replacement of damaged flooring tiles as needed
* Walls and ceilings: painting touch-ups, repairs to damaged areas
* Doors and frames: lubrication, adjustment, and replacement (as needed)
* Lighting fixtures: routine cleaning, replacement of burnt-out bulbs

Plumbing and Sanitation:

* Water heaters: regular checks, replacement of faulty units
* Toilets and sinks: maintenance checks, repair or replacement of clogged drains
* Trash and recycling facilities: daily cleaning, replacement of liners as needed

Seasonal Tasks:

* Spring:
 + Inspect and repair roof leaks
 + Clean gutters and downspouts
 + Power wash exterior walls and trim
* Summer:
 + Maintain pool area (filter cleaning, chemical balancing)
 + Check and replace air conditioning filters regularly

Quarterly Tasks:

* January: inspect and test fire alarms, smoke detectors
* April: perform routine cleaning of hospital entrance, lobby, and waiting areas
* July: inspect and maintain emergency exit lighting
* October: prepare for winter maintenance (drainage system inspection)

This schedule will be reviewed and updated quarterly to ensure the continued upkeep of the hospital's facilities.",Public Administrative,PUBLIC,generated,building maintenance schedule
"Building Maintenance Schedule - Monthly Review and Update

Purpose:
The purpose of this schedule is to ensure that all building systems and equipment are properly maintained, inspected, and repaired to prevent disruptions to hospital operations.

Scope:
This schedule applies to all buildings owned or leased by the hospital, including administrative offices, patient care facilities, and supporting infrastructure such as parking garages and utility rooms.

Maintenance Tasks:

* Monthly:
	+ Check and replace air filters in HVAC systems
	+ Inspect and clean drains and pipes
	+ Verify that all fire alarms and sprinkler systems are functioning properly
* Bi-Monthly:
	+ Clean and inspect windows and mirrors
	+ Dust and polish furniture and fixtures
	+ Check and adjust thermostat settings
* Quarterly:
	+ Schedule annual maintenance contracts for HVAC, plumbing, and electrical systems
	+ Inspect and repair roof leaks and ensure that all flashing is secure
	+ Conduct a thorough cleaning of the hospital's water treatment plant
* Annually:
	+ Perform a comprehensive inspection of all building electrical systems
	+ Inspect and maintain hospital generators and backup power systems

Responsibilities:

* Maintenance Staff: Responsible for scheduling and performing maintenance tasks as outlined above.
* Facilities Management: Responsible for reviewing and approving maintenance schedules, and ensuring that work is completed in a timely manner.

Review Cycle:
This schedule will be reviewed and updated monthly by the facilities management team. Any changes or updates will be documented and communicated to all relevant parties.

By following this schedule, we can ensure that our buildings are properly maintained, safe, and functional for hospital operations.",Public Administrative,PUBLIC,generated,building maintenance schedule
"Building Maintenance Schedule - Third Quarter Review

The following maintenance activities are scheduled for completion by the end of the third quarter:

1. Heating System Maintenance:
 * Date: September 15, 2023
 * Task: Perform routine cleaning and inspection of heating system components
 * Responsible: Facility Management Team

2. Electrical Panel Upgrades:
 * Date: October 10, 2023
 * Task: Replace old electrical panels with new ones to ensure compliance with current building codes
 * Responsible: Facilities Engineering Department

3. Janitorial Services Contract Renewal:
 * Date: November 15, 2023
 * Task: Review and finalize contract renewal for janitorial services with our current provider
 * Responsible: Purchasing Department

4. Flooring Maintenance:
 * Date: September 1, 2023 - December 31, 2023
 * Task: Apply a clear sealant to all floors to protect against wear and tear
 * Responsible: Facilities Operations Team

5. Fire Alarm System Inspection:
 * Date: October 25, 2023
 * Task: Perform routine inspection and testing of fire alarm system components
 * Responsible: Safety Compliance Office

6. HVAC Filter Replacement:
 * Dates: Every 1st and 15th day of the month from January to June, 2024
 * Task: Replace air conditioning and heating filters according to manufacturer recommendations
 * Responsible: Facilities Operations Team

7. Asbestos Abatement:
 * Date: March 15, 2024 - April 30, 2024
 * Task: Perform asbestos abatement work in the designated areas of the building
 * Responsible: Environmental Health and Safety Office",Public Administrative,PUBLIC,generated,building maintenance schedule
"Building Maintenance Schedule - Calendar Year 2024

**Monthly Review and Maintenance Cycle**

The following is a schedule of regular maintenance tasks to ensure the upkeep and integrity of hospital facilities. This schedule is subject to change based on operational needs and availability of resources.

**January**

* Inspect and maintain HVAC systems (Weekly)
* Clean and inspect fire extinguishers (Monthly)
* Perform routine plumbing checks (Monthly)

**February**

* Maintain elevator systems and perform safety inspections (Bi-Monthly)
* Inspect and clean roof gutters (Quarterly)
* Conduct asbestos testing in high-traffic areas (Annually)

**March**

* Inspect and maintain electrical systems (Quarterly)
* Clean and inspect air filtration systems (Monthly)
* Perform routine pest control measures (Bi-Monthly)

**April**

* Conduct energy audits of building systems (Annual)
* Maintain window blinds and treatments (Quarterly)
* Inspect and repair drywall and ceiling tile (Bi-Annually)

**May**

* Perform routine maintenance on medical gas systems (Monthly)
* Clean and inspect handrails and grab bars (Monthly)
* Conduct regular inspections of parking lots and garages (Bi-Monthly)

**June-August**

* Maintain outdoor lighting systems (Quarterly)
* Inspect and repair playground equipment (Tri-Annually)
* Perform routine maintenance on HVAC system filters (Monthly)

**September-November**

* Conduct annual inspections of life safety systems
* Clean and inspect carpeting and upholstery (Bi-Monthly)
* Perform routine maintenance on kitchen appliances (Monthly)

**December**

* Inspect and maintain heating systems (Monthly)
* Clean and inspect exterior windows and doors (Quarterly)
* Review and update building maintenance schedules as necessary",Public Administrative,PUBLIC,generated,building maintenance schedule
"Building Maintenance Schedule - January to December 2024

I. Heating, Ventilation, and Air Conditioning (HVAC) System

* Regular filter cleaning and replacement every 2 months
* Inspect and clean condenser coils quarterly
* Schedule annual preventative maintenance for HVAC system

II. Electrical Systems

* Conduct a monthly visual inspection of electrical panels and wiring
* Replace light fixtures and ballasts as needed, with a maximum of two replacements per year
* Perform a thorough electrical safety audit every 6 months

III. Plumbing System

* Check water pressure and temperature every 2 weeks
* Inspect and clean drain lines quarterly
* Schedule annual preventative maintenance for plumbing system

IV. Fire Safety Equipment

* Conduct monthly fire drill exercises to ensure system function
* Inspect and test smoke detectors every 3 months
* Schedule annual maintenance for fire suppression systems

V. Building Envelope and Exterior Maintenance

* Inspect and repair roof leaks quarterly
* Clean gutters and downspouts twice a year
* Apply weatherproofing coatings as needed, with a maximum of two applications per year

VI. Energy Efficiency Measures

* Conduct an energy audit every 12 months to identify areas for improvement
* Install low-flow fixtures and toilets where feasible
* Implement energy-efficient lighting and HVAC systems whenever possible

VII. General Maintenance

* Perform routine cleaning and organization of common areas twice a week
* Sustain regular maintenance of all building equipment, including elevators and escalators",Public Administrative,PUBLIC,generated,building maintenance schedule
"Building Maintenance Schedule - Calendar Year 2023

The following is a comprehensive schedule of planned maintenance tasks for the hospital's facilities, ensuring optimal upkeep and compliance with regulatory requirements.

**Quarterly Tasks (January-March)**

* January:
 + Inspect and maintain heating, ventilation, and air conditioning systems
 + Conduct routine fire alarm system testing
 + Schedule quarterly floor cleaning and polishing
* February:
 + Perform semi-annual elevator maintenance
 + Inspect and repair plumbing fixtures
 + Review and update lighting fixture inventory
* March:
 + Conduct a thorough inspection of the hospital's electrical panel and circuit breakers
 + Schedule quarterly pest control services
 + Review and update emergency exit signs

**Monthly Tasks**

* First Monday: Perform routine janitorial staff training on proper cleaning procedures
* Second Monday: Inspect and maintain hospital security cameras
* Third Monday: Conduct regular walk-throughs of the food service areas to ensure cleanliness and safety standards
* Fourth Friday: Schedule quarterly HVAC filter replacements

**Annual Tasks (April-June)**

* April: Perform a comprehensive inspection of the hospital's plumbing system
* May: Schedule annual elevator inspections and maintenance
* June: Review and update hospital fire suppression systems

**Bi-Annual Tasks (July-September)**

* July: Conduct regular roof inspections to ensure integrity
* August: Schedule bi-annual HVAC system cleanings

The following tasks are scheduled for the remainder of the year, with specific dates to be confirmed by individual maintenance personnel.

This schedule is subject to change as needed and may require updates based on seasonal fluctuations or unusual weather conditions.",Public Administrative,PUBLIC,generated,building maintenance schedule
"Building Maintenance Schedule

I. General Maintenance

* Monthly inspections of all HVAC systems to ensure optimal performance and energy efficiency
* Quarterly cleaning and maintenance of all high-traffic areas, including hallways and lobbies
* Bi-monthly checks of all fire alarm and suppression systems

II. Building Systems

* Annually inspect and test all electrical panels and circuit breakers
* Perform routine maintenance on plumbing fixtures and appliances to prevent leaks and water damage
* Inspect and clean all ventilation systems to ensure proper airflow and reduce dust buildup

III. Safety Equipment

* Quarterly inspection of all fire extinguishers and ensure they are fully charged and easily accessible
* Bi-annually inspect and test smoke detectors and carbon monoxide detectors
* Monthly check of all emergency lights and ensure they are functioning properly

IV. Grounds Maintenance

* Weekly mowing and trimming of landscaping to maintain a safe and aesthetically pleasing environment
* Monthly inspection and cleaning of parking lots and sidewalks to prevent slips and falls
* Quarterly pruning and maintenance of trees and shrubs to maintain their health and appearance

V. Special Projects

* Annually inspect and maintain all building roofs to ensure they are in good condition and free from damage
* Perform routine maintenance on all elevator systems to ensure safe and efficient operation
* Bi-annually inspect and test all security cameras and alarm systems

VI. Conclusion

This building maintenance schedule is designed to ensure the upkeep and safety of our facilities. It will be reviewed and updated quarterly to reflect any changes or updates.",Public Administrative,PUBLIC,generated,building maintenance schedule
"Building Maintenance Schedule for Hospital Facilities Management

I. Heating and Cooling Systems

* Monthly inspection of HVAC units to ensure proper functioning and efficiency
* Bi-monthly filter replacement for all air handling systems
* Quarterly cleaning of condensate drains and gutters

II. Plumbing and Water Systems

* Daily inspection of water quality and pressure in various areas of the hospital
* Weekly flushing of sewer lines and septic tanks
* Quarterly descaling of water heaters and cooling towers

III. Electrical Systems

* Monthly inspection of electrical panels and circuit breakers to ensure proper function
* Bi-monthly testing of smoke detectors and fire alarms
* Quarterly replacement of light bulbs and ballasts in common areas

IV. Fire Safety and Security

* Weekly inspection of fire extinguishers and their contents
* Monthly test of fire alarm systems
* Quarterly review of security cameras and access control systems

V. Janitorial Services

* Daily cleaning of high-traffic areas, including hallways and patient rooms
* Bi-weekly deep cleaning of restrooms and common areas
* Weekly vacuuming and dusting of furniture and fixtures

VI. Preventative Maintenance

* Quarterly lubrication of door hinges and locks
* Bi-monthly inspection and replacement of batteries in emergency lighting systems
* Annual sealing of roof leaks and water damage

VII. Emergency Response Plan

* Monthly review and update of emergency response plan to ensure compliance with regulatory requirements
* Quarterly training for facility management staff on emergency procedures

This building maintenance schedule is designed to ensure the upkeep and safety of hospital facilities, while also minimizing disruptions to operations. Regular inspections and maintenance tasks will help prevent costly repairs and ensure a healthy and safe environment for patients and staff.",Public Administrative,PUBLIC,generated,building maintenance schedule
"Building Maintenance Schedule - February to August 2023

I. HVAC Systems:

* Perform routine filter cleaning and replacement every 2 months
* Inspect thermostat calibration and adjust as necessary every quarter
* Conduct a thorough system inspection and replace worn-out parts as needed, with priority given to air handling units and chillers during the summer months
* Schedule bi-annual duct cleaning for high-traffic areas

II. Electrical Systems:

* Inspect and test all electrical outlets and switches monthly
* Replace any worn-out or damaged light fixtures and ceiling tiles every 3 years
* Perform a thorough circuit analysis and upgrade as necessary, with priority given to high-demand areas during peak hours
* Schedule bi-monthly inspections of emergency generators

III. Plumbing Systems:

* Inspect and test all water valves and faucets monthly
* Replace any worn-out or damaged washers and gaskets every 2 years
* Conduct a thorough system inspection and replace corroded pipes as needed, with priority given to high-risk areas such as near water heaters and dishwashers
* Schedule quarterly inspections of backflow preventers

IV. Fire Safety Systems:

* Inspect and test all smoke detectors monthly
* Replace any worn-out or damaged sensors every 2 years
* Conduct a thorough system inspection and replace faulty components as needed, with priority given to high-risk areas such as near cooking equipment
* Schedule bi-annual inspections of fire extinguishers

V. General Maintenance:

* Perform regular cleaning and organization of public spaces, including lobby, hallways, and restrooms
* Schedule quarterly deep cleans of patient rooms and common areas
* Review and update the maintenance schedule with facility management to ensure alignment with hospital policies and procedures.

Please note that this document is for general informational purposes only and may not reflect specific requirements or regulations applicable to your institution.",Public Administrative,PUBLIC,generated,building maintenance schedule
"Building Maintenance Schedule for [Hospital Name]

I. HVAC System

* Bi-weekly filter cleaning and replacement of HVAC units
* Monthly checks of air conditioning and heating system components
* Annual inspection and maintenance of rooftop unit

II. Electrical Systems

* Daily checks of electrical panels and circuit breakers
* Weekly testing of emergency lighting and exit signs
* Quarterly inspections of electrical outlets and switches

III. Plumbing Systems

* Bi-weekly flushing of drain lines and disposal units
* Monthly inspection of water heaters and pressure tanks
* Annual check of water treatment system components

IV. Fire Safety and Suppression Systems

* Daily checks of fire alarms and sprinkler systems
* Weekly inspections of fire extinguishers and emergency response equipment
* Quarterly maintenance of smoke detectors and carbon monoxide detectors

V. Building Envelope and Roofing

* Quarterly inspections of roof drains and gutters
* Bi-monthly cleaning of windows and exterior walls
* Annual inspection and maintenance of flashing and sealants

VI. Pest Control and Sanitation

* Daily checks for signs of pests and rodent activity
* Weekly sanitizing and disinfecting of high-touch areas
* Quarterly treatments for pest control and fumigation

VII. Security Systems

* Daily checks of security cameras and alarm systems
* Weekly inspections of door locks and access controls
* Monthly testing of panic buttons and emergency response equipment",Public Administrative,PUBLIC,generated,building maintenance schedule
"Building Maintenance Schedule - Quarter 1

As part of our ongoing efforts to ensure the upkeep and maintenance of hospital facilities, the following schedule has been established for the first quarter of the year.

**Facility Maintenance**

- HVAC system cleaning and filter replacement (January 10th)
- Carpet cleaning in patient rooms and common areas (January 15th)
- Window cleaning and glass treatment (January 20th)

**Electrical Systems**

- Routine electrical panel inspections and testing (January 5th)
- Replacement of fluorescent light fixtures in patient corridors (January 12th)

**Plumbing Systems**

- Water heater replacement (January 22nd)
- Leak detection and repair services for toilets, sinks, and showers (January 25th)

**Fire Safety and Security**

- Fire extinguisher inspection and recharging (January 8th)
- Smoke detector and carbon monoxide detector testing (January 15th)
- Access control system maintenance and backup (January 20th)

**Facility Management**

- Painting and refinishing of interior doors (January 10th)
- Cleaning and organization of supply closets (January 12th)
- Routine inspection of parking areas and garages (January 22nd)

All scheduled maintenance activities will be performed during standard operating hours to minimize disruptions. A designated team will be responsible for overseeing the implementation of this schedule.

Please note that this schedule is subject to change as needed, and may be adjusted based on unforeseen circumstances or emergency situations.",Public Administrative,PUBLIC,generated,building maintenance schedule
"Building Maintenance Schedule

Facility Name: Hospital Building A

Date: March 1, 2023 - February 28, 2024

I. General Maintenance

* Perform regular cleaning and disinfection of high-touch areas, including door handles, light switches, and countertops.
* Inspect and maintain HVAC systems to ensure optimal performance and energy efficiency.
* Review and update the emergency exit plan annually.

II. Equipment Maintenance

* Schedule routine maintenance for all medical equipment, including defibrillators, ventilators, and dialysis machines, in accordance with manufacturer guidelines.
* Perform monthly checks on fire suppression systems and test smoke detectors quarterly.
* Coordinate with maintenance staff to ensure timely repairs and replacements of equipment as needed.

III. Safety Inspections

* Conduct quarterly safety inspections of the facility, including stairwells, elevators, and parking areas.
* Identify and address any hazards or deficiencies noted during these inspections.
* Review and update the incident reporting procedure annually.

IV. Special Projects

* Schedule a deep clean of the hospital's interior and exterior surfaces in June 2023.
* Install new flooring in patient rooms and common areas by December 2023.
* Coordinate with facility management to plan for annual facility upgrades and renovations.

V. Vendor Contracts

* Renew contracts with approved vendors for maintenance services, supplies, and equipment as needed.
* Review and update vendor agreements annually to ensure compliance with hospital policies and procedures.

VI. Miscellaneous

* Maintain accurate records of all maintenance activities, including dates, tasks completed, and materials used.
* Ensure that all maintenance staff are trained on new systems and procedures as required.

This schedule is subject to revision or cancellation by the facility management team as needed.",Public Administrative,PUBLIC,generated,building maintenance schedule
"Building Maintenance Schedule

I. Heating and Cooling Systems (Monthly)

* Inspect and clean heating filters as needed
* Perform routine checks on thermostat settings and adjust as necessary
* Schedule annual deep cleaning of central air handling units

II. Electrical Systems (Quarterly)

* Check lighting fixtures for burned-out bulbs and replace as needed
* Verify that all electrical outlets are functioning properly
* Schedule quarterly electrical panel inspections with licensed personnel

III. Plumbing Systems (Bi-Annually)

* Inspect water heaters for leaks and corrosion
* Flush and clean drains on a regular basis to prevent clogging
* Perform bi-annual hot water recirculation system checks

IV. Fire Safety Equipment (Monthly)

* Test smoke detectors and carbon monoxide detectors monthly
* Verify that all fire extinguishers are fully charged and easily accessible
* Schedule annual fire evacuation drills with trained personnel

V. Exterior Maintenance (Seasonally)

* Clean and inspect gutters and downspouts in spring and fall
* Trim tree branches to maintain clear sightlines to building entrances
* Seal any gaps or cracks in exterior walls and windows as needed

VI. General Cleaning and Maintenance (Weekly)

* Vacuum and mop floors on a regular basis
* Clean and dust surfaces, including furniture and fixtures
* Perform routine checks of doors and windows for proper alignment and sealing

VII. Special Projects (As Needed)

* Schedule repairs or replacements of damaged or worn-out equipment
* Coordinate with contractors to perform maintenance work during non-peak hours
* Document all maintenance activities in this schedule",Public Administrative,PUBLIC,generated,building maintenance schedule
"Building Maintenance Schedule

I. HVAC Systems (Weekly)

* Monday: Filter cleaning and replacement for all units
* Tuesday: Cleaning of air handling units and ductwork
* Wednesday: Temperature checks and adjustments as needed
* Thursday: Inspections of cooling towers and condensate drains
* Friday: Verification of system performance using monitoring equipment

II. Electrical Systems (Bi-Weekly)

* Inspect and clean lighting fixtures, ceiling fans, and vents
* Check for frayed cords, loose connections, or other hazards
* Verify proper grounding and outlet functionality
* Test emergency exit lights and stairwell lighting

III. Plumbing Systems (Monthly)

* Check water pressure and temperature in various areas of the building
* Inspect drains and toilets for blockages or leaks
* Flush and clean water treatment systems as necessary
* Test fire suppression system activation

IV. Fire Suppression Systems (Quarterly)

* Conduct visual inspections of system components, including hoses and nozzles
* Check for proper connections and sealants
* Verify functioning of smoke detectors and sprinkler heads

V. Janitorial Services (Weekly)

* Clean and disinfect high-traffic areas and common spaces
* Empty trash receptacles and replace liners as needed
* Mop floors and clean surfaces in patient rooms and public areas

VI. Pest Control (Monthly)

* Inspect for signs of pest activity, such as rodents or insects
* Conduct rodent traps and insect repellents as necessary
* Treat high-risk areas with approved pesticides",Public Administrative,PUBLIC,generated,building maintenance schedule
"Building Maintenance Schedule

I. Monthly Tasks (First Sunday of Each Month)

* HVAC system maintenance: filter cleaning, air conditioning unit check, and heating unit check
* Lighting system maintenance: lamp and fixture replacement as needed
* Fire alarm system inspection: battery testing and sensor cleaning
* Janitorial services: deep cleaning of common areas, including restrooms and hallways

II. Bi-Monthly Tasks (2nd Sunday of Every Other Month)

* Plumbing system inspection: leak detection and water shut-off valves checking
* Electrical system maintenance: circuit breaker panel check and electrical outlet testing
* Elevator maintenance: lubrication and pulley system inspection
* Carpet cleaning: high-traffic areas

III. Quarterly Tasks (First Friday of Each Quarter)

* Roof maintenance: roof membrane inspection and repair
* HVAC system deep cleaning: ductwork cleaning and equipment disinfection
* Painting: interior and exterior walls as needed
* Pest control services: rodent inspection and treatment

IV. Annual Tasks (Last Sunday in December)

* Building envelope insulation check
* Thermal window treatments installation
* Fire suppression system inspection
* Code compliance audit: review of fire safety, electrical, and plumbing codes

V. Seasonal Tasks

* Spring: window cleaning, awning maintenance, and exterior painting
* Summer: outdoor furniture arrangement, lawn care, and irrigation system maintenance
* Fall: leaf cleanup, gutter cleaning, and roof inspection preparation
* Winter: snow removal, ice melt installation, and heating system maintenance

All maintenance tasks will be performed in accordance with the building's systems manufacturer instructions and local regulations. The hospital administration reserves the right to adjust this schedule as necessary to ensure optimal building performance and compliance with regulatory requirements.",Public Administrative,PUBLIC,generated,building maintenance schedule
"Building Maintenance Schedule

I. General Maintenance

* Weekly:
	+ Check and replace air filters as needed
	+ Inspect and clean drainage systems
	+ Empty trash and recyclables
* Bi-weekly:
	+ Clean and inspect door mats and floor tiles
	+ Check and maintain proper water temperature in restrooms
* Monthly:
	+ Clean and polish mirrors and glass surfaces
	+ Dust and vacuum furniture and fixtures

II. HVAC Systems

* Daily:
	+ Monitor thermostat readings and adjust as needed
	+ Check for any unusual odors or leaks
* Weekly:
	+ Inspect and clean air conditioning and heating unit filters
	+ Check refrigerant levels in chillers
* Bi-annual:
	+ Inspect and maintain air compressor systems

III. Electrical Systems

* Daily:
	+ Monitor circuit breaker panel for tripped breakers
	+ Check for flickering lights or unusual electrical odors
* Weekly:
	+ Inspect and clean light fixtures and ceiling fans
	+ Check outlet and switch plate covers
* Quarterly:
	+ Inspect and maintain electrical panels and wiring

IV. Plumbing Systems

* Daily:
	+ Monitor water pressure and temperature in restrooms
	+ Check for any unusual sounds or leaks
* Weekly:
	+ Inspect and clean sink drains and disposals
	+ Check toilet tank levels and flappers
* Bi-annual:
	+ Inspect and maintain water heaters

V. Fire Safety Systems

* Daily:
	+ Monitor fire alarm system readings
	+ Check smoke detector batteries
* Monthly:
	+ Inspect and clean fire extinguishers
	+ Check for any signs of tampering",Public Administrative,PUBLIC,generated,building maintenance schedule
"Building Maintenance Schedule

Facility: Main Hospital Building

Date: March 2023

I. HVAC System Maintenance:

* Schedule a thorough cleaning and inspection of the air handling units, filters, and ductwork by the 15th of March.
* Perform a preventative maintenance check on the chillers and cooling towers by the end of April.

II. Electrical System Maintenance:

* Inspect and test all electrical outlets, switches, and lighting fixtures by the 20th of February.
* Schedule a routine inspection and testing of the hospital's electrical panel by the 15th of March.

III. Plumbing System Maintenance:

* Perform a thorough cleaning and descaling of the hospital's water heaters by the 1st of April.
* Inspect and replace all worn-out washers and gaskets in the plumbing fixtures as needed, but no less than every 6 months.

IV. Fire Safety and Security:

* Conduct a comprehensive fire safety inspection and test all smoke detectors and carbon monoxide alarms by the 20th of February.
* Schedule a routine inspection and maintenance check on the hospital's security cameras by the end of March.

V. janitorial Services:

* Maintain a regular schedule for deep cleaning of high-traffic areas, including hallways, common rooms, and patient wards.
* Clean all floors in accordance with the hospital's standard operating procedure (SOP) to ensure cleanliness and safety.

VI. General Maintenance:

* Schedule a thorough inspection of all doors, windows, and exterior walls by the end of April.
* Perform routine maintenance on all hospital equipment, including elevators, escalators, and lifts.

VII. Annual Inspection:

* Conduct an annual inspection of the building's roof, gutters, and downspouts to ensure proper function and prevent water damage.

This schedule will be reviewed and updated quarterly to ensure ongoing maintenance and upkeep of the facility.",Public Administrative,PUBLIC,generated,building maintenance schedule
"Building Maintenance Schedule

Facility: Main Hospital Building

Room Number 101: Ventilation System Maintenance
Scheduled for: Every 3 months, starting from January 1st
Duration: 2 hours
Description: Cleaning and inspecting of the ventilation system to ensure optimal airflow and maintain a clean environment.

Room Number 202: Electrical Panel Inspection
Scheduled for: Quarterly, on the first day of each quarter
Duration: 4 hours
Description: Inspecting the electrical panels to identify any potential issues or hazards and make necessary repairs.

Room Number 303: Fire Suppression System Maintenance
Scheduled for: Annually, on October 1st
Duration: 6 hours
Description: Testing and maintaining the fire suppression system to ensure it is functioning correctly in case of an emergency.

Room Number 404: Painting and Touch-ups
Scheduled for: Bi-annually, starting from April 1st
Duration: Varies depending on project scope
Description: Painting and touch-up work to maintain a clean and aesthetically pleasing environment throughout the facility.

Room Number 505: Janitorial Supplies Inventory Management
Scheduled for: Monthly, on the 15th of every month
Duration: 2 hours
Description: Managing the inventory of janitorial supplies to ensure adequate stock levels are maintained throughout the year.

Room Number 606: Pest Control Services
Scheduled for: Quarterly, on the first day of each quarter
Duration: 3 hours
Description: Conducting regular pest control services to prevent infestations and maintain a clean environment.",Public Administrative,PUBLIC,generated,building maintenance schedule
"Building Maintenance Schedule

I. Plumbing System

* Weekly inspections to ensure proper water pressure and temperature
* Monthly checks of drainpipes and sewer lines to prevent clogging
* Quarterly flushing of water heaters and condensers
* Bi-annual inspection and maintenance of emergency shutdown valves

II. Electrical System

* Daily checks of lighting fixtures and outlets for proper function
* Weekly inspections of electrical panels and circuit breakers
* Monthly tests of smoke detectors and carbon monoxide alarms
* Quarterly maintenance of fire alarm systems
* Annual certification of electrical contractors

III. HVAC System

* Bi-weekly cleaning of air filters and vents
* Monthly inspections of thermostats and temperature controls
* Quarterly maintenance of heating and cooling units
* Annual servicing of humidification and dehumidification systems

IV. Fire Suppression System

* Daily checks of fire extinguishers and sprinkler heads
* Weekly inspections of fire alarm panels and detectors
* Monthly testing of fire suppression systems
* Quarterly maintenance of fire hoses and nozzles
* Annual inspection and certification of fire suppression contractors

V. General Maintenance

* Daily sweeping and vacuuming of common areas
* Weekly cleaning of restrooms and kitchen facilities
* Monthly inspection and maintenance of doors, windows, and locks
* Quarterly cleaning of carpets and upholstery
* Bi-annual painting and minor repairs as needed

VI. Seasonal Tasks

* Spring: Inspect and repair roof leaks, clean gutters, and inspect exterior windows.
* Summer: Clean outdoor furniture and equipment, inspect pool filtration systems, and trim trees and shrubs.
* Fall: Rake leaves, inspect and repair drainpipes, and prepare for winter weather.
* Winter: Insulate exposed pipes, check roof ice dams, and schedule annual HVAC maintenance.

This building maintenance schedule is to be reviewed and updated annually.",Public Administrative,PUBLIC,generated,building maintenance schedule
"Building Maintenance Schedule

I. Heating and Cooling Systems

* Quarterly inspections of heating and cooling systems to ensure proper function and maintenance
* Bi-annual cleaning of air filters and ducts
* Annual replacement of furnace and air conditioning units as needed

II. Electrical Systems

* Monthly checks of circuit breakers and fuses for proper operation
* Quarterly testing of emergency generators
* Annual inspection of electrical panels and wiring for safety and compliance with code

III. Plumbing Systems

* Daily checks of water pressure and temperature
* Weekly inspections of pipes and fixtures for leaks or damage
* Bi-annual flushing of drains and sewers to prevent clogging

IV. Fire Safety and Security

* Monthly tests of fire alarms and sprinkler systems
* Quarterly inspection of fire extinguishers and emergency response plans
* Annual training for staff on fire safety procedures

V. Building Envelope and Exterior

* Quarterly inspections of roof and walls for damage or wear
* Bi-annual cleaning of windows and exterior walls
* Annual painting of exterior surfaces as needed

VI. Elevators and Ramps

* Monthly checks of elevator systems for proper function and maintenance
* Quarterly inspection of ramps and stairways for safety and compliance with code
* Annual certification of elevator operators

VII. General Maintenance

* Daily cleaning of common areas and public spaces
* Weekly inspections of building fixtures and equipment for wear and tear
* Bi-annual maintenance of building systems and equipment

This schedule is subject to review and revision as necessary, and will be implemented in accordance with applicable codes and regulations.",Public Administrative,PUBLIC,generated,building maintenance schedule
"Building Maintenance Schedule

I. Heating and Cooling System Maintenance

* Monthly checks to ensure proper functioning of HVAC units
* Quarterly filter replacements for all air handling systems
* Annual cleaning and inspection of condenser coils
* Bi-annual maintenance of boiler and chiller systems

II. Electrical System Maintenance

* Weekly checks of circuit breakers and fuse boxes
* Monthly testing of emergency lighting and fire alarm systems
* Quarterly inspections of electrical panels and breaker boxes
* Semi-annually replacement of worn-out fuses and circuit breakers

III. Plumbing System Maintenance

* Daily checks for leaks and water pressure issues
* Weekly inspections of drainage systems
* Quarterly flushing of toilets and sinks to prevent clogs
* Annual inspection and maintenance of sewer lines and drains

IV. Fire Safety Systems

* Monthly tests of fire alarm systems
* Quarterly inspections of fire extinguishers
* Bi-annual training for staff on fire safety procedures
* Semi-annually replacement of fire extinguisher tags and certifications

V. Building Envelope Maintenance

* Daily checks for cracks in walls and ceilings
* Weekly inspections of windows and doors to ensure proper sealing
* Quarterly sealing of gaps and cracks around doors and windows
* Annual inspection and maintenance of roof leaks and water damage

VI. IT Equipment Maintenance

* Daily checks of network devices and equipment
* Weekly backups of data and software
* Monthly testing of network connectivity and speed
* Quarterly inspections of printers and other office equipment",Public Administrative,PUBLIC,generated,building maintenance schedule
"Building Maintenance Schedule

I. Heating and Cooling Systems

* Quarterly inspection and maintenance of heating and cooling systems, including filters and coils.
* Bi-annual cleaning of air vents and ductwork to ensure efficient airflow.
* Annual replacement of furnace filters.

II. Plumbing

* Monthly inspection of toilets, sinks, and water fountains to ensure proper functioning.
* Quarterly flushing of drains to prevent clogs.
* Annual inspection and replacement of water heaters.

III. Electrical Systems

* Bi-annual inspection of electrical panels and circuit breakers to ensure safe operation.
* Quarterly testing of smoke detectors and carbon monoxide detectors.
* Annual inspection and maintenance of lighting fixtures.

IV. Janitorial Services

* Daily cleaning of common areas, including hallways, lobbies, and restrooms.
* Weekly vacuuming of floors and upholstery.
* Monthly deep cleaning of high-traffic areas.

V. Pest Control

* Quarterly inspection for signs of pests, including rodents, insects, and spiders.
* Bi-annual treatment of pest-prone areas with environmentally friendly products.
* Annual application of sealants to prevent pest entry.

VI. Fire Safety

* Annual inspection and testing of fire alarms and sprinkler systems.
* Quarterly training of staff on evacuation procedures and fire safety protocols.
* Monthly review and update of emergency response plan.

VII. Miscellaneous

* Regular maintenance of hospital grounds, including landscaping and waste management.
* Bi-annual inspection of hospital vehicles to ensure safe operation.
* Annual review and update of building maintenance schedule.

This schedule will be reviewed and updated quarterly by the facilities manager to ensure optimal maintenance of hospital buildings.",Public Administrative,PUBLIC,generated,building maintenance schedule
"Building Maintenance Schedule

I. Heating and Cooling Systems:

* Monthly inspection of thermostat calibration and filter cleaning
* Quarterly replacement of heating element filters
* Bi-monthly performance testing of cooling systems in summer months

II. Lighting:

* Replace fluorescent bulbs with LED equivalents every 6 months
* Install new, energy-efficient lighting fixtures in areas with high foot traffic
* Conduct regular inspections to identify and repair light malfunctions

III. Electrical Systems:

* Schedule annual electrical system audits to ensure compliance with code standards
* Perform monthly inspections of circuit breakers and fuse boxes
* Repair or replace outdated electrical components as needed

IV. Plumbing:

* Inspect and maintain water heaters every 6 months
* Perform quarterly drain cleaning in high-traffic areas
* Replace worn-out washers and gaskets in sinks, toilets, and faucets regularly

V. Safety and Security:

* Conduct regular fire extinguisher inspections and re-fill as needed
* Test smoke detectors monthly and replace batteries annually
* Schedule annual security system maintenance to ensure optimal performance

VI. General Maintenance:

* Regularly inspect door seals and replace worn-out parts
* Maintain the hospital's fleet of vehicles, including oil changes and tire rotations
* Perform routine cleaning of public areas, including floors and furniture

VII. Seasonal Tasks:

* Spring: Inspect and repair roof leaks, clean gutters, and trim shrubs.
* Summer: Monitor and maintain pool equipment, inspect air conditioning units, and perform exterior painting as needed.
* Fall: Clean up debris from tree trimming, inspect and repair heating systems, and schedule winter preparation tasks.
* Winter: Inspect and maintain snow removal equipment, schedule seasonal cleaning of public areas, and perform routine maintenance on mechanical systems.

This document is to be reviewed quarterly and updated accordingly.",Public Administrative,PUBLIC,generated,building maintenance schedule
"Building Maintenance Schedule

Facility Name: St. Michael's Hospital

Location: 123 Main Street, Anytown, USA 12345

Date: March 1, 2023

I. HVAC System Maintenance

* Daily checks of thermostat settings and filter cleanliness
* Weekly inspections of air conditioning and heating units for proper function and maintenance needs
* Bi-weekly cleaning of condenser coils and fan filters
* Annual maintenance contract with authorized technician

II. Electrical System Maintenance

* Monthly visual inspection of lighting fixtures, outlets, and switches
* Quarterly testing of circuit breakers and GFCI outlets
* Semi-annual inspection of electrical panels and circuit boards
* Annual electrical safety audit by licensed electrician

III. Plumbing System Maintenance

* Daily checks of water temperature and pressure
* Weekly inspections of toilets, sinks, and showers for proper function and maintenance needs
* Bi-weekly cleaning of drains and water heaters
* Annual water heater replacement schedule (every 8-10 years)

IV. Fire Safety Maintenance

* Monthly inspection of fire extinguishers and smoke detectors
* Quarterly testing of fire alarms and sprinkler systems
* Semi-annual training for fire safety personnel
* Annual fire safety audit by licensed fire inspector

V. Janitorial and Housekeeping

* Daily sweeping, mopping, and emptying of trash receptacles
* Weekly vacuuming of hallways and common areas
* Bi-weekly cleaning of restrooms and kitchen areas
* Monthly deep cleaning of high-traffic areas

VI. Exterior Maintenance

* Quarterly inspection of roof for damaged or missing shingles
* Semi-annual cleaning of gutters and downspouts
* Annual power washing of exterior surfaces

This schedule is subject to change based on facility usage, weather conditions, and other factors that may affect maintenance needs.",Public Administrative,PUBLIC,generated,building maintenance schedule
"NOTICE OF HOSPITAL RECYCLING AND WASTE DISPOSAL POLICY

As part of our commitment to environmental sustainability and responsible resource management, we are implementing a new recycling and waste disposal policy effective immediately.

All hospital departments and staff are expected to adhere to this policy to ensure that we minimize our waste output and maximize our recycling efforts.

**General Guidelines**

- All paper products such as newspaper, cardboard, and printing materials must be sorted and placed in the designated recycling bins.
- Electronic waste (e-waste) will be collected separately from regular waste. Please remove batteries, toner cartridges, and other electronic components before disposing of e-waste.
- Food waste and organic materials will be composted and used as nutrient-rich soil amendments for our on-site gardens.
- All hazardous waste, including chemicals and pharmaceuticals, must be disposed of through our designated hazardous waste collection program.

**Special Collections**

- Every Thursday, a special collection day will be held for bulk items such as furniture, appliances, and large equipment. Please label these items with their contents and have them ready for pickup by 2 PM.
- On the last Friday of each month, a specialized collection will be made for sharps waste.

**Staff Responsibilities**

- Department heads are responsible for ensuring that all staff members in their department understand and adhere to this policy.
- Staff members are expected to report any discrepancies or concerns regarding waste disposal to the facilities management team immediately.

By working together, we can significantly reduce our environmental footprint and contribute to a healthier environment for future generations.

If you have any questions or concerns regarding this policy, please do not hesitate to reach out to the facilities management team.",Public Administrative,PUBLIC,generated,hospital recycling and waste disposal notice
"NOTICE OF HOSPITAL RECYCLING AND WASTE DISPOSAL POLICIES

As part of our commitment to environmental sustainability and responsible resource management, we are reminding all staff and visitors of our hospital's recycling and waste disposal policies.

**Recycling Program**

Our hospital participates in a comprehensive recycling program that aims to minimize waste sent to landfills. Recyclable materials accepted include:

* Paper products (newspaper, cardboard, cartons)
* Plastic bottles and containers (#1-7)
* Glass bottles and jars
* Electronic devices (computers, monitors, phones)

Recyclables should be placed in designated bins located throughout the hospital. Please note that non-recyclable materials such as food waste, liquids, and hazardous waste are not accepted.

**Waste Disposal Guidelines**

To ensure safe disposal of medical waste, please follow these guidelines:

* Sharps (needles, syringes) should be collected in sealed containers labeled ""Sharp Waste""
* Infectious waste (soiled items, contaminated materials) should be disposed of through designated biohazard bins
* Chemical and hazardous waste should be collected in labeled containers and stored in the chemical storage room

**Composting Program**

Our hospital has a composting program that converts organic waste into nutrient-rich soil. Food waste and other organic materials can be placed in designated compost bins located in patient rooms and common areas.

**Employee Responsibilities**

All staff are expected to adhere to these recycling and waste disposal policies. Failure to comply may result in disciplinary action.

We appreciate your cooperation and commitment to reducing our environmental footprint.

If you have any questions or concerns regarding our recycling and waste disposal policies, please contact the Environmental Services department at [insert contact information].

Thank you for your attention to this matter.",Public Administrative,PUBLIC,generated,hospital recycling and waste disposal notice
"NOTICE: Hospital Recycling and Waste Disposal Policy

As part of our commitment to sustainability, we are implementing a new recycling and waste disposal policy for all hospital facilities. The purpose of this policy is to minimize waste, reduce environmental impact, and promote a culture of sustainability among hospital staff.

**Recycling Programs**

* All paper products (paper towels, tissues, etc.) will be recycled through our existing cardboard and paper recycling program.
* Cardboard, plastic containers, and glass bottles/cans will be collected separately for recycling.
* Electronic waste (e.g., computers, printers) will be disposed of through a designated electronics recycling facility.

**Waste Disposal**

* All medical waste, including sharps, biohazardous materials, and chemical spills, must be handled and disposed of in accordance with local regulations and hospital policies.
* Organic waste (food waste, etc.) will be composted through our existing food waste management program.
* Non-recyclable materials (plastic bags, straws, etc.) will be stored in designated bins for disposal.

**Staff Responsibilities**

All hospital staff are responsible for adhering to this policy and reporting any concerns or suggestions for improvement. Staff must also participate in regular training sessions on proper recycling and waste disposal procedures.

**Monitoring and Evaluation**

The hospital will conduct regular audits to monitor compliance with this policy and identify areas for improvement. Staff members who consistently fail to adhere to the policy may receive additional training and guidance.

By working together, we can reduce our environmental impact and promote a healthier planet for future generations.

Please direct any questions or concerns regarding this policy to the Environmental Services department.

Sincerely,
[Your Hospital's Environmental Services Team]",Public Administrative,PUBLIC,generated,hospital recycling and waste disposal notice
"NOTICE TO ALL STAFF AND VISITORS

As part of our commitment to environmental sustainability, we are implementing a new recycling and waste disposal program within the hospital.

Effective immediately, all paper products, including printer paper, cardboard, and newspaper, will be recycled through our designated receptacles. Please ensure that these materials are sorted and placed in the correct bins to facilitate efficient processing.

Food waste will no longer be accepted in the standard trash receptacles. Instead, a designated food waste bin has been placed in each cafeteria and break room. Patients' meals should be served from this bin to minimize contamination.

Plastic containers, including water bottles and snack packaging, will be collected separately for recycling on Wednesdays. Aluminum cans and foil products will also be accepted for recycling during the same week.

Electronic devices, including computers, phones, and televisions, must be disposed of through our approved e-waste partner. This service is available upon request from the environmental services department.

All disposable medical supplies, such as gloves and wipes, are subject to strict regulations regarding their disposal. These items should not be placed in the standard trash receptacles but rather returned to the designated supply area for proper processing.

Your cooperation and adherence to these guidelines will contribute significantly to our efforts in reducing waste and promoting sustainability within the hospital.

If you have any questions or concerns regarding this new program, please do not hesitate to contact the environmental services department at extension [insert number].

Thank you for your understanding and commitment to protecting our environment.",Public Administrative,PUBLIC,generated,hospital recycling and waste disposal notice
"NOTICE OF HOSPITAL RECYCLING AND WASTE DISPOSAL POLICIES

In accordance with our commitment to sustainability and environmental responsibility, we are pleased to announce the implementation of a comprehensive recycling and waste disposal program at our hospital. This policy aims to minimize our ecological footprint while ensuring a safe and healthy environment for our patients, visitors, and staff.

**Recycling Programs:**

* Paper recyclables, including printer paper, cardboard, and newspaper, will be collected separately from regular trash.
* Plastic bottles, cans, and glass containers are accepted in the designated recycling bins.
* Electronic waste (e-waste) will be disposed of through a certified e-waste collection program.

**Waste Disposal Guidelines:**

* All biomedical waste will be collected and disposed of in accordance with federal and state regulations.
* Hazardous materials, including chemicals, paints, and cleaning supplies, must be disposed of at designated facilities.
* Food waste will be composted or disposed of in accordance with local guidelines.

**Staff Responsibilities:**

* All hospital staff are expected to follow these recycling and waste disposal guidelines to ensure a smooth implementation of the program.
* Staff members are responsible for reporting any equipment malfunctions or maintenance issues that may impact waste management.

**Environmental Sustainability Goals:**

* Reduce waste sent to landfills by 20% within the next two years.
* Achieve zero waste to landfill status by 2025.
* Continuously monitor and assess our environmental sustainability efforts to identify areas for improvement.

By working together, we can create a healthier environment for everyone while promoting sustainable practices in our hospital. If you have any questions or concerns regarding this policy, please do not hesitate to reach out to the Environmental Services department.",Public Administrative,PUBLIC,generated,hospital recycling and waste disposal notice
"NOTICE OF HOSPITAL RECYCLING AND WASTE DISPOSAL POLICY

As part of our commitment to environmental sustainability and responsible resource management, we are pleased to announce the implementation of a comprehensive recycling and waste disposal program at our hospital.

Effective immediately, all patients, visitors, staff, and contractors are expected to adhere to the following guidelines:

- All non-recyclable paper products, including but not limited to tissues, toilet paper, and paper towels, must be disposed of in the regular trash.
- Cardboard, plastic, glass, and metal recyclables should be sorted and placed in designated bins throughout the hospital.
- Electronic waste, including computers, telephones, and other electronic devices, will be collected on a bi-weekly basis and recycled through an approved vendor.
- Fluorescent light bulbs and ballasts must be disposed of at a licensed hazardous waste facility.
- Food waste and organic materials will be composted in designated areas.

To ensure compliance with this policy, we kindly request that all individuals who generate waste do so responsibly. This includes:

- Avoiding the use of single-use plastics and disposable products
- Reporting any spills or leaks of hazardous materials to the facilities department immediately
- Participating in regular waste audits and feedback sessions

The hospital will provide educational materials and support to facilitate a smooth transition to our new recycling and waste disposal program. We appreciate your cooperation and commitment to reducing our environmental footprint.

If you have any questions or concerns regarding this policy, please do not hesitate to contact the facilities department at extension [insert number].",Public Administrative,PUBLIC,generated,hospital recycling and waste disposal notice
"NOTICE TO ALL HOSPITAL EMPLOYEES AND VISITORS

As part of our ongoing commitment to sustainability and environmental stewardship, we are introducing a new hospital recycling and waste disposal policy. This policy aims to minimize our waste footprint and promote responsible resource management.

Effective immediately, the following guidelines will be observed:

- Recyclable materials: Paper, cardboard, plastic bottles, glass containers, and metal cans will be accepted at designated recycling bins. Please ensure that all plastics are rinsed clean and removed from lids and labels.
- Electronic waste: All electronic devices, including computers, printers, and televisions, must be disposed of through our approved e-waste partner. Please contact the Facilities Department for more information.
- Organic waste: Food waste and yard trimmings will be collected separately from regular trash and taken to a composting facility.
- Hazardous waste: Chemicals, batteries, and other hazardous materials will be accepted at designated collection points.

To ensure compliance with this policy, please note the following:

- All employees are required to report any damage or spillage of hazardous materials immediately to the Facilities Department.
- Visitors are expected to follow all recycling guidelines and dispose of their waste properly.
- A comprehensive list of recyclable materials and waste types can be found on our hospital's intranet.

Your cooperation and commitment to this policy are greatly appreciated. If you have any questions or concerns, please do not hesitate to reach out to the Facilities Department.

Thank you for your support in making our hospital a more sustainable and environmentally friendly workplace.

Sincerely,
[Your Hospital Administration]",Public Administrative,PUBLIC,generated,hospital recycling and waste disposal notice
"NOTICE OF HOSPITAL RECYCLING AND WASTE DISPOSAL POLICY

In accordance with local and national regulations, our hospital is committed to reducing its environmental footprint by implementing a comprehensive recycling and waste disposal program.

All medical facilities within the hospital are required to adhere to the following guidelines for recycling and waste disposal:

* All recyclable materials, including paper, cardboard, plastic bottles and cans, must be sorted and placed in designated receptacles.
* Shredded documents and paper products must be disposed of through our confidential shredding service.
* Electrical and electronic equipment (EEE) must be properly dismantled and disposed of through our designated e-waste collection program.
* Hazardous waste, including chemicals and biohazardous materials, must be handled and disposed of in accordance with local regulations.

Staff are expected to participate in the recycling and waste disposal program by:

* Reporting any spills or leaks immediately to the facilities management team
* Participating in regular facility clean-ups and maintenance activities
* Following all safety guidelines when handling hazardous waste

The hospital will provide regular training sessions and workshops to ensure that staff are knowledgeable about the recycling and waste disposal procedures.

A list of approved recyclable materials and waste disposal companies is available on our intranet. Staff who have any questions or concerns regarding the recycling and waste disposal program should contact the facilities management team.

By working together, we can reduce our environmental impact and contribute to a healthier environment for our patients, staff, and community.

Sincerely,

[Facilities Management Team]",Public Administrative,PUBLIC,generated,hospital recycling and waste disposal notice
"NOTICE OF HOSPITAL RECYCLING AND WASTE DISPOSAL POLICY

In accordance with our commitment to environmental sustainability, our hospital has implemented a comprehensive recycling and waste disposal program. The purpose of this policy is to minimize our ecological footprint by promoting responsible management of hazardous and non-hazardous waste.

All employees, contractors, and visitors are expected to adhere to the following guidelines:

- Non-recyclable waste, including food waste, soiled paper products, and sanitary supplies, will be disposed of in designated trash receptacles.
- Recyclable materials, such as cardboard, paper, plastic bottles, cans, and glass containers, must be sorted and placed in designated recycling bins.
- Hazardous waste, including batteries, electronics, and pharmaceuticals, will be collected on a regular basis and sent to an authorized disposal facility.
- Fluorescent light bulbs and ballasts, as well as other hazardous materials, must be disposed of through our designated hazardous waste program.

In order to ensure the effective implementation of this policy, we kindly request that all employees:

- Participate in regular training sessions on recycling and waste management practices
- Report any discrepancies or concerns regarding waste disposal procedures to their supervisor or facilities manager
- Follow proper protocols for disposing of confidential documents and other sensitive materials

By working together, we can minimize our environmental impact and contribute to a more sustainable future. If you have any questions or suggestions regarding this policy, please do not hesitate to contact the Facilities Management department.

Thank you for your cooperation and commitment to environmental responsibility.",Public Administrative,PUBLIC,generated,hospital recycling and waste disposal notice
"NOTICE OF HOSPITAL RECYCLING AND WASTE DISPOSAL POLICIES

As part of our ongoing commitment to sustainability and environmental stewardship, we are implementing new recycling and waste disposal policies across our facilities.

To ensure efficient and effective management of our waste streams, the following guidelines will be strictly enforced:

* All paper products, including but not limited to: newspapers, cardboard, printer paper, and magazines, must be sorted and placed in designated recycling bins.
* Plastic bottles, cans, and containers must be rinsed thoroughly before depositing them into their respective recycling bins.
* Glass containers, including bottles and jars, must be crushed or flattened prior to being placed in the recycling bin.
* Electronic waste, including computers, televisions, and other electronic devices, will be collected separately and disposed of through a licensed e-waste management provider.

Food waste is strictly prohibited from being sent to landfills. Instead, all food waste must be diverted to our composting program, which aims to reduce the hospital's carbon footprint by utilizing organic materials to create nutrient-rich soil amendments.

Tissue products, including but not limited to: sanitary pads, diapers, and cotton swabs, will be handled in accordance with relevant regulations and guidelines. These items must be disposed of through approved channels.

All staff members are expected to adhere to these guidelines and report any discrepancies or concerns related to waste management to the designated department.

By implementing these policies, we aim to minimize our environmental impact while maintaining a clean and safe working environment for all employees.

Please direct any questions or concerns regarding these new policies to the Environmental Services Department.",Public Administrative,PUBLIC,generated,hospital recycling and waste disposal notice
"NOTICE TO ALL HOSPITAL EMPLOYEES AND VISITORS

As part of our ongoing commitment to sustainability and environmental responsibility, we are implementing a new hospital recycling and waste disposal program. This initiative aims to reduce our environmental footprint by minimizing the amount of waste sent to landfills.

Effective immediately, all recyclable materials will be collected in designated bins located throughout the hospital premises. Paper products, cardboard, plastic bottles, cans, and glass containers are accepted for recycling. Please ensure that all materials are rinsed and free of contaminants before depositing them into the recycling bin.

In addition to recycling, we have implemented a new waste disposal policy for non-recyclable materials. All disposable items such as paper towels, sanitary products, and infectious waste will be disposed of in designated bins. It is essential that these materials are placed in their respective bins and not disposed of in regular trash cans.

We encourage all employees and visitors to participate in this program by following the guidelines outlined above. Your cooperation is greatly appreciated and will contribute significantly to reducing our hospital's environmental impact.

For any questions or concerns regarding the recycling and waste disposal program, please direct them to the Environmental Services department at [insert contact information].

By working together, we can create a healthier environment for ourselves, our patients, and future generations.

Sincerely,
[Your Name]
Hospital Administration",Public Administrative,PUBLIC,generated,hospital recycling and waste disposal notice
"NOTICE TO ALL STAFF AND VISITORS

As part of our ongoing commitment to sustainability and environmental responsibility, we are implementing a new hospital recycling and waste disposal policy. The purpose of this notice is to inform all staff and visitors of the changes and procedures that will be in effect.

Effective immediately, the following guidelines will apply:

* All paper products, including but not limited to printer paper, copier paper, and cardboard packaging, must be recycled through the designated recycling bins located throughout the hospital.
* Plastic containers, bottles, and other plastic materials should be removed from their labels and sorted accordingly (e.g. #1-7 plastics in designated bins).
* Glass containers and jars will be collected separately and placed in the designated glass bin.
* Electronic waste, including but not limited to computers, printers, and telephones, must be disposed of through our approved e-waste recycling program.
* Biomedical waste, including but not limited to sharps, gloves, and other biohazardous materials, will be collected and disposed of in accordance with established protocols.

To ensure compliance with these new guidelines, please note the following:

* Recycling bins and disposal areas will be clearly labeled throughout the hospital.
* A comprehensive training program will be provided for all staff on the new recycling and waste disposal procedures.
* Failure to comply with these guidelines may result in disciplinary action, up to and including termination.

We appreciate your cooperation and commitment to reducing our environmental footprint. If you have any questions or concerns regarding this policy, please do not hesitate to contact the Environmental Services department.

Sincerely,
[ Hospital Administration ]",Public Administrative,PUBLIC,generated,hospital recycling and waste disposal notice
"NOTICE TO STAFF AND VISITORS

As part of our commitment to sustainability, we are implementing a new recycling and waste disposal policy effective immediately. This policy aims to reduce our hospital's environmental footprint by minimizing waste sent to landfills.

**Recycling Guidelines**

* Paper products (newspaper, cardboard, printer paper): recyclable through designated bins
* Plastic bottles and containers (#1-7): recyclable through designated bins
* Glass bottles and jars: recyclable through designated bins
* Electronic devices (computers, phones, etc.): disposed of through approved electronics recycling programs

**Waste Disposal Guidelines**

* Biomedical waste (latex gloves, gowns, etc.): disposed of in designated biohazard bins
* Non-biodegradable plastics and Styrofoam: sent to specialized recycling facilities
* Food waste and organic materials: composted or sent to a licensed facility for disposal

**Proper Disposal of Hazardous Materials**

* Chemicals and cleaning supplies: stored in designated areas, disposed of through approved protocols
* Sharps and medical instruments: disposed of in designated sharps containers

**Education and Training**

A comprehensive training program will be provided to all staff members to ensure understanding of the new recycling and waste disposal policy. Regular reminders and updates will be communicated through our internal communication channels.

We encourage all staff members and visitors to participate in this initiative by following the guidelines outlined above. Your cooperation is greatly appreciated, as we work together to minimize our environmental impact and promote a healthier environment for everyone.

If you have any questions or concerns, please contact the Environmental Services department at [insert contact information].",Public Administrative,PUBLIC,generated,hospital recycling and waste disposal notice
"TO: All Hospital Staff and Departments

FROM: Environmental Services and Facilities Management

SUBJECT: Recycling and Waste Disposal Guidelines

As part of our ongoing commitment to sustainability and environmental stewardship, we are implementing new recycling and waste disposal guidelines across the hospital. These guidelines aim to minimize our waste output, reduce our carbon footprint, and promote a healthier environment for our staff, patients, and visitors.

**Recycling Programs**

* Paper: All paper products must be recycled through our designated paper recycling bins. This includes paper towels, tissue, and cardboard.
* Plastic: Only clear plastic containers with lids are accepted in the recycling bins. Other types of plastics will be disposed of in the regular trash.
* Glass: Bottles and jars made from clear glass only can be recycled.

**Waste Disposal**

* Trash: All non-recyclable waste must be placed in designated trash cans with lids. This includes food waste, organic materials, and hazardous waste.
* Hazardous Waste: Dispose of hazardous waste through our approved program, which includes chemicals, batteries, and electronics.
* Bio-Medical Waste: Follow established protocols for disposing of bio-medical waste, including sharps, infectious materials, and anatomical specimens.

**Best Practices**

* Label all recyclable items with the corresponding recycling symbol.
* Rinse containers before recycling them.
* Avoid mixing different types of waste in the same bin.
* Report any spills or accidents involving hazardous materials to the Environmental Services department immediately.

By following these guidelines, we can work together to reduce our environmental impact and create a healthier hospital environment. If you have any questions or concerns, please contact the Environmental Services department at [insert contact information].

Thank you for your cooperation and commitment to sustainability.",Public Administrative,PUBLIC,generated,hospital recycling and waste disposal notice
"NOTICE OF HOSPITAL RECYCLING AND WASTE DISPOSAL POLICY

As part of our commitment to environmental sustainability and responsible resource management, we are implementing a comprehensive recycling and waste disposal program within our facilities.

**Recycling Programs**

Our hospital will adhere to the following guidelines for recyclable materials:

* Paper products (newspaper, cardboard, paperboard) should be sorted and placed in designated recycling bins
* Plastic bottles and containers (#1-7) should be cleaned and rinsed before being deposited into the recycling bin
* Glass containers should be sorted by type and color
* Electronic waste (e.g. computers, phones, monitors) will be collected separately and disposed of through authorized vendors

**Waste Disposal**

All non-recyclable materials, including food waste, soiled linens, and disposable medical supplies, will be disposed of in accordance with regulatory requirements.

* Organic waste (food waste, yard trimmings) should be placed in designated composting bins
* Hazardous waste (chemicals, pharmaceuticals) must be reported to the Environmental Health Department for proper disposal
* Disposable medical supplies (latex gloves, masks, etc.) will be collected and disposed of through a licensed vendor

**Employee Responsibilities**

All hospital employees are expected to adhere to these guidelines and report any concerns or suggestions regarding our recycling and waste disposal program.

**Compliance with Regulations**

We are committed to complying with all relevant state and federal regulations governing waste management. Failure to comply may result in fines, penalties, or other disciplinary action.

By implementing this recycling and waste disposal program, we aim to minimize our environmental footprint and promote a culture of sustainability within our organization.

Questions or concerns regarding this policy should be directed to the Environmental Health Department.",Public Administrative,PUBLIC,generated,hospital recycling and waste disposal notice
"To: All Hospital Staff

From: Environmental Management Department

Subject: New Recycling and Waste Disposal Guidelines

As part of our ongoing commitment to sustainability, we are introducing new recycling and waste disposal guidelines for all hospital staff. These guidelines aim to minimize our environmental footprint and promote a culture of responsible resource management.

Effective immediately, the following changes will be implemented:

* All paper documents will be scanned and electronic copies shared with colleagues instead of printing.
* Cardboard and plastic containers will be designated for recycling and will be collected on Thursdays during regular waste collection hours.
* Electronic equipment such as printers, computers, and phones must be properly wiped and returned to the IT department before disposal.
* Biodegradable waste such as food waste and paper towels will be collected in specific bins located throughout the hospital.
* Non-recyclable plastics, glass, and other hazardous materials will be disposed of through our designated contractor.

We ask that all staff members take an active role in adhering to these guidelines. This includes:

* Reporting any non-recyclable items to the Environmental Management Department for proper disposal
* Participating in regular waste audits to identify areas for improvement
* Providing feedback and suggestions on how we can improve our recycling and waste disposal practices

By working together, we can reduce our environmental impact and contribute to a healthier planet. If you have any questions or concerns, please do not hesitate to reach out to the Environmental Management Department.

Thank you for your cooperation and commitment to sustainability.

Sincerely,
Environmental Management Department",Public Administrative,PUBLIC,generated,hospital recycling and waste disposal notice
"NOTICE OF HOSPITAL RECYCLING AND WASTE DISPOSAL POLICIES

As part of our commitment to environmental sustainability and responsible waste management, we are pleased to announce the implementation of new recycling and waste disposal policies at [Hospital Name].

Effective immediately, all hospital staff, contractors, and visitors are required to adhere to the following guidelines:

**Recycling Programs**

* Paper and cardboard recyclables will be collected in designated bins throughout the hospital.
* Plastic bottles, cans, and cartons are not accepted in the recycling program due to contamination risks.
* Electronic waste (e-waste) will be collected separately and disposed of through a licensed e-waste recycling vendor.

**Waste Disposal Guidelines**

* All disposable items, including paper towels, tissues, and sanitary products, must be disposed of in designated receptacles.
* Food waste and organic materials are not accepted in the regular trash due to health and environmental concerns.
* Hazardous waste, such as chemicals and cleaning supplies, will be collected in designated containers and disposed of through a licensed hazardous waste disposal vendor.

**Staff Responsibilities**

* All staff members are responsible for properly disposing of recyclables and waste materials in accordance with hospital policies.
* Staff members must also report any spills or leaks to the facilities department immediately to prevent contamination.

**Visitor Information**

* Visitors are expected to follow all recycling and waste disposal guidelines when visiting our facility.
* Failure to comply may result in refusal of entry to certain areas of the hospital.

By implementing these new policies, we aim to minimize our environmental footprint and promote a culture of sustainability within our organization. If you have any questions or concerns regarding these guidelines, please do not hesitate to contact the facilities department.

Thank you for your cooperation and understanding.

Sincerely,

[Hospital Name] Administration",Public Administrative,PUBLIC,generated,hospital recycling and waste disposal notice
"NOTICE TO ALL STAFF AND VISITORS

As part of our commitment to sustainability and environmental responsibility, we are implementing a new recycling and waste disposal policy at our hospital. This policy aims to minimize our environmental footprint and promote a culture of responsible resource management.

ELECTRONIC WASTE DISPOSAL:

* All electronic devices, including computers, printers, and mobile phones, must be returned to the designated electronic waste collection area.
* Batteries must be removed from all electronic devices and taken to the designated battery recycling bin.
* Flat-panel displays and other non-recyclable electronic components will be collected separately for proper disposal.

PAPER AND CARTON WASTE:

* All paper products, including newspapers, cardboard, and packing materials, should be placed in the designated paper and carton recycling bins.
* Corrugated cardboard boxes must be flattened before being placed in the recycling bin.

ORGANIC WASTE:

* Food waste and other organic materials will be collected separately for composting.
* Organic waste should be placed in the designated organic waste bins and labeled with the corresponding date range.

RECYCLABLE MATERIALS:

* Aluminum, steel, and glass recyclables must be sorted and placed in their respective recycling bins.
* Plastic bottles and containers with the ""chasing arrows"" symbol are acceptable for recycling.

COMPOSTING PROGRAM:

* Food waste and other organic materials will be collected separately for composting.
* Compostable materials should be placed in the designated composting bin.

 failure to comply with this policy may result in disciplinary action. If you have any questions or concerns, please contact the Environmental Services department at [insert contact information].

By working together, we can reduce our environmental impact and promote a healthier planet for future generations.

Sincerely,
[Insert Hospital Name]",Public Administrative,PUBLIC,generated,hospital recycling and waste disposal notice
"To: All Hospital Staff

From: Environmental Health Department

Subject: Recycling and Waste Disposal Policy

As part of our ongoing efforts to reduce, reuse, and recycle, we are implementing a new recycling and waste disposal policy effective immediately. This policy aims to minimize the hospital's environmental footprint while ensuring compliance with regulatory requirements.

The hospital will adhere to the following guidelines:

* All paper products, including printing paper, cardboard, and packaging materials, should be recycled through our designated bin system.
* Electronic waste (e-waste), such as computers, printers, and telephones, must be sent to our designated e-waste collection facility. Batteries, fluorescent lights, and other hazardous materials must be disposed of through our approved hazardous waste program.
* Food waste will be composted using a state-of-the-art system that converts organic waste into nutrient-rich soil.
* Plastic bags, straws, and water bottles will no longer be accepted in the recycling bins due to contamination risks.

Staff are responsible for adhering to these guidelines and reporting any non-compliance incidents. The Environmental Health Department will conduct regular audits to ensure compliance and provide education as needed.

We encourage staff to participate in our ongoing sustainability initiatives, including participating in clean-up events and attending workshops on waste reduction techniques.

If you have any questions or concerns regarding the recycling and waste disposal policy, please contact the Environmental Health Department at [insert contact information].

Thank you for your cooperation and commitment to reducing our environmental impact.",Public Administrative,PUBLIC,generated,hospital recycling and waste disposal notice
"NOTICE TO STAFF AND VISITORS REGARDING HOSPITAL RECYCLING AND WASTE DISPOSAL POLICY

As part of our commitment to environmental sustainability, we are implementing a new recycling and waste disposal policy for all hospital facilities. The purpose of this policy is to minimize the amount of waste sent to landfills and maximize the reuse and recycling of materials.

**Recycling Guidelines:**

* Paper products such as newspapers, cardboard, and paperboard should be placed in the designated paper recycling bins.
* Plastic containers with a #1-7 symbol (PET, HDPE, PVC, LDPE, PP, PS, and PETG) can be recycled through our partnership with a local recycling company.
* Glass bottles and jars can be deposited into the glass recycling bin.

**Waste Disposal Guidelines:**

* All hazardous waste such as chemicals, pesticides, and pharmaceuticals should be disposed of in accordance with our hazardous waste management plan.
* Electronic devices such as computers, printers, and televisions should be properly disassembled and sent to a designated e-waste recycling facility.
* Food waste should be composted or disposed of through our organic waste collection program.

**Staff Responsibilities:**

* All staff members are expected to adhere to this policy and participate in recycling and waste disposal efforts.
* Staff will be responsible for reporting any spills or leaks that require immediate attention and cleanup.

**Visitor Information:**

* Visitors are encouraged to participate in recycling and waste disposal efforts by following the guidelines outlined above.
* Visitors who fail to comply with these guidelines may be asked to leave the premises.

By working together, we can minimize our environmental impact and create a healthier environment for ourselves and future generations.",Public Administrative,PUBLIC,generated,hospital recycling and waste disposal notice
"TO: All Hospital Staff

FROM: Environmental Services Department

SUBJECT: Hospital Recycling and Waste Disposal Policy

As part of our commitment to reduce, reuse, and recycle, we are implementing a new hospital-wide recycling and waste disposal policy. This policy aims to minimize our environmental footprint by promoting responsible waste management practices.

**Recycling Guidelines**

* Paper products (newspaper, cardboard, cartons) should be placed in the designated paper recycling bins.
* Plastic bottles, cans, and containers marked with the resin identification number (RIC) 1-7 can be recycled through our designated bin.
* Glass bottles and jars can be recycled at the designated glass collection point.

**Waste Disposal**

* All organic waste (food waste, soiled linens, etc.) should be placed in the designated composting bins.
* Non-recyclable plastics, paper towels, and sanitary products will be disposed of through our regular trash collection.
* Hazardous materials (chemicals, batteries, etc.) must be handled and disposed of through our designated hazardous waste collection program.

**Additional Reminders**

* Please label all recyclables with the corresponding resin identification number (RIC).
* Avoid mixing recyclables with non-recyclable materials.
* Report any recycling or waste disposal issues to the Environmental Services Department immediately.

By working together, we can minimize our environmental impact and promote a healthier environment for ourselves, our patients, and our community. If you have any questions or concerns regarding this policy, please do not hesitate to contact us.

Thank you for your cooperation and commitment to sustainability.

Sincerely,
Environmental Services Department",Public Administrative,PUBLIC,generated,hospital recycling and waste disposal notice
"NOTICE TO ALL STAFF AND VISITORS

In accordance with our hospital's commitment to environmental sustainability, we are implementing a new recycling and waste disposal policy effective immediately.

All paper products, including printer paper, cardboard, and tissue, will be collected in designated bins and recycled. Please ensure that all paper products are flattened before disposing of them in the regular trash.

Electronic waste, such as computers, phones, and other devices, must be disposed of through our designated e-waste collection program. This program includes responsible recycling and proper disposal of hazardous materials.

Food waste will no longer be accepted in the regular trash. Instead, please deposit food waste into the designated composting bins located throughout the hospital. Our composting program aims to reduce greenhouse gas emissions and create nutrient-rich soil for our gardens.

Plastic bottles, cans, and other recyclable materials are now being collected separately from the regular trash. Please rinse all containers before placing them in the designated recycling bins.

Please note that the following items will not be accepted in the recycling or composting bins:

* Shredded paper
* Plastic bags and wrap
* Styrofoam
* Batteries (except for rechargeable batteries)

 Failure to comply with this policy may result in additional cleaning fees. We appreciate your cooperation and commitment to reducing our environmental footprint.

If you have any questions or concerns regarding this policy, please direct them to the Environmental Services department at [insert contact information].

Thank you for your understanding and support in making our hospital a more sustainable place to work and visit.",Public Administrative,PUBLIC,generated,hospital recycling and waste disposal notice
"TO: All Hospital Staff and Departments

FROM: Environmental Health Department

SUBJECT: Recycling and Waste Disposal Guidelines

As part of our ongoing commitment to reduce our environmental footprint, we are revising our recycling and waste disposal policies to ensure compliance with local regulations and minimize waste sent to landfills.

Effective immediately, please follow the guidelines outlined below:

**Recycling Guidelines**

* Paper products (newspaper, cardboard, paperboard): Place in designated recycling bins in each department.
* Plastic bottles, containers, and wrap: Rinse and remove lids, labels, and caps. Place in designated recycling bins.
* Glass bottles and jars: Place in designated recycling bins.
* Metal cans (aluminum and steel): Place in designated recycling bins.

**Waste Disposal Guidelines**

* Organic waste (food waste, yard trimmings): Place in designated composting bins or participate in the hospital's food waste reduction program.
* Hazardous waste (chemicals, batteries, electronics): Take to the designated hazardous waste collection area on Fridays between 9am-11am.
* Medical waste (biological, sharps, etc.): Follow established protocols for disposal and labeling.

**Additional Guidelines**

* Label all recyclable materials with the corresponding recycling symbol.
* Do not bag or bundle recyclables; instead, place them in designated bins.
* Report any spills or leaks to Environmental Health immediately.

Your cooperation is greatly appreciated as we work together to reduce our environmental impact. If you have any questions or concerns, please contact the Environmental Health Department at [insert phone number] or [insert email].

Thank you for your commitment to sustainability.

Sincerely,

[Environmental Health Representative's Name]
Environmental Health Department",Public Administrative,PUBLIC,generated,hospital recycling and waste disposal notice
"NOTICE: Hospital Recycling and Waste Disposal Policy

As part of our commitment to environmental sustainability, [Hospital Name] is implementing a new recycling and waste disposal program. The purpose of this notice is to inform all staff members of their responsibilities in adhering to these guidelines.

All paper-based materials such as printing paper, cardboard, and newspaper are to be recycled through the designated bins located throughout the hospital. Plastic containers, bottles, and other non-recyclable plastics will be disposed of in the standard waste bin.

Electronic waste (e-waste) should not be placed in the recycling bins. Instead, please contact the IT department for special collection and disposal procedures. Batteries, including those from medical devices, are to be taken to the designated battery collection area.

Food waste and organic materials will be composted through a partnership with a local waste management service. Cleaning supplies and chemical waste should be stored in designated areas and disposed of according to manufacturer's instructions.

All staff members are expected to report any spills or leaks involving hazardous materials to the facilities department immediately. Failure to comply with these guidelines may result in disciplinary action.

Please note that hospital vehicles are not permitted to take recyclable materials from the building, except for hazardous waste collection. All recyclables must be taken out of the building through designated exit points.

By adhering to this policy, we can minimize our environmental footprint and contribute to a healthier environment for future generations.

If you have any questions or concerns regarding the recycling and waste disposal program, please do not hesitate to contact the facilities department at [phone number] or [email address].

Thank you for your cooperation and commitment to sustainability.

Sincerely,
[Facilities Manager's Name]",Public Administrative,PUBLIC,generated,hospital recycling and waste disposal notice
"NOTICE OF HOSPITAL RECYCLING AND WASTE DISPOSAL POLICY

In accordance with our commitment to environmental sustainability, our hospital aims to minimize its waste generation and promote recycling practices throughout its operations.

Effective immediately, we will be implementing the following guidelines for recycling and waste disposal in our facilities:

All paper products, including but not limited to printer paper, copier paper, and cardboard, must be recycled through our designated recycling program. Non-recyclable paper items, such as tissue paper and facial tissues, will be disposed of in our standard trash receptacles.

Electronic waste, including computers, printers, and other electronic devices, will be collected on a regular basis for responsible disposal. Hard drives and other sensitive data storage devices must be wiped clean of all data before disposal.

Food waste and organic materials will be composted through our on-site composting program. Plastic and glass containers, as well as textiles such as linens and clothing, may be donated to local charities or recycled through designated facilities.

Chemicals, cleaning supplies, and hazardous waste will be handled in accordance with regulatory guidelines and shall not be disposed of in regular trash receptacles. A designated area for chemical disposal will be available on a regular basis.

Staff members are responsible for adhering to these guidelines and reporting any concerns or suggestions regarding our recycling and waste disposal practices to the Environmental Services department.

By working together, we can minimize our environmental footprint and promote a healthier environment for our patients, visitors, and staff.",Public Administrative,PUBLIC,generated,hospital recycling and waste disposal notice
"NOTICE OF HOSPITAL RECYCLING AND WASTE DISPOSAL POLICY

In accordance with local regulations and industry standards, our hospital is committed to responsible waste management practices. As a healthcare organization, we recognize the importance of minimizing our environmental footprint while maintaining high standards of patient care.

Effective January 1st, 2023, the following recycling and waste disposal guidelines will be implemented:

All non-infectious medical waste, including but not limited to linens, soiled items, and expired supplies, must be collected in designated bins and transported to our off-site recycling facility.

Biological and chemical waste, as well as sharps, must be handled and disposed of in accordance with OSHA regulations. This includes the use of puncture-resistant containers and the proper labeling of biohazardous materials.

Electronic equipment, including computers, printers, and televisions, will be collected and recycled through a designated vendor. All electronic waste must be stripped of sensitive components prior to disposal.

Paper products, such as paper towels, tissues, and cardboard boxes, are to be sorted and sent to our recycling facility.

The hospital's Janitorial Department is responsible for ensuring compliance with these guidelines. Staff members are expected to participate in the recycling program and adhere to proper waste disposal procedures.

Any questions or concerns regarding the hospital's recycling and waste disposal policy should be directed to the Environmental Services Department. We appreciate your cooperation and commitment to reducing our environmental impact.

By implementing this policy, we aim to promote a healthier environment for our patients, staff, and community.

Date: March 10th, 2023

Approved by: Hospital Administration",Public Administrative,PUBLIC,generated,hospital recycling and waste disposal notice
"TO: All Hospital Staff

FROM: Environmental Management Department

SUBJECT: Hospital Recycling and Waste Disposal Policy

As part of our ongoing commitment to sustainability, we are implementing a new recycling and waste disposal policy effective immediately. This policy aims to reduce our environmental footprint by promoting responsible disposal practices within the hospital.

**Recycling Guidelines**

* Paper products (newspaper, cardboard, printer paper) should be placed in designated recycling bins.
* Plastic bottles, containers, and other materials with the ""chasing arrows"" symbol are accepted.
* Glass bottles and jars are also recyclable but must be rinsed and sorted separately.
* Electronic devices (monitors, laptops, phones) can be collected at designated e-waste collection points.

**Waste Disposal Categories**

* Biohazard waste (sharp objects, infected materials): Must be disposed of in designated biohazard containers with proper labeling.
* Chemicals and cleaning supplies: Should be stored in labeled containers and disposed of through our chemical waste disposal program.
* Organic waste (food waste, textiles): Can be composted or sent to designated organic waste collection points.

**Additional Reminders**

* All disposable items must be disposed of in designated bins to avoid littering and maintain a clean environment.
* Reusable items such as containers, bags, and utensils should be washed and stored properly.
* Regular cleaning and maintenance of recycling and waste disposal areas are essential to ensure their proper function.

Your cooperation and adherence to this policy are greatly appreciated. If you have any questions or concerns, please do not hesitate to contact the Environmental Management Department.

Sincerely,
Environmental Management Department",Public Administrative,PUBLIC,generated,hospital recycling and waste disposal notice
"NOTICE OF HOSPITAL RECYCLING AND WASTE DISPOSAL POLICY

The Hospital Administration is committed to maintaining a sustainable and environmentally responsible waste management program. In accordance with our facilities' objectives, we have established guidelines for recycling and waste disposal within the hospital premises.

All employees are expected to adhere to these policies and procedures to minimize waste sent to landfills and maximize recycling efforts.

**Recycling Guidelines:**

* Paper waste, including printing materials, newspapers, and cardboard, should be placed in designated paper recycling bins.
* Plastic containers, bottles, and cans (with lids) can be recycled through our partnership with a local recycling facility.
* Glass containers are accepted at the hospital's recycling center.
* Electronic waste (e.g., computers, phones, and televisions) is collected separately for responsible disposal.

**Waste Disposal:**

* Non-recyclable waste, including food waste, soiled materials, and hazardous chemicals, should be disposed of in designated bins labeled as ""Non-Recyclable"" or ""Hazardous Waste.""
* Sharps, such as needles and syringes, must be collected in sealed containers and placed in the sharps disposal bin.
* Medical supplies, including linens and laundry, are sorted and processed separately for disposal.

**Training and Education:**

Regular training sessions will be conducted to educate employees on the recycling and waste disposal policies. Employees are encouraged to ask questions or report any concerns regarding waste management procedures.

By working together, we can reduce our environmental footprint and promote a culture of sustainability within our hospital community.

Please direct any questions or comments regarding this policy to the Environmental Services department.

Sincerely,
[Hospital Administrator's Name]",Public Administrative,PUBLIC,generated,hospital recycling and waste disposal notice
"NOTICE OF HOSPITAL RECYCLING AND WASTE DISPOSAL POLICY

As part of our commitment to environmental sustainability and responsible resource management, [Hospital Name] is implementing a comprehensive recycling and waste disposal program. This policy outlines the guidelines for managing waste and recyclables within the hospital premises.

**Waste Streams:**

* **Recyclable Materials:** Paper products (newspaper, cardboard, junk mail), plastic bottles (#1-7), glass bottles and jars, metal cans (aluminum and steel).
* **Organic Waste:** Food waste and yard trimmings will be collected separately from non-organic waste.
* **Non-Recyclable Waste:** Disposable plastics, Styrofoam, and other non-biodegradable materials.

**Disposal Methods:**

* Recyclables will be sorted and processed through our contracted recycling provider.
* Organic waste will be composted and used as fertilizer in our on-site garden.
* Non-recyclable waste will be disposed of in accordance with local regulations.

**Staff Responsibilities:**

* All staff members are responsible for disposing of their own trash and recyclables in the designated bins.
* Staff are encouraged to report any spills or leaks promptly to maintenance personnel.

**Compliance:**

 Failure to comply with this policy may result in fines and disciplinary action. Regular audits will be conducted to ensure compliance.

**Review and Revision:**

This policy will be reviewed annually and revised as necessary. All changes will be communicated to staff through our internal communication channels.

By following this recycling and waste disposal policy, we can minimize our environmental footprint and contribute to a healthier environment for our patients, visitors, and community.

Please direct any questions or concerns regarding this policy to the Environmental Services department.

[Signed]
[Name]
Environmental Services Manager
[Hospital Name]",Public Administrative,PUBLIC,generated,hospital recycling and waste disposal notice
"NOTICE: Hospital Recycling and Waste Disposal Policy

As part of our ongoing efforts to reduce, reuse, and recycle, we are pleased to announce the implementation of a comprehensive recycling and waste disposal program within our hospital. This policy is designed to minimize our environmental footprint while ensuring the safe and responsible management of waste.

All staff members are expected to adhere to the following guidelines:

- Recyclable materials such as paper, cardboard, plastic bottles, and cans will be collected from designated bins throughout the facility.
- Electronic waste (e-waste) must be disposed of through our approved e-waste collection program. Please see below for more information on this process.

Waste Disposal Procedures:

- All hazardous materials such as chemicals, pesticides, and sharp objects must be disposed of in accordance with hospital policy.
- Biohazardous waste will be collected separately from non-biohazardous waste and will be disposed of through our approved biohazard disposal program.
- Organic waste (food waste) must be disposed of in designated composting bins.

Recycling Program:

- Paper: All paper products such as newspapers, cardboard, and printer paper are accepted.
- Plastic Bottles: Plastic bottles with lids and labels are accepted. Please rinse and remove any remaining contents before depositing into the recycling bin.
- Cans: Aluminum and steel cans are accepted. Please rinse and flatten before depositing into the recycling bin.

Electronic Waste Disposal:

- All electronic devices such as computers, televisions, and printers must be recycled through our approved e-waste collection program.
- Please remove all personal data from electronic devices before disposal.

By adhering to this policy, we can make a positive impact on our environment while maintaining a safe and healthy working environment. If you have any questions or concerns regarding the recycling and waste disposal program, please contact the Environmental Services department.",Public Administrative,PUBLIC,generated,hospital recycling and waste disposal notice
"NOTICE OF HOSPITAL RECYCLING AND WASTE DISPOSAL POLICY

As part of our ongoing commitment to sustainability and environmental stewardship, we are pleased to introduce our hospital's recycling and waste disposal policy. This policy aims to minimize waste, reduce our ecological footprint, and promote a culture of responsible resource management.

**Recycling Programs**

Our hospital offers various recycling programs for paper, cardboard, plastic, glass, and electronic waste. These materials can be collected in designated receptacles located throughout the facility. We encourage all staff members, visitors, and contractors to participate in these programs by properly sorting and disposing of recyclable materials.

**Waste Disposal Guidelines**

Non-recyclable waste, including food waste, hazardous materials, and non-biodegradable plastics, must be disposed of through our specially designated waste streams. Food waste should be placed in the designated composting bins, while hazardous materials such as batteries, chemicals, and medical supplies must be taken to the designated collection areas.

**Composting Program**

Our hospital operates a comprehensive composting program for food waste and organic materials. This program aims to reduce greenhouse gas emissions, create nutrient-rich soil amendments, and promote sustainable gardening practices in our surrounding community.

**Disposal of Electronic Waste**

Electronic waste, including computers, printers, and telephones, must be disposed of through our designated electronic waste collection program. This program ensures responsible handling, recycling, or disposal of sensitive electronic equipment to protect the environment and public health.

By following these guidelines, we can work together to minimize waste, reduce our environmental impact, and promote a healthier future for our community.",Public Administrative,PUBLIC,generated,hospital recycling and waste disposal notice
"NOTICE TO ALL STAFF AND Visitors

As part of our ongoing commitment to environmental sustainability, we are introducing a new recycling and waste disposal policy at our hospital. The purpose of this notice is to inform all staff and visitors of the changes and expectations regarding waste management in order to minimize our ecological footprint.

Effective immediately, all paper-based documents must be recycled using the designated receptacles located throughout the hospital. Recyclable materials include printer paper, cardboard, and non-wooden file folders. Non-recyclable materials such as plastic, glass, and metal should be disposed of in their respective bins.

Compostable waste will be collected separately from regular trash and will be converted into nutrient-rich soil for our on-site garden. All food waste must be placed in the designated compost bins to support this initiative.

Electronic devices and equipment are to be properly disposed of through our partnership with a responsible electronics recycling vendor. Batteries should not be disposed of in the regular trash but rather returned to their manufacturer or a designated collection center.

We encourage all staff and visitors to report any spills, leaks, or hazardous materials incidents to the facilities department immediately. This will enable us to take prompt action and prevent further environmental damage.

By adhering to these guidelines, we can collectively contribute to a healthier environment for our patients, staff, and community. If you have any questions or concerns regarding this new policy, please contact the facilities department.

Thank you for your cooperation and commitment to sustainability.

Sincerely,
[Hospital Administration]",Public Administrative,PUBLIC,generated,hospital recycling and waste disposal notice
"NOTICE OF HOSPITAL RECYCLING AND WASTE DISPOSAL POLICY

In accordance with the Hospital's commitment to environmental sustainability and responsible resource management, we are implementing a comprehensive recycling and waste disposal program.

The hospital aims to minimize its waste generation and maximize the recovery of recyclable materials. All staff members are expected to adhere to the following guidelines:

* Recyclables: Paper, cardboard, plastic bottles, glass containers, and metal cans will be collected in designated bins throughout the hospital. These items should be emptied regularly to avoid overflow.
* Electronic Waste (e-waste): Computers, printers, and other electronic devices must be disposed of through our approved e-waste recycling program. Please contact the facilities department for information on how to participate.
* Organic Waste: Food waste and yard trimmings will be collected in designated bins and composted. This process helps reduce greenhouse gas emissions and supports sustainable gardening practices.
* Hazardous Waste: Chemicals, pesticides, and other hazardous materials must be disposed of through our approved hazardous waste collection program. Please contact the facilities department for information on how to participate.

To ensure compliance with this policy, please note the following:

* All recyclable materials must be sorted correctly before disposal.
* Improperly labeled or contaminated materials will not be accepted.
* Staff members are expected to report any spills or leaks of hazardous materials to the facilities department immediately.

By adhering to these guidelines, we can work together to minimize our environmental footprint and promote a healthier hospital environment. If you have any questions or concerns regarding this policy, please contact the facilities department.

Date: [Insert Date]

Approved by: [Insert Name]
Title: Facilities Manager",Public Administrative,PUBLIC,generated,hospital recycling and waste disposal notice
"NOTICE OF HOSPITAL RECYCLING AND WASTE DISPOSAL POLICIES

In accordance with our commitment to sustainability and environmental stewardship, we are implementing enhanced recycling and waste disposal procedures within our facilities. The purpose of this notice is to inform all staff members, visitors, and contractors of the guidelines and best practices for managing hospital waste.

All disposable materials, including paper products, plastics, glassware, and medical waste, must be sorted and placed in designated receptacles according to their type. The following categories are established:

- Recyclable paper products (e.g., cardboard, tissue paper)
- Non-recyclable paper products
- Plastic containers and bags
- Glass bottles and jars
- Medical waste (including sharps, biohazardous materials)

All hospital staff members are responsible for adhering to these guidelines. Improper disposal of hazardous or recyclable materials may result in additional waste management costs.

In addition, all laboratories, pharmacies, and other departments are required to implement their own recycling and waste disposal programs, with the goal of achieving a minimum of 80% recycling rate by the end of the next quarter.

Regular audits will be conducted to ensure compliance with these policies. Staff members who fail to adhere to the guidelines may be subject to corrective action, up to and including disciplinary measures.

We encourage all staff members to participate actively in our sustainability initiatives and report any concerns or suggestions regarding waste management procedures.

Sincerely,
[Hospital Administrator's Name]",Public Administrative,PUBLIC,generated,hospital recycling and waste disposal notice
"NOTICE OF HOSPITAL RECYCLING AND WASTE DISPOSAL POLICY

As part of our commitment to environmental sustainability and responsible resource management, [Hospital Name] has implemented a comprehensive recycling and waste disposal program. This policy aims to minimize the hospital's environmental footprint by promoting the effective collection, processing, and disposal of recyclable materials.

**Waste Streams**

The hospital will segregate waste into the following categories:

* Recyclables: paper, cardboard, plastic bottles, glass containers, and metal cans
* Organic Waste: food scraps, yard trimmings, and other organic materials
* Hazardous Waste: chemical-containing items, such as batteries, electronics, and cleaning supplies

**Recycling Guidelines**

All staff members are expected to adhere to the following recycling guidelines:

* Recycle paper, cardboard, and plastic bottles in designated bins
* Use reusable containers and bags for packing take-out food
* Participate in the hospital's composting program by placing organic waste in designated bins

**Disposal Procedures**

The following procedures will be followed for non-recyclable waste:

* Trash: dispose of in designated trash receptacles
* Hazardous Waste: use designated collection points or contact the facilities department for guidance
* Bulky Items: schedule a pickup with the facilities department for special collection

**Education and Training**

Staff members are required to attend quarterly training sessions on recycling and waste disposal best practices. Additionally, educational materials will be distributed throughout the hospital to promote awareness and encourage participation in the program.

By working together, we can minimize our environmental impact and create a healthier, more sustainable environment for our patients, visitors, and staff.",Public Administrative,PUBLIC,generated,hospital recycling and waste disposal notice
"To: All Hospital Staff

Subject: Guidelines for Hospital Recycling and Waste Disposal

As part of our ongoing commitment to sustainability and environmental stewardship, we are implementing new guidelines for hospital recycling and waste disposal. These measures will help minimize our impact on the environment while ensuring compliance with regulatory requirements.

Effective immediately, the following policies will be enforced:

* All paper products, including printer paper, cardboard, and tissue paper, must be sorted and placed in designated recycling bins.
* Plastic containers, including water bottles, yogurt cups, and food containers, should be rinsed thoroughly and deposited into the recycling bin or designated compost area.
* Glass containers, such as jars and bottles, can be crushed and placed in the recycling bin.
* Electronic waste, including computers, phones, and monitors, must be disposed of through our approved vendor partnership.
* Biohazardous materials, including infectious waste and sharps, will be collected and processed by our designated hazardous waste contractor.

To ensure compliance with these guidelines, we recommend the following best practices:

* Label all recyclable materials clearly to avoid contamination.
* Rinse food and liquid residue from containers before recycling or disposal.
* Avoid disposing of hazardous materials in regular trash or recycling bins.
* Report any concerns or discrepancies regarding waste management to the facilities department.

Our goal is to achieve a minimum 75% recycling rate within the next six months. Your cooperation and commitment to these guidelines are crucial to our success. If you have any questions or suggestions, please do not hesitate to reach out to the facilities department.

Thank you for your attention to this matter, and let's work together to create a more sustainable hospital environment.

Sincerely,
[Your Name]
Facilities Manager",Public Administrative,PUBLIC,generated,hospital recycling and waste disposal notice
"NOTICE OF HOSPITAL RECYCLING AND WASTE DISPOSAL POLICY

In accordance with our commitment to environmental sustainability and responsible resource management, we are pleased to announce the implementation of a comprehensive recycling and waste disposal program at our hospital facility.

Effective immediately, all patients, visitors, staff members, and contractors are required to adhere to the following guidelines:

- All paper products, including paper towels, tissues, and cardboard, will be recycled through designated collection bins.
- Plastic bottles, cans, and containers will be sorted and processed through our partnership with a local recycling facility.
- Glass containers will be crushed and reused in our facility's manufacturing department.
- Organic waste, including food waste and yard trimmings, will be composted on-site and used as nutrient-rich fertilizer for our gardens.

To ensure the effective management of hazardous materials, please note that:

- All sharps, including needles and syringes, must be placed in designated sharp disposal containers.
- Chemicals and cleaning supplies must be disposed of through our partnership with a licensed hazardous waste management company.
- Electronic devices, including computers and televisions, will be responsibly recycled through a certified e-waste recycling program.

Your cooperation and participation in this program are essential to maintaining a clean, safe, and environmentally responsible environment within our hospital facility. If you have any questions or concerns regarding the recycling and waste disposal program, please do not hesitate to contact our Environmental Services department at [email address] or [phone number].

Thank you for your commitment to sustainability.

Sincerely,
[ Hospital Name] Environmental Services Team",Public Administrative,PUBLIC,generated,hospital recycling and waste disposal notice
"NOTICE TO ALL STAFF AND VISITORS

As part of our ongoing commitment to sustainability, we are implementing a comprehensive recycling and waste disposal program across our hospital facilities. The purpose of this notice is to inform all staff and visitors of the new guidelines and procedures to be followed in order to minimize our environmental impact.

**Recycling Guidelines**

* All paper products, including printer paper, copier paper, and cardboard, must be placed in the designated recycling bins located throughout the hospital.
* Plastic containers, glass bottles, and metal cans will also be accepted in the recycling bins.
* Paperboard cartons and corrugated boxes are accepted for recycling.
* Electronic waste (e-waste) such as computers, phones, and other devices should be disposed of through our designated e-waste collection program.

**Waste Disposal Guidelines**

* All food waste must be disposed of in the designated composting bins located in the hospital cafeteria and kitchen areas.
* Non-recyclable plastics, including bags and packaging materials, will be collected separately for disposal.
* Flammable and hazardous materials, such as chemicals and cleaning supplies, must be disposed of through our designated hazardous waste collection program.

**Staff Responsibilities**

All staff members are expected to adhere to these guidelines and report any concerns or suggestions regarding the recycling and waste disposal program to their supervisor or the Environmental Health department.

**Visitor Information**

Visitors are also encouraged to participate in this program by following the same guidelines as staff. Assistance will be available from hospital staff if needed.

By working together, we can reduce our environmental impact and promote a healthier and more sustainable future for our patients, visitors, and community.

Sincerely,
[ Hospital Environmental Health Department ]",Public Administrative,PUBLIC,generated,hospital recycling and waste disposal notice
"NOTICE OF HOSPITAL RECYCLING AND WASTE DISPOSAL POLICY

In accordance with our commitment to sustainability and environmental responsibility, we are pleased to announce the implementation of a comprehensive recycling and waste disposal program within our hospital facilities.

All staff members are expected to adhere to the following guidelines to ensure the effective management of waste and recyclables:

**Recyclable Materials**

* Paper products (newspaper, cardboard, paperboard)
* Plastic bottles, jugs, and containers (#1-7)
* Glass bottles and jars
* Steel cans (aluminum and steel)

These materials will be collected separately from regular trash and taken to a designated recycling facility on a bi-weekly basis.

**Non-Recyclable Materials**

* Food waste and organic materials must be disposed of in designated composting bins.
* Hazardous waste, including batteries, electronics, and chemicals, must be disposed of through our designated hazardous waste collection program.

**Waste Disposal Schedule**

* Regular trash: collected on a daily basis
* recyclables: collected bi-weekly
* Compostable materials: collected weekly

**Staff Responsibilities**

All staff members are responsible for:

* Separating recyclable materials from regular trash
* Reporting any spills or leaks to the facilities department immediately
* Participating in our waste reduction and recycling education program

We appreciate your cooperation and commitment to reducing our environmental footprint. If you have any questions or concerns, please do not hesitate to contact our facilities department.

Sincerely,
[Facilities Department]",Public Administrative,PUBLIC,generated,hospital recycling and waste disposal notice
"NOTICE OF HOSPITAL RECYCLING AND WASTE DISPOSAL POLICY

As part of our ongoing commitment to environmental sustainability and responsible resource management, we are pleased to announce the implementation of a hospital-wide recycling and waste disposal program.

Effective immediately, all hospitals will adhere to the following guidelines:

- All paper products, including but not limited to newspapers, cardboard, and office paper, will be recycled through our designated collection bins.
- Plastic bottles, containers, and other single-use plastics will be separated from general waste and collected separately for recycling or proper disposal.
- Electronic waste, including computers, monitors, and other electronic devices, will be disposed of through a certified e-waste recycling program.

To ensure compliance with these guidelines, the following procedures have been established:

- All hospital departments are required to sort recyclable materials from non-recyclable waste.
- A centralized waste management team will oversee the collection and processing of recyclables, ensuring that all materials are handled in accordance with industry standards.
- Regular audits and waste reduction targets will be implemented to track progress and encourage continued improvement.

By working together, we can minimize our environmental footprint and contribute to a more sustainable future. If you have any questions or concerns regarding this policy, please do not hesitate to contact the hospital's Environmental Services department.

We appreciate your cooperation and commitment to reducing waste in our hospitals.

Sincerely,
[Your Hospital Name]",Public Administrative,PUBLIC,generated,hospital recycling and waste disposal notice
"The Hospital Social Club Newsletter is pleased to announce its upcoming events for the quarter. Our team has been working hard to bring you a variety of activities and initiatives that promote staff well-being and camaraderie.

Firstly, our monthly ""Staff Appreciation"" evening will take place on Friday, March 17th from 5:30 pm to 7:00 pm in the hospital's conference room. This event is designed to acknowledge the hard work and dedication of our staff members, and we invite all colleagues to attend. Light refreshments will be provided.

We are also excited to announce that our ""Wellness Wednesday"" series has resumed after a brief hiatus. Starting next week, each Wednesday will feature a different theme, such as stress management, mindfulness, or nutrition. Our guest speakers will share valuable insights and tips on how to maintain a healthy work-life balance. More details about the upcoming sessions can be found on our bulletin board.

Additionally, we have organized a staff outing to a local sporting event on Saturday, April 1st. We invite all colleagues to join us for an afternoon of fun and entertainment. Tickets will be available at the reception desk.

Our social committee is always looking for new ideas and suggestions from staff members. If you have any proposals or suggestions, please do not hesitate to reach out to us. Your input is invaluable in helping us create a positive and inclusive work environment.

We look forward to seeing you all at our events. Let's make this quarter one to remember!",Public Administrative,PUBLIC,generated,staff social club newsletter
"The Hospital Staff Social Club Newsletter

As we continue to support our employees during these busy times, we would like to take a moment to acknowledge the outstanding contributions of our staff. The dedication and hard work displayed by each member is truly appreciated.

Our quarterly volunteer day was a huge success, with over 50 staff members participating in various community service projects. This initiative not only brings staff together but also gives back to the local community.

The hospital's annual Charity Drive collected an impressive amount of donations, which will be used to support a worthy cause. We are grateful for the generosity and kindness shown by our employees.

In other news, our wellness program continues to grow, with more staff members participating in yoga classes and health seminars. These initiatives aim to promote a healthy work-life balance and support overall well-being.

We would like to extend an invitation to all staff members to join us for our upcoming social event, a summer barbecue. Details will be shared separately, but we encourage everyone to save the date and mark it on their calendars.

The Hospital Staff Social Club has also announced the launch of a new book club, open to all staff members. We invite you to participate in this activity, which aims to promote teamwork and camaraderie outside of work hours.

We are pleased to announce that our employee recognition program will be launched soon. This initiative is designed to acknowledge and reward outstanding performance and dedication to the hospital's mission.

If you have any suggestions or ideas for future events, please don't hesitate to reach out to us. We value your input and look forward to continuing to work together to make our workplace a positive and supportive environment.",Public Administrative,PUBLIC,generated,staff social club newsletter
"Welcome to the Staff Social Club Newsletter!

As we continue into the new quarter, our club has been busy planning exciting events and activities for all staff members. Our main focus this quarter will be on team-building and socialization.

Firstly, we would like to announce that our annual Summer BBQ will take place on June 15th at the hospital grounds. The event will feature a delicious BBQ spread, refreshing drinks, and a few surprises in store for our guests. We encourage all staff members to attend and enjoy some well-deserved R&R with their colleagues.

Additionally, we have organized a monthly book club which starts next month. The first meeting will be held on July 10th at 2 PM in the conference room. We invite everyone to join us as we discuss our chosen book of the month.

Our staff recognition program is also gaining momentum. We have been receiving wonderful nominations from colleagues for outstanding contributions and achievements within the hospital. If you know someone who deserves recognition, please don't hesitate to nominate them through our online portal.

We are also pleased to announce that we have secured a special deal with a local entertainment venue, offering staff members discounted tickets to their upcoming events. More details will be shared in a separate announcement.

Please keep an eye on your emails and our social media channels for updates on these events and more. We look forward to seeing you all at the Summer BBQ and enjoying some quality time together outside of work.

Best regards,
The Staff Social Club Team",Public Administrative,PUBLIC,generated,staff social club newsletter
"The hospital's annual staff appreciation event will take place on Friday, March 19th at 3 PM in Conference Room A. The event is a celebration of our dedicated staff members and their hard work throughout the year. There will be refreshments, music, and a chance to mingle with colleagues.

This year's theme is ""Awards of Excellence,"" where we will recognize and honor outstanding contributions made by staff members across various departments. Our hospital's CEO will be presenting awards in several categories, including Exceptional Service, Innovation, and Teamwork.

The event is open to all staff members and their spouses or guests. We encourage you to attend and show your appreciation for our talented team.

The Staff Social Committee is also excited to announce the launch of our new Volunteer Program, which aims to provide opportunities for staff members to give back to the community. Details on the program will be shared in future newsletters.

We would like to thank our generous sponsors who have made this event possible. Your support is greatly appreciated and helps us continue to provide a positive work environment for all staff members.

The Staff Social Club would like to remind everyone that the April Staff Appreciation Day is scheduled for Friday, April 17th. We will be having a surprise celebration with cake, balloons, and a raffle.

If you have any suggestions or ideas for upcoming events, please don't hesitate to reach out to the Staff Social Committee.

Thank you for your continued hard work and dedication to our hospital's mission.",Public Administrative,PUBLIC,generated,staff social club newsletter
"The Staff Social Club Newsletter is pleased to announce that our annual summer BBQ will take place on Friday, June 17th at 2 PM in the hospital's outdoor courtyard. The event is free and open to all staff members, and we encourage you to bring your families and friends.

We have arranged for a delicious catered spread of food and refreshments, and there will be plenty of opportunities to mingle and socialize with your colleagues. We also have a few exciting games and activities planned, including a giant Jenga tournament and a raffle with great prizes.

This year, we are partnering with the hospital's wellness program to offer some free health screenings, including blood pressure checks, glucose testing, and body mass index measurements. We encourage you to take advantage of these opportunities to prioritize your health and well-being.

In addition to the summer BBQ, our staff social club is also excited to announce a new book club that will meet monthly in the hospital's library. The first meeting will be on July 14th at 12 PM, and we invite all staff members who enjoy reading to join us. We have selected a thought-provoking novel that promises to spark interesting discussions and debates.

We would like to thank our volunteers for their hard work and dedication to our organization. Without their efforts, many of the events and activities we offer wouldn't be possible. We are grateful for your service and look forward to seeing you at our summer BBQ.

If you have any suggestions or ideas for future events, please don't hesitate to reach out to us. We welcome your input and look forward to hearing from you soon.

Best regards,
The Staff Social Club Committee",Public Administrative,PUBLIC,generated,staff social club newsletter
"The Hospital Staff Social Club Newsletter is pleased to announce its upcoming events for the quarter. We have a range of activities planned to bring staff together and provide opportunities for socialization.

Firstly, we are excited to announce that our annual summer barbecue will take place on Friday, June 17th at 2 PM in the hospital's outdoor courtyard. The event is free and open to all staff members, and we invite you to join us for a picnic lunch, games, and entertainment. We have arranged for a variety of food options, including vegetarian and gluten-free choices.

In addition to our summer barbecue, we are also planning a holiday party in December. Details of the event will be shared closer to the date, but we anticipate it to take place on Friday, December 23rd at 4 PM in the hospital's conference center. We look forward to celebrating the end of the year with all of you.

For those who enjoy art, our staff art exhibit is scheduled for October 15th from 3-5 PM in the hospital's lobby. We invite staff members to submit their artwork, which will be displayed for all to see.

Lastly, we would like to remind everyone that our employee recognition program is still accepting nominations for outstanding staff achievements. If you know of someone who deserves special recognition, please nominate them by submitting a suggestion form to the staff social club office.

We hope to see you at one of these events and look forward to continuing to provide opportunities for staff to connect and have fun outside of work hours.",Public Administrative,PUBLIC,generated,staff social club newsletter
"The staff social club has been a staple of hospital life for many years, providing a much-needed break from the demands of daily work. Recently, we've seen an uptick in interest among staff members, with more people than ever attending our monthly mixers and outings.

One notable event was the successful fundraiser we hosted at a local brewery. Not only did we raise a significant amount for charity, but also enjoyed some well-deserved beers on us! A special thank you to our organizing committee, who worked tirelessly behind the scenes to make it happen.

In other news, our volunteer program is thriving. We've recently added several new members to our team and are grateful for their enthusiasm and dedication. If you're interested in getting involved, please don't hesitate to reach out to us.

We're also excited to announce that we'll be hosting a staff wellness day later this month. This event will feature yoga classes, healthy snacks, and plenty of opportunities to relax and recharge with your colleagues. Mark your calendars and stay tuned for more details!

Finally, a big thank you to our sponsors who continue to support our efforts. Your generosity is greatly appreciated and helps us continue to provide valuable experiences for hospital staff.

As always, if you have any ideas or suggestions for future events, please don't hesitate to reach out to us. We're always looking for new ways to engage and connect with our community.

Until next time, thank you for all that you do!

Best regards,
[Staff Social Club]",Public Administrative,PUBLIC,generated,staff social club newsletter
"The Staff Social Club Newsletter is pleased to announce its latest activities and events. Our club continues to be a vibrant part of hospital life, providing opportunities for staff to socialize, relax, and recharge.

In recent months, we have hosted several successful events, including our annual staff holiday party, which took place at the end of December. This year's event was attended by over 150 staff members, who enjoyed food, drinks, and entertainment provided by local talent. The evening was a huge success, and we would like to thank everyone who participated in making it such a special occasion.

We also recently organized a summer BBQ, which brought together staff from various departments for an afternoon of outdoor activities and refreshments. This event was well-received, and we are already planning our next one for the autumn season.

In addition to our events calendar, the Staff Social Club is committed to supporting hospital employees through various initiatives. We have established a mentorship program, which pairs staff members with colleagues from different departments to facilitate knowledge sharing and skill development. We also offer access to discounted gym memberships and wellness programs for all hospital staff.

Our next event will be an open mic night, scheduled for the first Friday of March at 6 PM in the hospital auditorium. All staff are invited to participate or simply attend to enjoy some music and company. Mark your calendars and join us for a fun-filled evening!

The Staff Social Club would like to extend its gratitude to all the staff members who have contributed to our events and initiatives over the past year. Your hard work and dedication have made a significant impact on hospital morale, and we are grateful to be part of such a wonderful community.",Public Administrative,PUBLIC,generated,staff social club newsletter
"The Hospital Staff Social Club Newsletter

Dear Colleagues,

As we approach the summer season, our social club committee is excited to announce a series of events and activities designed to bring staff together and celebrate our community. First up, our annual Summer BBQ will take place on June 17th at the hospital's outdoor amphitheater. This event promises to be a fun-filled afternoon with delicious food, refreshing drinks, and great company.

In addition to the BBQ, we have planned several other activities throughout the summer, including a staff volunteer day, a potluck dinner series, and a charity walk-a-thon. These events are designed to foster camaraderie, recognize staff achievements, and give back to our local community.

We also want to invite you to join us for our annual Hospital Awards Ceremony, which will take place on August 22nd. This event celebrates the outstanding contributions and dedication of our hospital staff, and we hope you can be there to show your support.

Mark your calendars for these exciting events and get ready to connect with your colleagues in a fun and relaxed atmosphere. We look forward to seeing you at these events!

If you have any suggestions or ideas for future social club activities, please don't hesitate to reach out to us. Your input is invaluable, and we want to hear from you.

Stay tuned for more updates and announcements in the coming weeks.

Best regards,
The Hospital Staff Social Club Committee",Public Administrative,PUBLIC,generated,staff social club newsletter
"The Hospital Staff Social Club Newsletter is proud to present its latest edition. In this issue, we highlight some of the exciting events and initiatives taking place around the hospital.

Our annual staff potluck dinner will be held on Friday, March 17th at 5:00 PM in the hospital cafeteria. All staff members are encouraged to participate and share their favorite dishes with colleagues from different departments. This event is a wonderful opportunity to connect with fellow workers and take a break from our busy schedules.

The Hospital Staff Social Club has organized a charity fundraiser, ""Step Up for Wellness,"" which will be held on Saturday, April 15th at 9:00 AM. The event aims to promote physical activity and raise funds for local wellness programs. We invite all staff members to participate by signing up for one of the several fitness challenges or by volunteering as a support team.

The hospital's employee recognition program has awarded several staff members with certificates of appreciation for their outstanding contributions to patient care and safety. These awards acknowledge the hard work and dedication shown by our front-line workers, and we are grateful for their tireless efforts.

Our library is now offering a new book club series, focusing on wellness and self-care topics. The first meeting will take place on Wednesday, March 22nd at 12:00 PM in the hospital's conference room. All staff members are welcome to attend and participate in lively discussions.

We look forward to seeing you at these events and exploring ways to promote a healthier work-life balance for all our staff members.",Public Administrative,PUBLIC,generated,staff social club newsletter
"The hospital staff social club is pleased to announce its upcoming events for the quarter. Our monthly staff appreciation breakfast will take place on March 15th at 8am in the conference center. This event is open to all staff members and we encourage you to attend.

In addition, our annual spring fling will be held on April 22nd from 3pm-6pm in the hospital courtyard. The event will feature music, food, and games for all ages. Staff can bring their spouses or significant others to join in on the fun.

We are also excited to announce that our staff recognition awards ceremony will take place on June 17th at 4pm in the auditorium. This event honors outstanding contributions and service to the hospital community.

Our volunteer program is also looking for new members. If you are interested in giving back to the community, please contact the volunteer coordinator for more information.

We would like to thank our sponsors for their continued support of the staff social club. Their generosity allows us to provide these events and activities for all staff members.

The staff social club will be meeting on March 1st at 2pm in room 304 to discuss upcoming events and plans. All staff members are welcome to attend.

If you have any suggestions or ideas for future events, please don't hesitate to reach out to the staff social club committee. We look forward to seeing you at our events!",Public Administrative,PUBLIC,generated,staff social club newsletter
"The Hospital Staff Social Club is pleased to announce its upcoming events for the quarter. Our members are invited to participate in a charity fundraiser on March 15th, where all proceeds will go towards supporting local community programs.

Additionally, our staff social club will be hosting a spring-themed potluck dinner on April 12th, where employees can bring their favorite dishes to share with colleagues. This event is open to all hospital staff and promises to be a fun way to kick off the warmer months.

We are also excited to announce that we have partnered with a local wellness center to offer discounted gym memberships for our hospital staff. Members will receive access to state-of-the-art facilities, group fitness classes, and personalized training sessions.

In recognition of staff achievements, we will be presenting awards at our quarterly meeting on May 17th. These awards acknowledge outstanding service, dedication, and commitment to excellence within the hospital.

A reminder that our staff social club is always looking for new ideas and suggestions. If you have an event or activity in mind, please don't hesitate to reach out to us.

Finally, we would like to thank our loyal sponsors who continue to support our events and initiatives. Your contributions make a significant difference in the lives of our hospital community.

Mark your calendars and join us for these exciting events. We look forward to seeing you there!

The Hospital Staff Social Club",Public Administrative,PUBLIC,generated,staff social club newsletter
"The Staff Social Club Newsletter is pleased to announce its upcoming events for the quarter. Our first social gathering will take place on March 15th at 6:00 PM in the hospital's conference room. We will be serving a variety of hors d'oeuvres and refreshments, providing an excellent opportunity for staff members to mingle and get to know one another better.

In addition to our social events, we have also organized several volunteer opportunities throughout the quarter. On April 22nd, we will be collecting donations for a local food bank at our designated drop-off location in the hospital's main lobby. We encourage all staff members to participate and make a difference in their community.

The Staff Social Club would like to extend its gratitude to our sponsors for their continued support. Their generosity has made it possible for us to host these events and provide opportunities for staff members to come together.

A reminder that our quarterly staff recognition awards ceremony will take place on June 17th at 2:00 PM in the hospital's auditorium. This event is a great opportunity to celebrate the hard work and dedication of our staff members, and we encourage everyone to attend.

Finally, we would like to remind all staff members that our Employee Assistance Program (EAP) is available to provide support for personal or professional matters. If you are in need of counseling services or simply require someone to talk to, please do not hesitate to reach out to the EAP office.

We hope you have a wonderful quarter and look forward to seeing you at our upcoming events.",Public Administrative,PUBLIC,generated,staff social club newsletter
"The Hospital Administrative Staff Social Club is pleased to announce its upcoming events for the quarter. Our community has been busy planning a series of fun and engaging activities designed to bring staff together and promote camaraderie.

Firstly, our quarterly potluck dinner will take place on Friday, March 17th at 5:30 PM in the hospital's conference room. All staff members are invited to participate and share their favorite dishes from around the world. This event promises to be a delightful opportunity for colleagues to socialize and enjoy each other's company.

Additionally, we have organized a charity fundraiser on April 15th, where all proceeds will go towards supporting local education initiatives. The event will feature a bake sale, raffle, and silent auction. We encourage everyone to participate and make a difference in our community.

On a lighter note, our staff book club has chosen its next read: ""The Guernsey Literary and Potato Peel Pie Society"" by Mary Ann Shaffer. Discussion sessions will be held on the second Wednesday of each month at 3 PM in the library. All staff members are welcome to join and share their thoughts on the book.

We would like to extend our gratitude to our event sponsors, without whom these events would not be possible. We also invite all staff members to contribute to our charity fundraiser by donating baked goods or participating in the raffle and silent auction.

Please mark your calendars for these upcoming events and join us in making a positive impact on our community. If you have any suggestions or ideas for future events, please do not hesitate to reach out to us.

Warm regards,
The Hospital Administrative Staff Social Club Committee",Public Administrative,PUBLIC,generated,staff social club newsletter
"The Hospital Social Club Newsletter is pleased to announce that our annual Staff Appreciation Day will take place on Friday, March 17th. This special event is designed to recognize and reward the hard work and dedication of our hospital staff.

Throughout the day, we have planned a variety of activities and festivities to show our appreciation for all that you do. These include a catered lunch, a photo booth with fun props, and a raffle with exciting prizes.

We are also excited to announce that our charity fundraiser, ""Healing Hands,"" will be taking place on April 15th. This event aims to raise funds for our hospital's community outreach programs, which provide essential support services to local residents in need.

In addition to these events, we would like to remind you that our Employee Recognition Program is now open for nominations. This program recognizes outstanding contributions and achievements made by staff members throughout the year. Nominations can be submitted online or via email until March 31st.

We are also pleased to announce that our Hospital Wellness Initiative will continue throughout the year. This initiative aims to promote healthy living and well-being among our staff, with regular workshops, seminars, and fitness classes available.

If you have any suggestions or ideas for future events, please don't hesitate to reach out to us. We value your input and look forward to hearing from you.

Thank you for all that you do, and we hope to see you at Staff Appreciation Day!

Best regards,
The Hospital Social Club Committee",Public Administrative,PUBLIC,generated,staff social club newsletter
"The Hospital Staff Social Club Newsletter

Welcome to our latest edition of the Staff Social Club Newsletter! We hope you're having a great month so far and that our events have been able to bring some much-needed relaxation and camaraderie into your busy schedule.

Firstly, we'd like to thank all staff members who attended our recent team-building workshop. The feedback has been excellent, with many of you commenting on the value of networking with colleagues from different departments. We're proud to offer such a range of activities that cater to diverse interests and hobbies.

Speaking of events, don't forget to mark your calendars for our upcoming Staff Appreciation Day on March 17th. This special day is dedicated to recognizing the hard work and dedication of all hospital staff members, and we invite everyone to join in the celebrations. We'll have food, drinks, and music aplenty, so be sure to take some time off and indulge in some well-deserved fun.

Additionally, our Volunteer Program has been thriving, with many of you taking on new roles or continuing to make a positive impact through their involvement. If you're interested in getting involved or know someone who would like to join the team, please don't hesitate to reach out to us.

Finally, we'd like to remind everyone that our Staff Recognition Awards will be held on April 15th. These awards are designed to celebrate outstanding contributions and achievements within the hospital community, so if you're eligible, please make sure to submit your nomination forms by the deadline.

We hope you enjoy reading this newsletter and look forward to seeing you at our upcoming events!

Best regards,
The Staff Social Club Committee",Public Administrative,PUBLIC,generated,staff social club newsletter
"Staff Social Club Newsletter - Winter Edition

Dear Colleagues,

As we enter the winter season, our Staff Social Club is excited to announce a series of events and activities designed to bring staff together and provide opportunities for socialization outside of work.

Firstly, please join us for our Annual Winter Solstice Celebration on December 21st at 5:00 PM in the hospital's conference room. We will have refreshments, games, and music to get you in the holiday spirit.

In addition, we are organizing a Charity Fundraiser on January 12th where we will be collecting donations for a local food bank. Staff members who wish to participate can donate items such as canned goods, non-perishable snacks, or monetary contributions. We will also have a collection box available in the main lobby.

We would like to announce that this year's Staff Appreciation Awards will take place on February 14th at 3:00 PM in the hospital's auditorium. This event is a great opportunity for us to recognize and celebrate the outstanding contributions of our staff members.

Lastly, we have organized a Staff Wellness Day on March 17th where we will be offering free yoga classes, health screenings, and a healthy snack bar. Mark your calendars and take some time for yourself.

If you are interested in participating in any of these events or would like more information, please contact us at [Staff Social Club Email]. We look forward to seeing you there!

Best regards,
The Staff Social Club Committee",Public Administrative,PUBLIC,generated,staff social club newsletter
"The Hospital Staff Social Club Newsletter is pleased to announce its upcoming events for the quarter. Our mission remains the same - to provide a platform for staff members to unwind and socialize outside of their work environment.

Firstly, we would like to thank our sponsors for making this possible. Without their support, we wouldn't be able to host these events. A special mention goes out to the Administration department for providing us with the facilities to hold our gatherings.

In the upcoming quarter, we have several exciting events planned. Our monthly book club will feature a new selection of novels, and we are excited to see which titles you will find most intriguing. The staff game night will be held on the 15th of March, where you can test your skills against your colleagues.

Furthermore, we are organizing a volunteer day at the local community center, where we will be serving meals and engaging with the elderly. This is a great opportunity to give back to the community and make new connections.

We would like to remind everyone that our staff social club membership is free and open to all hospital staff members. If you're interested in joining, please visit our website or stop by our table during breaks.

Finally, we would like to invite you all to our annual summer BBQ, which will be held on the 20th of June. This will be a great opportunity to mingle with your colleagues and have some fun in the sun.

We look forward to seeing you at these events and hope to meet many new faces. If you have any suggestions or ideas for future events, please don't hesitate to reach out to us.

Best regards,
The Hospital Staff Social Club Committee",Public Administrative,PUBLIC,generated,staff social club newsletter
"The Hospital Staff Social Club Newsletter

Winter Edition: December 2022

Dear Colleagues,

As we enter the winter season, our staff social club would like to take a moment to express our gratitude for another successful year of serving our hospital community. We are proud of the events and activities that have brought us all together, fostering camaraderie and teamwork.

Our annual Winter Wonderland fundraiser was a resounding success, with over 200 staff members participating in the silent auction and raffle prizes. A special thank you to our organizing committee for their tireless efforts in making this event possible.

The staff social club has also been busy planning upcoming events, including a New Year's Eve celebration, charity golf tournament, and spring volunteer day. These events not only provide opportunities for socialization but also give back to the community.

We are pleased to announce that our hospital's wellness program will be expanding its services, offering new workshops and classes on stress management, mindfulness, and nutrition. The staff social club is excited to partner with this initiative, providing a safe space for staff to take breaks and recharge.

As we close out the year, we would like to remind everyone of the staff recognition awards ceremony scheduled for January 15th. This event will celebrate the outstanding contributions and dedication of our hospital staff members.

We look forward to seeing you all at our upcoming events and continuing to build a strong sense of community within our hospital family.

Best regards,
The Hospital Staff Social Club Committee",Public Administrative,PUBLIC,generated,staff social club newsletter
"The Staff Social Club Newsletter

Welcome to our latest edition! As we continue to strive for excellence in providing top-notch care, it's essential that we take time to connect with each other outside of work.

Our community service event was a huge success! Over 20 staff members participated in the local food drive, collecting over 500 pounds of non-perishable items. We were also thrilled to see our colleagues volunteer at the hospital's annual charity walk, raising awareness and funds for a great cause.

On a lighter note, our book club read and discussed ""The Guernsey Literary and Potato Peel Pie Society"" during the month of April. The discussion was lively, and we're excited to announce that our next selection will be ""The Hating Game"" by Sally Thorne. Mark your calendars for our May 15th meeting!

We're pleased to announce that our annual staff picnic has been scheduled for June 10th at the park. We'll have plenty of food, games, and activities to enjoy with colleagues and their families. Save the date!

Our wellness initiatives continue to be a priority. Remember to take advantage of our on-site fitness classes, yoga sessions, and stress-reduction workshops. You can also earn points towards our quarterly wellness challenge by participating in these activities.

Finally, we want to express our gratitude to our dedicated staff members who have gone above and beyond to ensure the smooth operation of our hospital. Your hard work and dedication do not go unnoticed.

Stay tuned for more updates, and don't forget to follow us on social media to stay connected with the Staff Social Club!

Best regards,
The Staff Social Club Committee",Public Administrative,PUBLIC,generated,staff social club newsletter
"The Hospital Staff Social Club Newsletter

As we continue to thrive as a team, it's essential that we take time to appreciate each other's hard work and dedication. Our staff social club has been busy planning various events to bring everyone together.

Last month, we organized a successful volunteer day at the local food bank. Twenty-five staff members from different departments lent a hand, collecting donations and sorting items for distribution. It was a great opportunity for us to give back to the community and make a positive impact.

Our monthly book club meeting took place on February 15th, featuring a thought-provoking discussion on ""The Power of Resilience."" The group enjoyed a presentation by a guest speaker from our hospital's Employee Assistance Program, exploring strategies for managing stress and burnout.

In other news, the Wellness Committee has launched a new initiative: ""Healthy Habits in the Workplace."" This program aims to promote healthier lifestyle choices among staff members, including regular exercise sessions, nutritional workshops, and access to on-site fitness classes.

The Staff Appreciation Committee is currently planning a surprise celebration for our hospital's annual Volunteer Recognition Day. We're grateful for the time and effort our staff members dedicate to supporting our community.

We also want to remind everyone that our quarterly Staff Social Club meeting will take place on March 22nd, featuring a catered lunch and a presentation by a popular local musician. Mark your calendars and join us for an afternoon of socializing and entertainment.

If you have any suggestions or ideas for upcoming events, please don't hesitate to reach out to the staff social club team. We look forward to seeing you at our next gathering!",Public Administrative,PUBLIC,generated,staff social club newsletter
"The Hospital Staff Social Club Newsletter is pleased to announce its latest activities and events for the quarter. As we continue to provide excellent care to our patients, it's essential that our staff members take time to relax and have fun together.

Our monthly social committee meeting took place on February 10th, where we discussed plans for upcoming events, including a spring-themed potluck dinner and a charity fundraiser. We are excited to announce that the winner of our ""Staff Member of the Month"" award was selected from among the nominees, with recognition bestowed upon a dedicated and compassionate colleague.

We would like to extend a warm welcome to our newest staff member, who joined us on January 15th. Please join us in making them feel welcome and adjusting their schedule as needed. Our employee recognition program is still active; please submit your suggestions for upcoming award presentations by the end of the month.

Our hospital's wellness initiative continues to gain momentum. The quarterly health fair will take place on March 22nd, featuring resources from local fitness centers, nutritionists, and mental health professionals. We encourage all staff members to participate in this event.

In recognition of our commitment to community service, we are pleased to announce that the Hospital Staff Social Club has partnered with a local non-profit organization to host a charity golf tournament on May 12th. Details will be shared in the coming weeks.

We invite all staff members to attend these events and continue to provide opportunities for socialization and team-building. If you have suggestions or ideas for future events, please don't hesitate to reach out to the social committee.

Thank you for your dedication and hard work. We look forward to celebrating our successes together!

Best regards,
The Hospital Staff Social Club",Public Administrative,PUBLIC,generated,staff social club newsletter
"The Hospital Staff Social Club Newsletter is pleased to announce its upcoming events for the quarter. Our first event will be a potluck dinner and game night, scheduled for March 12th at 6pm in the staff lounge. This is a great opportunity to mingle with colleagues from different departments and have some fun.

In other news, our volunteer program is now accepting applications for our annual charity run. We are seeking participants of all levels to join us for this exciting event on April 17th. For those interested, please submit your application by March 25th to be considered.

Our staff recognition program is also underway, with several team members receiving awards for their outstanding service and dedication to the hospital. Congratulations to all recipients!

Additionally, we are excited to announce that our hospital's annual summer picnic will take place on June 15th at a nearby park. This event is open to all staff members and their families, making it a great opportunity to bond with colleagues outside of work.

For those interested in participating in our new wellness initiative, we invite you to join us for a series of free yoga classes, starting on March 29th at 12pm in the hospital's fitness center. These sessions will be led by certified instructors and are designed to help reduce stress and improve overall well-being.

We hope to see you at one of our upcoming events! If you have any suggestions or ideas for future activities, please don't hesitate to reach out to us.

Best regards,
The Hospital Staff Social Club Committee",Public Administrative,PUBLIC,generated,staff social club newsletter
"The Hospital Staff Social Club Newsletter is pleased to announce its upcoming events and activities for the quarter. As we continue to work together to provide exceptional care to our community, it's essential that we take time to relax and have fun with each other.

Firstly, our monthly wine and cheese night will be held on March 15th at 5:00 PM in Conference Room A. Join us for an evening of delicious food, refreshing drinks, and engaging conversation. All staff members are welcome to attend.

On April 1st, we will be hosting a potluck dinner where everyone is encouraged to bring their favorite dish to share with colleagues. The event will take place from 12:00 PM to 1:30 PM in the hospital's cafeteria.

Additionally, our monthly book club meeting has been rescheduled for March 22nd at 3:00 PM in Conference Room B. This time, we'll be discussing ""The Nightingale"" by Kristin Hannah. All interested staff members are invited to join us and share their thoughts on this thought-provoking novel.

We would also like to remind everyone that our annual charity fundraiser is approaching quickly. The event will take place on May 10th, and we're calling on all staff members to get involved in making it a success. More details about the event will be shared in a separate newsletter soon.

Lastly, don't forget to mark your calendars for our summer volunteer day on June 20th. We'll be organizing a community clean-up initiative, and everyone is encouraged to participate.",Public Administrative,PUBLIC,generated,staff social club newsletter
"The Hospital Staff Social Club Newsletter is pleased to announce its upcoming events for the quarter. This year's theme, ""Wellness and Balance,"" aims to promote staff well-being and encourage a healthy work-life balance.

Firstly, we would like to thank our sponsors for their continued support. Their generosity has enabled us to host several successful events throughout the year, including our monthly potluck dinners and quarterly volunteer days at the local animal shelter.

Our next event is the Staff Appreciation Lunch, scheduled for March 17th at 12:30 PM in the hospital cafeteria. This will be a wonderful opportunity to connect with colleagues from different departments and enjoy some delicious food. We have arranged for a special guest speaker to talk about stress management techniques and provide tips on maintaining work-life balance.

Additionally, we are excited to announce our Spring Fling celebration on May 1st. This will be a fun-filled afternoon with games, refreshments, and music. We encourage all staff members to participate and bring their families along.

We would like to remind everyone that our Staff Social Club meetings are held every first Thursday of the month at 2 PM in room 204. All are welcome to attend and get involved in the planning of future events.

Finally, we would like to extend our gratitude to all staff members who have volunteered their time to help plan and host these events. Your dedication and enthusiasm make a significant difference in creating a positive work environment.

We look forward to seeing you at our upcoming events! If you have any suggestions or ideas for new events, please do not hesitate to reach out to us.

Best regards,
The Hospital Staff Social Club Committee",Public Administrative,PUBLIC,generated,staff social club newsletter
"The staff social club is pleased to announce its latest initiatives and events. Our goal remains to provide a platform for staff members to bond, relax, and recharge outside of their clinical responsibilities.

Recently, we have organized several successful community outreach programs in collaboration with local non-profit organizations. These partnerships aim to promote health awareness, education, and volunteer opportunities within the community. We are grateful for the support and enthusiasm shown by our staff members, who have actively participated in these initiatives.

The staff social club is also excited to announce its upcoming events calendar. Over the next few months, we will be hosting a series of workshops on stress management, mindfulness, and wellness. These sessions will provide staff with valuable tools to improve their mental health and overall well-being.

In addition, we have secured sponsorship for our annual charity event, which will take place in June. The event aims to raise funds for a local children's hospital and promote community service among our staff members. We encourage all staff to participate and contribute to this noble cause.

We would like to extend our appreciation to our sponsor partners who have supported the staff social club throughout the year. Their generosity has enabled us to organize various events and activities, which have positively impacted the lives of our staff members.

If you are interested in getting involved with the staff social club or have any suggestions for future events, please do not hesitate to reach out to us. We look forward to seeing you at our upcoming events.",Public Administrative,PUBLIC,generated,staff social club newsletter
"The Hospital Staff Social Club Newsletter is pleased to announce its upcoming events for the quarter. Our community continues to thrive, and we invite all staff members to participate.

Firstly, our annual charity fundraiser will take place on March 17th at the hospital's conference room. We have partnered with a local organization to collect donations of non-perishable food items and toiletries. Your participation is greatly appreciated, and we encourage everyone to bring their favorite dish or snack to share.

Additionally, we are excited to announce that our staff game night will be held on April 14th in the hospital's break room. We have organized a tournament with popular board games and puzzles, and prizes will be awarded to the winners. All staff members are welcome to attend and participate.

In other news, our hospital's volunteer program has been recognized by the community for its outstanding service. We would like to extend our gratitude to all the staff members who have volunteered their time and effort to support this initiative.

Furthermore, we are pleased to announce that our staff recognition program will be launching soon. This program aims to acknowledge and reward staff members' hard work and dedication to the hospital's mission. Details of the program will be shared in a separate announcement.

We would like to remind all staff members that our hospital's annual picnic is scheduled for May 22nd at the nearby park. We encourage everyone to bring their families and join us for an afternoon of fun and relaxation.

Thank you for your continued support, and we look forward to seeing you at these events.

Best regards,
The Hospital Staff Social Club Committee",Public Administrative,PUBLIC,generated,staff social club newsletter
"The Staff Social Club Newsletter is pleased to announce its upcoming events for the quarter. Our first event, a potluck dinner, will take place on March 15th in the hospital's conference room. All staff members are encouraged to participate and share their favorite dishes.

Additionally, we have arranged for a volunteer day at a local community garden on April 10th. This is an excellent opportunity to give back to the community and provide some fresh air during your break. Please RSVP by March 20th to reserve your spot.

Our annual Staff Appreciation Day will be held on May 17th in the hospital's lobby. We have planned a variety of activities, including a catered lunch, gift card giveaways, and a recognition ceremony for our staff members' hard work and dedication.

We also have some exciting updates regarding our staff social club membership drive. If you're interested in joining or renewing your membership, please visit our website or stop by the hospital's reception desk to sign up.

In other news, our charity fundraiser, ""Step Up for a Cause,"" was a huge success last year, raising over $10,000 for local health initiatives. We are already planning this year's event and would love for you to get involved. If you're interested in volunteering or donating, please contact us at [insert contact information].

As always, we appreciate your dedication to our hospital community and look forward to seeing you at our upcoming events.

Stay connected with us on social media to stay up-to-date on the latest news and announcements.",Public Administrative,PUBLIC,generated,staff social club newsletter
"Staff Social Club Newsletter - Winter Edition

As we welcome the new year, our staff social club is excited to announce a series of events and activities designed to promote team bonding and well-being. This winter edition brings you updates on upcoming events, member spotlights, and information on how to get involved.

Upcoming Events:

* Winter Wellness Fair: Join us for an afternoon of self-care activities, including massages, meditation sessions, and healthy snacks. Date: February 10th, Time: 2pm-4pm.
* Staff Talent Show: Showcase your hidden talents or skills! Our talent show is open to all staff members. Date: March 17th, Time: 5pm-6pm.
* Volunteer Day: We will be organizing a volunteer day with our local community center. Join us for a day of giving back and team building. Date: April 15th, Time: 9am-1pm.

Member Spotlight:

This month, we would like to shine the spotlight on our very own IT department! Their hard work behind the scenes ensures that our hospital runs smoothly. We appreciate all their efforts in keeping us connected.

How to Get Involved:

Are you interested in joining our staff social club? We welcome new members and encourage you to attend one of our events. To get involved, simply reply to this newsletter or speak with a member of our committee.

We hope you enjoy the rest of winter and look forward to seeing you at our upcoming events. Remember, your well-being is just as important as providing exceptional patient care.

Best regards,
The Staff Social Club Committee",Public Administrative,PUBLIC,generated,staff social club newsletter
"The Hospital Staff Social Club Newsletter is pleased to announce its upcoming events for the quarter. This month, we will be hosting a potluck dinner on Friday, March 19th at 5:30 PM in the staff lounge. All hospital staff are encouraged to attend and share their favorite dishes with colleagues.

Additionally, the club has organized a charity walk event on Saturday, April 17th, in partnership with our local community center. A portion of the proceeds will be donated to support the center's youth programs. Staff members are invited to participate and raise funds for this worthy cause.

The social club also welcomes new members and encourages current ones to invite friends and family who work at the hospital. Membership is free and open to all staff, with no requirements or obligations beyond attending a few events per quarter.

In other news, the hospital's annual spring festival will take place on May 1st in the parking lot. The event will feature live music, food vendors, and games for all ages. Staff members are encouraged to participate as volunteers or simply enjoy the festivities with colleagues and their families.

The social club's next meeting will be held on April 15th at 3:00 PM in Conference Room A. All staff members are welcome to attend and provide input on future events and activities.

We look forward to seeing you at our upcoming events! If you have any ideas or suggestions for the social club, please don't hesitate to reach out to us at [insert contact information].",Public Administrative,PUBLIC,generated,staff social club newsletter
"The hospital's staff social club is pleased to announce its upcoming events for the quarter. This month, we will be hosting a volunteer day at the local food bank, where staff members can come together and give back to the community.

On the 15th of March, we will be organizing a charity run/walk event, with proceeds going towards supporting hospital staff well-being initiatives. Registration details are as follows: Event ID: HH-001, Date: 15th March, Start Time: 8am, Location: City Park.

In addition to these events, the staff social club is also planning a summer BBQ and outdoor games day. This will be held on the last weekend of June at the hospital grounds, starting at 12pm. All staff members are invited to attend and enjoy some well-deserved relaxation time.

We would like to remind everyone that the staff referral program is still active, with rewards available for staff who refer their colleagues to participate in club events. For more information on this program, please visit our website or speak to a member of the staff social club committee.

The hospital's annual summer festival will be taking place from 1st to 3rd July. The event promises to be a fun-filled weekend with live music, food stalls, and plenty of activities for all ages. Mark your calendars and we look forward to seeing you there!

If you have any suggestions or ideas for future events, please don't hesitate to reach out to the staff social club committee. Your input is invaluable in helping us plan exciting and inclusive events for everyone.

We would like to thank our corporate sponsors for their continued support of the hospital's staff social club. Their partnership has enabled us to host a wide range of events and activities throughout the year.",Public Administrative,PUBLIC,generated,staff social club newsletter
"The hospital's staff social club has been busy planning for our upcoming charity event, ""Health Happens."" We are excited to announce that this year's event will be held at a local community center and will feature a silent auction, raffle prizes, and refreshments.

Our team of volunteers has been working diligently to collect donations from local businesses and individuals. We have received an impressive array of items, including gift certificates, spa services, and unique experiences. The funds raised from this event will support our hospital's employee assistance program, which provides financial assistance to staff members in need.

In addition to the charity event, we are also organizing a series of wellness workshops throughout the year. These sessions will focus on topics such as stress management, mindfulness, and nutrition, and will be led by certified instructors. We encourage all staff members to attend these events and take advantage of the resources available to them.

We would like to thank our sponsors for their ongoing support. Without their generosity, we wouldn't be able to host these events and make a positive impact on our community. If you are interested in learning more about how your business can get involved, please don't hesitate to reach out to us.

The staff social club is also seeking new members. We welcome any staff member who is interested in getting involved and making a difference in the lives of their colleagues. If you're interested in joining our team, please contact us at the staff social club office.

We look forward to seeing you at ""Health Happens"" and other upcoming events!",Public Administrative,PUBLIC,generated,staff social club newsletter
"Staff Social Club Newsletter

As we approach the end of Q2, our staff social club is gearing up for some exciting events. Our next outing will be a picnic in the park on Friday, June 17th at 12:30 PM. We encourage all staff members to join us and enjoy some well-deserved relaxation time.

We are pleased to announce that we have secured a new sponsor for our monthly potluck dinner series. This year's sponsor is Smith & Co., a local business that values the contributions of our hospital team members. They will be providing a catered meal for all staff who attend the dinner, which will take place on the third Thursday of every month.

Our summer volunteer program is now open for registration. We are looking for staff members to participate in various community outreach events, such as hospital visits and charity walks. If you're interested in getting involved, please contact our volunteer coordinator by June 1st.

We would like to extend our gratitude to the following staff members who have gone above and beyond in their roles: the maintenance team for their hard work in keeping our facilities clean and safe, and the IT department for their exceptional technical support.

In other news, we will be hosting a summer wellness fair on July 15th at 2 PM. The event will feature health screenings, fitness classes, and information booths from local health organizations. We invite all staff members to attend and learn more about how to maintain a healthy lifestyle.

For more information on our upcoming events and activities, please visit our website or stop by the staff social club office.",Public Administrative,PUBLIC,generated,staff social club newsletter
"The Hospital Staff Social Club Newsletter

Welcome to our latest edition of the Staff Social Club Newsletter! We hope this publication finds you well and that you have had a chance to take advantage of some of the wonderful events we have planned for you.

As you may know, our staff social club has been working hard to bring you new and exciting opportunities to unwind and have fun outside of work. Our recent volunteer day at the local food bank was a huge success, with over 50 staff members lending their time to help make a difference in our community. We are grateful for the enthusiasm and dedication shown by our team.

We also had the pleasure of hosting a staff appreciation breakfast event, where we celebrated the hard work and commitment of our entire hospital team. It was wonderful to see so many smiling faces and feel the warmth of camaraderie among colleagues.

Looking ahead, we have some exciting events planned for the coming months. Our annual summer BBQ will take place on July 15th, and we encourage all staff members to attend. We are also planning a charity golf tournament in September, with proceeds going towards supporting local healthcare initiatives.

If you would like to get involved with our social club or have any suggestions for future events, please don't hesitate to reach out to us. Your ideas and input are invaluable to us, and we look forward to hearing from you.

Thank you again for your hard work and dedication to our hospital community. We are proud to be a part of such a talented and compassionate team.

Best regards,
The Hospital Staff Social Club Committee",Public Administrative,PUBLIC,generated,staff social club newsletter
"The Hospital Staff Social Club Newsletter

Welcome to our winter edition! As we navigate the chilly months, we want to remind you of the upcoming events and activities planned by your social club committee.

Firstly, we would like to express our gratitude to all staff members for their dedication and hard work. Your tireless efforts have not gone unnoticed, and we are thrilled to celebrate this with you in the coming weeks.

The Committee has arranged a series of gatherings, including:

- Annual Staff Appreciation Day on February 15th
- Team-building workshop at a local escape room facility on March 10th
- Winter-themed potluck dinner at the hospital cafeteria on January 25th

We have also partnered with a local wellness center to offer exclusive discounts to our staff members for massages and fitness classes. Please visit their website or speak with your supervisor for more information.

The Committee is always looking for new ideas and suggestions from you! If you have any requests or would like to volunteer, please do not hesitate to reach out.

Additionally, we are pleased to announce that our charity of the year will be benefiting a local children's literacy program. We encourage all staff members to participate in our fundraising activities throughout the year.

Thank you for your continued support and cooperation. If you have any questions or feedback, please feel free to contact us at [insert contact information].

Best regards,
The Hospital Staff Social Club Committee",Public Administrative,PUBLIC,generated,staff social club newsletter
"The Staff Social Club Newsletter has been published bi-monthly for the past year, providing a platform for staff to connect and engage with one another outside of work. The initiative has seen great success, with over 75% of eligible staff members participating in at least one event.

Our recent event, ""Staff Appreciation Day,"" was a huge hit, with over 200 attendees and numerous positive feedback sessions. The day featured a range of activities, including a charity auction, a networking lunch, and a series of team-building games. We are thrilled to announce that the event raised an impressive amount for our hospital's chosen charity.

In line with our commitment to diversity and inclusion, we have launched a new employee resource group (ERG) focused on promoting cultural awareness and exchange. The ERG will meet monthly to discuss topics such as cultural traditions, language skills, and intercultural communication.

We are pleased to announce that our staff social club has been awarded the ""Best Workplace Initiative"" award by a leading industry publication. This recognition is a testament to the hard work and dedication of our staff in creating a positive and supportive work environment.

Looking ahead, we have several exciting events planned for the coming months, including a summer picnic, a volunteer day, and a series of wellness workshops. These events are designed to promote staff well-being, build camaraderie, and foster a sense of community within our hospital family.

We would like to thank all staff members who have contributed to the success of our staff social club. Your participation and enthusiasm are what make these events so special.",Public Administrative,PUBLIC,generated,staff social club newsletter
"The Hospital Staff Social Club Newsletter is pleased to announce its upcoming events for the quarter. Our team has been working hard to plan exciting activities that bring staff together and promote a sense of community.

Firstly, we are organizing a charity fundraiser on March 17th, where all proceeds will go towards supporting our hospital's annual volunteer program. The event will take place in the conference room from 2 pm to 4 pm, and we encourage everyone to participate.

Additionally, our wellness committee has planned a series of mindfulness sessions throughout the month. These sessions will be held every Wednesday at 12:30 pm in the staff lounge and are free of charge. Our aim is to provide a stress-free environment for staff to relax and recharge.

The hospital's employee recognition program will also be featured this quarter. We will be showcasing outstanding contributions made by our colleagues, highlighting their achievements and expressing gratitude for their dedication to our organization.

Furthermore, we are excited to announce that the Hospital Staff Social Club has been awarded a grant to support local community projects. The club will be working closely with various organizations to provide opportunities for staff to get involved in volunteer work and community service.

We would like to extend our gratitude to all staff members who have participated in our previous events. Your enthusiasm and participation are what make our social club so successful. We look forward to seeing you at our upcoming events.

Best regards,
The Hospital Staff Social Club Committee",Public Administrative,PUBLIC,generated,staff social club newsletter
"The Hospital Staff Social Club Newsletter

Welcome to our latest edition of the Hospital Staff Social Club Newsletter! We hope this publication finds you well and that you're as excited as we are about the upcoming events and activities planned for the coming months.

Firstly, we'd like to express our gratitude to all staff members who have participated in our recent charity bake-off competition. The funds raised will go towards supporting a local community organization, and we're thrilled to be able to make a positive impact on our surrounding area.

In other news, our monthly book club will be meeting on the 15th of this month to discuss a thought-provoking novel about teamwork and collaboration. We encourage all staff members to join us for an engaging and insightful discussion.

Our hospital's annual summer picnic is fast approaching, and we're excited to announce that it will take place on the 20th of June at our outdoor recreation area. The event promises to be a fun-filled afternoon with delicious food, refreshing drinks, and exciting games.

We'd also like to remind staff members that our employee recognition program is now open for nominations. If you know someone who goes above and beyond in their role, please submit their name and reasons why they deserve recognition.

Finally, we're pleased to announce that our hospital's wellness initiative will be launching a new program focusing on mental health awareness. We'll be sharing more information about the program in future editions of this newsletter.

We hope you enjoy reading this edition of the Hospital Staff Social Club Newsletter. If you have any feedback or suggestions for upcoming events, please don't hesitate to reach out to us.

Best regards,
The Hospital Staff Social Club Committee",Public Administrative,PUBLIC,generated,staff social club newsletter
"The Staff Social Club Newsletter for the third quarter of the year is now available. This edition highlights some exciting events and updates from around the hospital.

Our first major event was the successful completion of the Hospital Clean-Up Initiative, organized by our Facilities Team. The initiative aimed to tidy up common areas throughout the hospital, reducing waste and promoting a more pleasant work environment. A big thank you to everyone who participated and contributed to this project.

This quarter has also seen a number of staff-led initiatives, including the launch of a new employee wellness program. This program aims to promote healthy lifestyles among staff members, providing access to fitness classes, nutrition workshops, and mental health resources.

A popular activity for staff has been our monthly book club, which has welcomed members from various departments. The latest book selection was 'The Seven Husbands of Evelyn Hugo' by Taylor Jenkins Reid. Discussions were lively, and we're already looking forward to the next installment.

Our social committee is always on the lookout for new ideas and suggestions. If you have a great idea for an event or activity, please don't hesitate to reach out to us. We welcome your input and look forward to celebrating our diversity as a team.

Finally, a reminder that our annual staff appreciation day will take place in December. This is a wonderful opportunity to recognize the dedication and hard work of all hospital staff members. Dates and details will be announced closer to the event.

If you have any questions or would like to get involved with our social committee, please contact us at [hospital email].",Public Administrative,PUBLIC,generated,staff social club newsletter
"The Hospital Staff Social Club Newsletter is pleased to announce its upcoming events for the month of March. Our club aims to foster a sense of community and camaraderie among our staff members, providing a much-needed break from the demands of their daily work.

Firstly, we would like to extend our gratitude to all staff members who participated in last month's charity fundraiser, which raised an impressive amount for our hospital's charity fund. The event was a huge success, and we are thrilled to see our staff coming together to support a worthy cause.

This month, the Staff Social Club is excited to host a series of social events, including a team lunch at a local restaurant, a game night with prizes, and a volunteer day at a nearby community center. These events are designed to bring our staff together, relax them, and give them an opportunity to recharge.

We also have some exciting news about our new partnership with a local wellness center, which will offer exclusive discounts to our staff members. This partnership is part of our ongoing efforts to promote the well-being of our staff and provide them with access to resources that can help them lead healthier lives.

If you are interested in participating in any of these events or would like more information about our partnership with the wellness center, please contact us at [insert contact information]. We look forward to seeing you there!

We also have a few reminders: the next staff meeting will be held on March 15th, and we encourage all staff members to attend. Additionally, please note that the hospital's spring flotilla is scheduled for April 1st – mark your calendars!

Please join us in celebrating the spirit of teamwork and camaraderie that makes our hospital such a great place to work.

Best regards,
The Hospital Staff Social Club",Public Administrative,PUBLIC,generated,staff social club newsletter
"NOTICE OF GENERAL HEALTH AND SAFETY POLICY

In order to maintain a safe and healthy environment for all staff, patients, and visitors, we are committed to upholding the highest standards of health and safety in our hospital.

All employees are expected to comply with this policy and report any incidents or near-misses to their supervisor immediately. This includes but is not limited to:

* Reporting any hazards or risks that could potentially harm others
* Informing management of any personal injuries or illnesses that may impact work ability
* Participating in regular health and safety training sessions
* Adhering to all relevant health and safety policies and procedures

The hospital is committed to providing a safe working environment, free from bullying, harassment, and discrimination. All employees are expected to treat each other with respect and dignity, regardless of position or role.

To ensure the well-being of our patients, we have implemented various measures to prevent the spread of infections and maintain high standards of hygiene. These include:

* Regular cleaning and disinfection of patient areas
* Proper handwashing and personal hygiene practices among staff
* Use of personal protective equipment (PPE) as required

We also have a zero-tolerance policy for smoking and the use of e-cigarettes in hospital premises.

By following this health and safety policy, we can work together to create a safe and healthy environment that benefits everyone. We appreciate your cooperation and commitment to upholding these standards.

If you have any questions or concerns regarding this policy, please do not hesitate to contact your supervisor or HR representative.

Sincerely,
[Your Hospital Name]",Public Administrative,PUBLIC,generated,general health and safety notice
"NOTICE OF GENERAL HEALTH AND SAFETY POLICY

The hospital is committed to maintaining a safe and healthy environment for all employees, patients, visitors, and contractors. As part of our ongoing efforts to ensure compliance with regulatory requirements and industry standards, we are providing this general health and safety notice.

The hospital has implemented various policies and procedures to minimize the risk of injury or illness associated with work-related activities. These include:

* Regular maintenance and inspection of equipment and facilities to prevent mechanical failures
* Provision of personal protective equipment (PPE) for employees performing high-risk tasks
* Implementation of safe lifting techniques and manual handling training
* Maintenance of a clean and hygienic environment, including regular cleaning and disinfection schedules

Employees are expected to adhere to these policies and procedures at all times while on duty. Failure to comply may result in disciplinary action.

The hospital has also implemented various measures to prevent the spread of infectious diseases, including:

* Enhanced cleaning and disinfection protocols
* Provision of hand hygiene facilities and training
* Implementation of isolation procedures for employees who are ill

Visitors are also expected to adhere to hospital policies regarding health and safety, including wearing PPE when required and following instructions from hospital staff.

The hospital is committed to providing a safe and healthy environment for all. If you have any concerns or suggestions regarding health and safety, please do not hesitate to contact your supervisor or HR representative.

By implementing these measures, we can work together to prevent injuries and illnesses and ensure the well-being of our employees, patients, and visitors.",Public Administrative,PUBLIC,generated,general health and safety notice
"NOTICE OF GENERAL HEALTH AND SAFETY POLICY

As part of our commitment to providing a safe and healthy environment for all staff, patients, visitors, and contractors, we are reminded that health and safety is everyone's responsibility. This notice outlines our general health and safety policy and expectations.

The hospital is committed to maintaining a clean, safe, and respectful work environment. We expect all staff to adhere to the following guidelines:

- All staff must report any hazards or incidents immediately to their supervisor or HR department.
- Personal protective equipment (PPE) will be provided for hazardous tasks. Staff are expected to wear PPE as required.
- Smoking is strictly prohibited on hospital premises, including outdoor areas and designated smoking zones.
- Electronic devices should not be used while working with hazardous materials or in areas where they may distract staff from their duties.

The safety of our patients and visitors is paramount. We expect all staff to:

- Be mindful of patients' dignity and confidentiality at all times.
- Maintain a clean and organized work environment, including patient rooms and common areas.
- Use proper hand hygiene and infection control procedures when interacting with patients or handling medical equipment.
- Report any concerns or incidents related to patient safety immediately.

We also expect visitors and contractors to respect hospital policies and procedures. This includes adhering to visitor hours, wearing required PPE, and following all instructions from hospital staff.

By following this general health and safety policy, we can work together to maintain a safe and healthy environment for everyone. If you have any concerns or suggestions, please contact your supervisor or HR department.",Public Administrative,PUBLIC,generated,general health and safety notice
"NOTICE OF GENERAL HEALTH AND SAFETY POLICY

The hospital is committed to providing a safe and healthy work environment for all employees, visitors, and contractors. The following policy outlines our expectations for maintaining a healthy and safe workplace.

All employees are expected to adhere to the following health and safety guidelines:

- Report any hazards or concerns to their supervisor or the designated Health and Safety Officer immediately.
- Wear personal protective equipment (PPE) as required by job duties or exposure levels.
- Follow established protocols for cleaning, disinfection, and waste disposal.
- Maintain a clean and organized workspace to prevent slips, trips, and falls.

The hospital is committed to providing a smoke-free environment. Smoking is not permitted anywhere on hospital premises, including outdoor areas and vehicles.

All employees are expected to adhere to the following infection control guidelines:

- Wash hands frequently with soap and water for at least 20 seconds.
- Use hand sanitizer when soap and water are not available.
- Report any spills or accidents to the designated Health and Safety Officer immediately.

The hospital is committed to providing a safe and healthy environment for all employees, visitors, and contractors. Any breaches of this policy will be addressed promptly and may result in disciplinary action.

This policy is subject to change at any time, and employees are expected to familiarize themselves with the current policy.

Please direct any questions or concerns regarding this policy to the designated Health and Safety Officer.

Date: [Insert Date]",Public Administrative,PUBLIC,generated,general health and safety notice
"NOTICE OF GENERAL HEALTH AND SAFETY POLICIES AND PROCEDURES

As part of our ongoing commitment to providing a safe and healthy environment for all employees, visitors, and patients, we are reminded of the importance of adhering to established health and safety policies and procedures.

All staff members are expected to familiarize themselves with the following guidelines:

* All areas of the hospital are subject to regular cleaning and disinfection protocols. Employees are required to report any spills or messes immediately to the facilities department.
* Personal protective equipment (PPE) must be worn at all times when working with chemicals, handling sharp objects, or performing tasks that may pose a risk to employee safety.
* The use of electrical appliances is strictly prohibited in areas where water is present. Employees are responsible for ensuring that all electrical equipment is properly installed, maintained, and stored.
* Smoking and vaping are not permitted anywhere on hospital premises.
* Emergency procedures, including evacuation protocols and first aid response, will be reviewed annually and updated as necessary.

All employees are also expected to report any incidents or near-misses promptly to their supervisor or the facilities department. This includes slips, trips, and falls, as well as any other accidents or close calls.

We take the health and safety of our staff and visitors very seriously and encourage everyone to take an active role in maintaining a safe environment. If you have any concerns or suggestions regarding these policies and procedures, please do not hesitate to reach out to your supervisor or HR representative.

By adhering to these guidelines, we can work together to prevent injuries and illnesses and maintain a healthy and productive work environment.",Public Administrative,PUBLIC,generated,general health and safety notice
"To: All Hospital Staff

From: [Department of Health and Safety]

Subject: General Health and Safety Notice

As we continue to provide high-quality care to our patients, it is essential that we maintain a safe and healthy environment for all staff members. The following guidelines and procedures are in place to ensure your safety and well-being while performing your duties.

To minimize the risk of injury or illness, please follow these general health and safety practices:

- Report any accidents, incidents, or near-miss events to the designated incident reporting system immediately.
- Wear personal protective equipment (PPE) as required for each task or activity.
- Ensure that all clinical areas are well-lit, clean, and free from clutter.
- Use ergonomic equipment and maintain proper lifting techniques to prevent musculoskeletal injuries.
- Maintain accurate records of inventory, supplies, and equipment to ensure adequate stock levels.
- Participate in regular training sessions on infection control, fire safety, and emergency procedures.

We also remind you that regular cleaning and disinfection schedules are in place for all public areas, including patient rooms, corridors, and bathrooms. These schedules can be found in the hospital's environmental health manual.

Your cooperation and attention to these guidelines are essential in maintaining a safe and healthy work environment. If you have any concerns or suggestions regarding your safety, please do not hesitate to reach out to the department of health and safety.

Date: [Insert Date]

Please sign and return the acknowledgement form attached to this notice to confirm that you have read and understood the contents.",Public Administrative,PUBLIC,generated,general health and safety notice
"NOTICE OF GENERAL HEALTH AND SAFETY POLICY

As part of our commitment to providing a safe and healthy work environment, we are reminding all staff members of their responsibility to maintain a safe and clean workplace. Our hospital is dedicated to ensuring that all patients receive high-quality care in a setting that is free from hazards and risks.

To achieve this goal, we have established the following general health and safety policies:

All staff members are required to report any incidents or near-misses to the designated incident reporting officer immediately. This includes spills, accidents, or other events that may pose a risk to patient safety or hospital operations.

The use of personal protective equipment (PPE) is mandatory for all staff members who work with hazardous materials or in areas where there is a risk of exposure. PPE must be worn at all times when required and must be properly maintained and cleaned.

Regular cleaning and maintenance of hospital facilities, including patient rooms, corridors, and common areas, are essential to preventing the spread of infection and maintaining a clean environment.

Staff members are responsible for adhering to all safety protocols and procedures, including those related to fire evacuation, emergency response, and waste disposal.

We will conduct regular health and safety training sessions to ensure that all staff members are aware of their responsibilities and have the necessary knowledge to perform their duties safely. Your cooperation and commitment to maintaining a safe and healthy work environment is essential to our continued success.

If you have any questions or concerns regarding these policies, please do not hesitate to contact your supervisor or the designated health and safety officer.",Public Administrative,PUBLIC,generated,general health and safety notice
"NOTICE: General Health and Safety Guidelines for All Hospital Staff

In order to maintain a safe and healthy environment for all patients, visitors, and staff members, we are reminded of the importance of adhering to our general health and safety guidelines.

All hospital staff are expected to follow these guidelines at all times while on duty:

* Wash hands frequently with soap and water for at least 20 seconds, particularly after using the restroom, before eating, and after handling bodily fluids.
* Report any spills or accidents immediately to their supervisor or the facilities management team.
* Ensure that all areas of the hospital are clean and free from clutter, including floors, hallways, and patient rooms.
* Use personal protective equipment (PPE) as required, such as gloves and masks, when handling bodily fluids or coming into contact with infectious materials.
* Be mindful of fire safety and take steps to prevent fires, such as keeping flammable materials away from heat sources and using fire extinguishers in accordance with manufacturer instructions.
* Respect the dignity and confidentiality of all patients, including their right to privacy.

Additionally, we remind staff members that:

* The hospital is a smoke-free environment.
* Food and drink are not permitted in patient rooms or common areas unless specifically authorized by management.
* All electrical appliances must be used in accordance with manufacturer instructions and with caution to avoid overheating or electrical shock.
* Reporting incidents, near misses, and concerns should be made to the designated reporting officer.

By following these guidelines, we can maintain a safe and healthy environment for everyone. If you have any questions or concerns, please do not hesitate to reach out to your supervisor or the facilities management team.

Thank you for your cooperation and commitment to our health and safety policies.

Sincerely,
[ Hospital Administration ]",Public Administrative,PUBLIC,generated,general health and safety notice
"NOTICE OF GENERAL HEALTH AND SAFETY POLICY

As part of our commitment to providing a safe and healthy environment for all staff, patients, visitors, and contractors, we are reminding everyone of the importance of adhering to our general health and safety policy.

The hospital is committed to maintaining high standards of hygiene, infection control, and waste management. To achieve this, we require all staff and visitors to follow strict guidelines when using hospital facilities and equipment.

All individuals entering the hospital must wash their hands thoroughly with soap and water before entering patient areas. Hand sanitizer will be provided in designated locations throughout the facility.

Proper use of personal protective equipment (PPE) is mandatory when working with hazardous materials or in areas where infection control measures are in place. Staff are expected to familiarize themselves with our PPE policy and follow instructions from supervisors.

The hospital has implemented a comprehensive cleaning schedule to ensure all areas are thoroughly cleaned and disinfected on a regular basis. However, staff are still required to report any spills or accidents promptly to the facilities team.

To minimize the risk of falls, staff are reminded to maintain good lighting in corridors and patient areas. Additionally, wheelchair users must be provided with assistance when necessary.

By following these guidelines, we can work together to create a safe and healthy environment for everyone. Any breaches of this policy will be addressed promptly and may result in disciplinary action.

If you have any questions or concerns regarding our health and safety policy, please do not hesitate to contact the facilities department.

Sincerely,
[ Hospital Management ]",Public Administrative,PUBLIC,generated,general health and safety notice
"NOTICE: General Health and Safety Protocol

As part of our commitment to providing a safe environment for all employees, visitors, and patients, we are reminded of the importance of adhering to our general health and safety protocol. The following guidelines are in place to minimize the risk of injury or illness:

All staff members are required to wash their hands thoroughly with soap and water for at least 20 seconds prior to entering patient areas. This is especially important during flu season, when the risk of transmission is higher.

The use of personal protective equipment (PPE) is mandatory in all departments where there is a risk of exposure to bodily fluids or infectious agents. PPE includes gloves, masks, and eye protection. Staff members are expected to familiarize themselves with the proper use and disposal of PPE.

All employees must report any accidents or near-miss incidents promptly to their supervisor or the facilities department. This ensures that necessary actions can be taken to prevent future occurrences.

Regular cleaning and disinfection schedules will be implemented in all areas, including patient rooms, common spaces, and high-touch surfaces. This includes the use of disinfectants approved by the Centers for Disease Control and Prevention (CDC).

Staff members are also required to report any concerns or hazards they encounter during their workday. This could include anything from a slippery floor to an inadequate supply of cleaning products.

Your cooperation and adherence to these guidelines are crucial in maintaining a safe environment for everyone within our facilities. If you have any questions or concerns, please do not hesitate to reach out to your supervisor or the facilities department.",Public Administrative,PUBLIC,generated,general health and safety notice
"To: All Hospital Staff

As part of our ongoing commitment to providing a safe and healthy work environment, we would like to remind everyone of the importance of adhering to our health and safety policies.

The hospital is committed to maintaining a workplace free from hazards that could result in injury or illness. This includes ensuring that all equipment is properly maintained, cleaned, and stored, as well as providing adequate lighting and ventilation throughout the building.

All staff members are expected to report any maintenance issues, accidents, or near-misses to the facilities management team immediately. This includes reporting any spills, leaks, or other incidents that could pose a risk to health and safety.

The hospital also has strict policies in place regarding fire safety, including regular fire drills, fire extinguisher training, and the proper disposal of flammable materials. Staff members are expected to be familiar with these procedures and to participate in fire drills as scheduled.

Additionally, we would like to remind everyone that our hospital is a smoke-free zone, both indoors and outdoors. This includes all staff members, visitors, and contractors.

We take the health and safety of our staff very seriously and expect everyone's cooperation in maintaining a safe work environment. If you have any questions or concerns about our health and safety policies, please do not hesitate to contact the facilities management team.

Let us work together to maintain a safe and healthy workplace for all.

Sincerely,
Hospital Management",Public Administrative,PUBLIC,generated,general health and safety notice
"NOTICE OF GENERAL HEALTH AND SAFETY POLICY

As part of our ongoing commitment to providing a safe and healthy environment for all staff, patients, and visitors, we are reminded that health and safety is an integral part of our daily operations.

All employees are expected to adhere to the following guidelines:

- Personal Protective Equipment (PPE) must be worn at all times when entering or working in areas where chemical spills have occurred.
- The proper use of cleaning supplies and chemicals requires careful handling, storage, and disposal. Employees should follow established procedures for mixing, applying, and disposing of these products.

We also require the following safety protocols:

- Emergency evacuation drills will be conducted quarterly to ensure that all staff are aware of their designated exit routes.
- First aid kits must be checked and restocked regularly to ensure they contain essential supplies.
- Report any hazards or incidents involving equipment malfunctions to maintenance personnel immediately.

All staff members have a responsibility for maintaining a clean, safe, and hygienic environment. This includes adhering to proper hand hygiene procedures, washing hands frequently with soap and water, and reporting any spills or accidents promptly.

We will conduct regular safety training sessions to ensure all employees are aware of their roles in maintaining a healthy work environment. Failure to comply with these guidelines may result in disciplinary action.

If you have any suggestions for improving our health and safety policies, please contact the designated Safety Officer.",Public Administrative,PUBLIC,generated,general health and safety notice
"To: All Hospital Staff and Visitors

From: [Hospital Administration]

Subject: General Health and Safety Notice

As we continue to prioritize the well-being of our patients, visitors, and staff, it is essential that we maintain a safe and healthy environment within our hospital facilities. To achieve this, we would like to remind everyone of the following general health and safety guidelines:

All staff members are expected to adhere to the following protocols:

* Wash your hands frequently with soap and water for at least 20 seconds, especially after using the restroom, before eating, and after interacting with patients.
* Report any spills, leaks, or other hazards immediately to the maintenance team or security personnel.
* Use personal protective equipment (PPE) such as masks, gloves, and eye protection when required.
* Be mindful of your surroundings and report any unusual behavior or incidents to the authorities.

Visitors are also expected to follow these guidelines:

* Wear clothing that covers all skin, avoiding loose jewelry and open-toed shoes.
* Avoid bringing food or drinks into patient rooms or other areas where food is not permitted.
* Refrain from smoking or vaping within hospital premises.
* Keep noise levels down in quiet areas.

To minimize the risk of infection, we kindly request that:

* All patients be kept at least 3 meters away from each other at all times.
* Visitors limit their interaction with patients to essential visits only.
* Patients and visitors refrain from touching surfaces or objects that may come into contact with others.

Your cooperation and commitment to these guidelines are greatly appreciated. If you have any questions or concerns, please do not hesitate to reach out to your supervisor or the hospital administration team.

Thank you for your help in maintaining a safe and healthy environment within our hospital.

Sincerely,
Hospital Administration",Public Administrative,PUBLIC,generated,general health and safety notice
"To: All Hospital Staff

From: Hospital Management

Subject: General Health and Safety Notice

As we continue to provide high-quality care to our patients, it is essential that we maintain a safe and healthy environment for everyone in the hospital. The following guidelines are designed to promote a culture of safety and prevent accidents.

All staff members are expected to follow these procedures:

* Wear personal protective equipment (PPE) as required by their job function.
* Report any hazards or maintenance issues to the facilities management team immediately.
* Use stairwells instead of elevators whenever possible, unless medically necessary.
* Keep walkways clear of clutter and tripping hazards.
* Follow proper infection control procedures when handling patient care items.

All patients have the right to a safe and clean environment. We are committed to providing this level of service and expect all staff members to contribute to this effort.

Additionally, we will be conducting regular fire drills and emergency training sessions. These sessions will help ensure that everyone is prepared in case of an emergency.

Your cooperation and attention to these procedures are crucial in maintaining a safe hospital environment. If you have any questions or concerns, please do not hesitate to reach out to your supervisor or the facilities management team.

Thank you for your commitment to our patients' safety and well-being.

Sincerely,
Hospital Management",Public Administrative,PUBLIC,generated,general health and safety notice
"TO: All Hospital Staff

FROM: [Hospital Administration]

SUBJECT: General Health and Safety Notice

As we continue to prioritize the well-being and safety of our patients, visitors, and staff, it is essential that we maintain a culture of awareness and responsibility in maintaining a safe working environment.

Recent inspections have highlighted several areas where improvements can be made to enhance overall health and safety standards. Specifically, there have been concerns raised regarding:

* Adequate lighting and ventilation in common areas
* Proper disposal of hazardous materials and chemicals
* Maintenance of equipment and machinery in good working order

To address these issues, we are implementing the following measures:

* Regular checks will be conducted to ensure that all common areas meet the required standards for lighting and ventilation.
* Training sessions will be provided to staff on safe handling and disposal procedures for hazardous materials and chemicals.
* A comprehensive maintenance schedule has been implemented to ensure that all equipment and machinery are regularly inspected and maintained.

All staff members are expected to report any concerns or incidents related to health and safety to their supervisor or the designated safety officer. We encourage an open-door policy, where everyone feels comfortable reporting any issues without fear of retribution.

Your cooperation and commitment to maintaining a safe working environment are greatly appreciated. If you have any questions or concerns, please do not hesitate to reach out to your supervisor or the hospital administration.

Thank you for your attention to this matter.

Sincerely,
[Hospital Administration]",Public Administrative,PUBLIC,generated,general health and safety notice
"NOTICE OF GENERAL HEALTH AND SAFETY POLICY

As part of our ongoing commitment to providing a safe and healthy environment for all employees, visitors, and patients, we are reminding everyone of the importance of adhering to our general health and safety policy.

The hospital is committed to maintaining a safe working environment that promotes the well-being and safety of all individuals. This includes preventing the spread of illness and infection, as well as protecting against accidents and injuries.

To achieve this goal, it is essential that all employees, visitors, and patients comply with the following guidelines:

* Wash hands frequently and thoroughly with soap and water for at least 20 seconds
* Cover coughs and sneezes with a tissue or dispose of them in a designated receptacle
* Avoid close contact with individuals who are experiencing symptoms of illness, such as fever, coughing, or sore throat
* Report any accidents or near-misses to the designated safety officer immediately
* Follow all signs and instructions from hospital staff regarding evacuation procedures, emergency response, and other safety protocols

Additionally, we require that all employees participate in regular health and safety training sessions to stay informed about new policies and procedures.

We take the health and safety of everyone in our care seriously, and we expect everyone to do their part in maintaining a safe and healthy environment. Any concerns or suggestions regarding this policy should be directed to the designated safety officer.

By adhering to this policy, we can work together to prevent accidents, reduce the risk of illness, and promote a culture of health and safety within our hospital community.",Public Administrative,PUBLIC,generated,general health and safety notice
"To: All Hospital Staff and Visitors

From: [Hospital Name] Health, Safety, and Environment Department

Subject: General Health and Safety Notice

As part of our ongoing commitment to maintaining a safe and healthy environment for all, we would like to remind everyone of the importance of adhering to our health and safety policies and procedures.

The hospital is committed to providing a workplace that is free from hazards and risks. However, accidents can still occur, and it is essential that we all take steps to minimize the risk of injury or illness.

To ensure compliance with relevant laws and regulations, please note the following key points:

* All areas of the hospital are subject to regular cleaning and disinfection schedules.
* Personal protective equipment (PPE) must be worn in designated high-risk areas, such as laboratories and operating rooms.
* Fire safety procedures should be familiarized with and followed at all times.
* The disposal of hazardous waste is strictly regulated and must be carried out through authorized channels.

Additionally, we would like to remind everyone of the importance of:

* Reporting any incidents or near-misses to the Health, Safety, and Environment Department immediately.
* Participating in regular training sessions on health and safety topics.
* Maintaining a clean and organized workspace to reduce the risk of tripping or slipping hazards.

Your cooperation and commitment to maintaining a healthy and safe environment are essential to our continued success. If you have any questions or concerns regarding health and safety policies, please do not hesitate to contact the Health, Safety, and Environment Department.

Thank you for your attention to this matter.

Sincerely,
[Hospital Name] Health, Safety, and Environment Department",Public Administrative,PUBLIC,generated,general health and safety notice
"TO: All Hospital Staff

FROM: [Hospital Administration]

SUBJECT: General Health and Safety Notice

As part of our ongoing commitment to providing a safe and healthy work environment, we would like to remind all staff members of their responsibilities regarding general health and safety.

The hospital is committed to maintaining a workplace free from hazards and ensuring the well-being of its employees. To achieve this, it is essential that all staff adhere to established policies and procedures, including those related to personal protective equipment (PPE), fire safety, and emergency protocols.

Staff are expected to report any incidents or near-misses to their supervisor or the health and safety department immediately. This includes reporting accidents involving PPE, injuries sustained while performing work-related tasks, or any other incidents that may pose a risk to themselves or others.

The hospital also emphasizes the importance of maintaining good hygiene practices, including regular handwashing, proper use of cleaning supplies, and adherence to designated cleaning schedules. Additionally, staff are reminded to report any equipment malfunctions or hazards to their supervisor or maintenance personnel promptly.

To ensure compliance with relevant regulations and industry standards, all staff are required to participate in annual health and safety training sessions. These sessions will cover essential topics such as PPE usage, fire evacuation procedures, and emergency response protocols.

Your cooperation and commitment to maintaining a safe working environment are greatly appreciated. If you have any questions or concerns regarding this notice, please do not hesitate to contact the health and safety department.

Sincerely,

[Hospital Administration]",Public Administrative,PUBLIC,generated,general health and safety notice
"NOTICE OF GENERAL HEALTH AND SAFETY POLICY

As part of our commitment to providing a safe and healthy environment for all staff, patients, and visitors, we are reiterating our general health and safety policy.

All employees are responsible for adhering to this policy and reporting any incidents or hazards that may pose a risk to the health and well-being of others. This includes but is not limited to, slips, trips, and falls, as well as exposure to biohazards and chemical spills.

To minimize the risk of injury or illness, we require all staff to:

- Wear personal protective equipment (PPE) as specified by their role
- Report any accidents or incidents promptly to management
- Follow established procedures for cleaning and disinfection of patient areas
- Dispose of waste and recyclables in accordance with hospital policies

We also emphasize the importance of maintaining a clean and organized work environment, including regular cleaning and maintenance of equipment and facilities.

To ensure compliance with regulatory requirements, we will conduct regular training sessions on health and safety protocols. These sessions will cover topics such as:

- Hazard identification and risk assessment
- Emergency response procedures
- First aid and CPR

We encourage all staff to take an active role in promoting a culture of health and safety within our organization.

By working together, we can maintain a safe and healthy environment for everyone.

Please report any concerns or suggestions regarding this policy to your supervisor or HR representative.",Public Administrative,PUBLIC,generated,general health and safety notice
"NOTICE OF GENERAL HEALTH AND SAFETY POLICY

As part of our commitment to providing a safe and healthy environment for all staff, patients, visitors, and contractors, we are reminding everyone that health and safety is everyone's responsibility.

Our hospital is committed to maintaining high standards of cleanliness and hygiene. All staff members are expected to wash their hands frequently with soap and water, especially after using the restroom, before eating, and after interacting with patients.

We have implemented a comprehensive cleaning schedule to ensure that all areas of the hospital are cleaned regularly, including patient rooms, common areas, and restrooms. Staff members are also responsible for reporting any spills or accidents to the facilities management team immediately.

To prevent the spread of infection, we require all staff members to wear gloves when handling infectious materials, such as bodily fluids or contaminated waste. Additionally, all disposable equipment and supplies must be disposed of properly in designated bins.

Our hospital is committed to providing a safe working environment for all staff members. We expect everyone to report any hazards or safety concerns to the facilities management team promptly. This includes reporting any incidents, near misses, or accidents that occur on the premises.

We also require all visitors and contractors to sign in at the reception desk and provide their name, date of birth, and purpose of visit before entering any patient areas.

By following these simple guidelines, we can maintain a safe and healthy environment for everyone. If you have any questions or concerns, please do not hesitate to contact your supervisor or the facilities management team.

Sincerely,
[Your Name]
Hospital Management",Public Administrative,PUBLIC,generated,general health and safety notice
"NOTICE OF GENERAL HEALTH AND SAFETY POLICY

As part of our commitment to providing a safe and healthy work environment, we are reaffirming our dedication to maintaining high standards of health and safety within our facilities. This policy is intended to ensure that all employees, contractors, and visitors understand their roles and responsibilities in maintaining a safe and healthy workplace.

All employees are expected to comply with this policy, which encompasses the following essential elements:

- Reporting any hazards or incidents promptly to designated personnel
- Participating in regular safety training sessions and adhering to established procedures
- Maintaining a clean and organized workspace to prevent tripping hazards and other accidents
- Following proper protocols for waste disposal, chemical handling, and equipment operation

The hospital is committed to providing a safe working environment through the implementation of the following measures:

- Regular inspections and assessments to identify potential safety risks
- Provision of personal protective equipment (PPE) as required
- Establishment of emergency response plans and procedures
- Maintenance of accurate records and reporting systems for incidents and near-miss events

The well-being and safety of our staff, patients, and visitors are paramount. We expect all employees to take an active role in promoting a culture of health and safety awareness within the hospital.

By adhering to this policy, we aim to minimize the risk of accidents and injuries, ensuring a safe and healthy working environment for everyone.

Please report any concerns or suggestions regarding this policy to your supervisor or HR representative.

Sincerely,
[ Hospital Management ]",Public Administrative,PUBLIC,generated,general health and safety notice
"NOTICE OF GENERAL HEALTH AND SAFETY POLICY

As part of our commitment to providing a safe and healthy environment for all employees, visitors, and patients, we are reminding everyone that health and safety is everyone's responsibility.

The hospital recognizes its obligations under the Health and Safety at Work Act 1974 (HSWA) and is committed to ensuring the well-being of all individuals in its care. To achieve this, we have established a comprehensive health and safety policy that outlines our procedures for identifying and mitigating hazards, as well as promoting a culture of risk awareness.

Key policies include:

* The importance of reporting incidents and near misses promptly and thoroughly
* The use of personal protective equipment (PPE) to prevent injuries and illnesses
* The provision of adequate training and supervision to employees in high-risk areas
* The maintenance of a clean and organized work environment to prevent slips, trips, and falls

All employees are expected to familiarize themselves with our health and safety policies and procedures. This includes adhering to safe working practices, participating in regular safety training sessions, and reporting any hazards or incidents promptly.

We take the health and well-being of everyone involved seriously and expect all staff members to do the same. By working together, we can create a safer and healthier environment for everyone.

If you have any questions or concerns about our health and safety policy, please do not hesitate to contact your supervisor or HR representative.

By signing below, I acknowledge that I have read and understood our general health and safety notice and will comply with its contents.

Signature: _____________________________
Date: __________________________________",Public Administrative,PUBLIC,generated,general health and safety notice
"NOTICE OF GENERAL HEALTH AND SAFETY POLICY

As part of our commitment to providing a safe and healthy environment for all staff, patients, and visitors, we are reiterating our general health and safety policy. This policy aims to promote a culture of awareness, prevention, and response to potential hazards in our facility.

All staff members are expected to comply with this policy and report any incidents or concerns related to health and safety to the designated personnel immediately. This includes, but is not limited to, near-misses, accidents, and hazardous conditions.

To minimize risks, we remind all staff of the following guidelines:

- Wear personal protective equipment (PPE) as required by your job function.
- Follow established procedures for cleaning and disinfection.
- Report any maintenance issues or repairs in a timely manner.
- Be mindful of your surroundings and take steps to prevent slips, trips, and falls.
- Adhere to all safety protocols during emergency situations.

We also encourage staff to participate in regular health and safety training sessions and provide feedback on the effectiveness of our policies and procedures. This will enable us to continuously improve and refine our approach to ensuring a safe environment for everyone.

Consequences for non-compliance with this policy may include disciplinary action, up to and including termination of employment. However, we emphasize that our goal is to promote a culture of safety and prevention, rather than punishment.

We take health and safety very seriously and are committed to providing a secure and healthy working environment. If you have any questions or concerns about this policy, please do not hesitate to reach out to your supervisor or HR representative.",Public Administrative,PUBLIC,generated,general health and safety notice
"NOTICE OF GENERAL HEALTH AND SAFETY POLICY

As part of our ongoing commitment to providing a safe and healthy environment for all employees, patients, and visitors, we are implementing the following general health and safety policies.

In order to maintain a clean and hygienic facility, all staff members are expected to follow proper cleaning and disinfection procedures after each shift. This includes thoroughly sanitizing workstations, equipment, and patient areas.

The hospital is committed to providing a smoke-free environment for all patients and visitors. Smoking is only permitted in designated outdoor areas, and smoking cessation resources are available upon request.

In the event of an emergency or natural disaster, our hospital has established protocols for evacuation and shelter-in-place procedures. All employees are required to participate in regular training exercises to ensure familiarity with these procedures.

To minimize the risk of injury, all staff members are expected to wear personal protective equipment (PPE) when performing tasks that involve hazardous materials or equipment. Additionally, all vehicles parked on hospital premises must meet strict safety standards and be registered with the hospital's parking management system.

The hospital is committed to providing a safe environment for all patients, visitors, and employees. To report any concerns or incidents related to health and safety, please contact our designated reporting hotline at [insert phone number]. Our team will respond promptly to all reports and take necessary actions to address any issues.

By adhering to these general health and safety policies, we can work together to maintain a safe and healthy environment for everyone. If you have any questions or concerns, please do not hesitate to reach out to your supervisor or HR representative.",Public Administrative,PUBLIC,generated,general health and safety notice
"All Staff,

As part of our ongoing commitment to ensuring a safe and healthy work environment, we would like to take a moment to review and reinforce our general health and safety protocols. Our facility is dedicated to maintaining high standards of cleanliness, hygiene, and infection control.

To ensure compliance with regulatory requirements and to minimize the risk of illness transmission, please note the following guidelines:

* All staff are required to wash their hands frequently with soap and water for at least 20 seconds, particularly after using the restroom, before eating, and after handling patient care materials.
* All food and beverages must be consumed in designated areas, away from workstations and patient care areas.
* Smoking is prohibited within the facility, including outdoor areas.
* The use of personal mobile devices is discouraged during work hours, as they can pose a distraction and increase the risk of data breaches.
* All staff are expected to report any injuries or incidents promptly to the designated reporting officer.

In addition, we would like to remind all staff that our facility's infection control policies and procedures should be followed at all times. This includes proper use and disposal of personal protective equipment (PPE), regular cleaning and disinfection of workstations and patient care areas, and adherence to established protocols for handling biohazardous materials.

Your cooperation and commitment to these guidelines are essential in maintaining a safe and healthy work environment for everyone. If you have any questions or concerns, please do not hesitate to reach out to your supervisor or the designated reporting officer.

Thank you for your attention to this matter.

Sincerely,
[Facility Management]",Public Administrative,PUBLIC,generated,general health and safety notice
"NOTICE OF GENERAL HEALTH AND SAFETY POLICY

In accordance with our commitment to providing a safe environment for all staff, patients, and visitors, we are pleased to announce the implementation of the following health and safety measures.

All employees are required to follow established procedures and guidelines when handling hazardous materials, cleaning and maintaining facilities, and reporting incidents. Failure to comply may result in disciplinary action, up to and including termination of employment.

To minimize the risk of injury or illness, all staff members are expected to:

* Wear personal protective equipment (PPE) as designated by management
* Report any hazards or concerns to their supervisor immediately
* Participate in regular training sessions on health and safety procedures
* Adhere to established guidelines for waste disposal and chemical handling

Patients and visitors are also required to follow these guidelines to ensure a safe environment:

* Report any hazards or concerns to hospital staff immediately
* Comply with instructions from healthcare professionals and security personnel
* Refrain from using mobile devices in patient care areas
* Follow posted signs and warnings regarding hazardous materials and equipment

We take the health and safety of all individuals seriously and expect every staff member and visitor to do the same. If you have any concerns or suggestions, please do not hesitate to contact your supervisor or our department of risk management.

All employees are responsible for reviewing and acknowledging receipt of this policy through our online portal by [insert date]. Failure to acknowledge receipt may result in revocation of privileges to access sensitive areas of the hospital.

By following these guidelines, we can work together to maintain a safe and healthy environment for everyone.",Public Administrative,PUBLIC,generated,general health and safety notice
"To ensure a safe and healthy environment for all employees and visitors, the hospital is issuing the following general health and safety notice:

The hospital is committed to providing a work environment that is free from hazards and risks. In order to achieve this goal, it is essential that all employees adhere to the following guidelines:

All employees are required to report any hazards or incidents immediately to their supervisor or the facilities department. This includes spills, accidents, or conditions that may pose a risk to employee safety.

The hospital has implemented a strict cleaning and disinfection schedule to prevent the spread of illness. All employees are expected to follow proper hygiene practices, including frequent handwashing and wearing personal protective equipment (PPE) as required.

Employees are also responsible for reporting any maintenance issues or equipment malfunctions to the facilities department promptly. This includes reporting any electrical or mechanical hazards that may pose a risk to employee safety.

The hospital will conduct regular health and safety training sessions to educate employees on their responsibilities and the procedures in place to ensure a safe work environment.

Failure to comply with these guidelines may result in disciplinary action, up to and including termination of employment. The hospital is committed to providing a safe and healthy work environment for all employees and will take all necessary steps to ensure this goal is met.

All employees are encouraged to report any concerns or suggestions regarding health and safety to their supervisor or the facilities department. Your participation and cooperation are essential in maintaining a safe and healthy work environment.",Public Administrative,PUBLIC,generated,general health and safety notice
"To ensure a safe and healthy environment for all employees, visitors, and patients, we are reminded of our hospital's commitment to health and safety protocols.

As part of our ongoing efforts to maintain a secure and respectful workplace, it is essential that everyone adheres to the following guidelines:

All employees are required to report any accidents or incidents involving hazardous materials, equipment, or environmental conditions to their supervisor immediately. This includes spills, fires, and any other situations that may pose a risk to health or safety.

The hospital's waste disposal policies must be followed strictly. All chemicals, biological agents, and radioactive materials must be handled and disposed of in accordance with established procedures to prevent contamination and harm to personnel.

Regular cleaning and disinfection schedules will be enforced to maintain high standards of hygiene. This includes the proper use of personal protective equipment (PPE) and adherence to designated cleaning routes.

Additionally, all employees are expected to:

- Maintain a clean and organized workspace
- Follow established emergency procedures
- Report any concerns or incidents regarding environmental conditions or workplace hazards

Our hospital is dedicated to providing a safe environment for everyone. By following these guidelines, we can minimize risks and ensure a healthy workplace for all.

If you have any questions or concerns regarding health and safety protocols, please do not hesitate to reach out to your supervisor or the designated health and safety officer.",Public Administrative,PUBLIC,generated,general health and safety notice
"NOTICE OF GENERAL HEALTH AND SAFETY POLICIES AND PROCEDURES

As part of our commitment to providing a safe and healthy environment for all staff, patients, visitors, and contractors, we are reminding everyone of the importance of adhering to our general health and safety policies and procedures.

The well-being and safety of all individuals within our facilities is our top priority. To ensure this, we have established several key guidelines that must be followed by all personnel:

* All staff members are required to report any hazards or safety concerns in a timely manner to the designated reporting authority.
* Regular fire drills and emergency training exercises will be conducted to ensure everyone's preparedness in case of an incident.
* The proper use and maintenance of equipment, including electrical appliances, machinery, and chemical containers, is strictly enforced.
* Personal protective equipment (PPE) must be worn when required by policy or procedure.
* All waste disposal areas must be kept clean and free from clutter to prevent tripping hazards.
* Reporting incidents, near misses, and adverse events will be conducted in accordance with our incident reporting policy.

We also expect all staff members to adhere to the following personal hygiene practices:

* Hand washing is mandatory before starting work and after using the restroom or during meal breaks.
* Wear of open-toed shoes, loose clothing, or excessive jewelry is not permitted.
* Food consumption must be kept away from areas where food may contaminate surfaces.

Your cooperation in adhering to these policies and procedures is essential to maintaining a safe and healthy environment within our facilities. If you have any questions or concerns regarding these guidelines, please do not hesitate to reach out to your supervisor or the designated safety officer.",Public Administrative,PUBLIC,generated,general health and safety notice
"NOTICE OF GENERAL HEALTH AND SAFETY POLICY

As part of our commitment to providing a safe and healthy environment for all staff, patients, and visitors, we are pleased to remind everyone of our general health and safety policy.

The safety and well-being of all individuals within our healthcare facility is our top priority. We have implemented various measures to ensure that our workplace is free from hazards and risks. These measures include regular cleaning and maintenance schedules, adequate lighting, and proper ventilation systems.

To maintain a safe working environment, staff are required to report any accidents or incidents promptly to the designated safety officer. This includes spills, slips, trips, and falls, as well as any equipment malfunctions or near misses.

All visitors and patients are also expected to follow basic safety guidelines, such as washing their hands frequently, wearing closed-toe shoes, and avoiding loose clothing that could pose a tripping hazard.

We take our environmental responsibility seriously and have implemented various initiatives to reduce waste, conserve energy, and promote sustainability. These initiatives include recycling programs, energy-efficient lighting, and reducing paper usage.

In the event of an emergency or hazardous situation, staff are trained to respond accordingly and follow established protocols. We also maintain a first aid kit on site and provide regular training for all staff members.

By following these guidelines, we can work together to maintain a safe and healthy environment that supports the well-being of everyone within our healthcare facility.

Please do not hesitate to report any concerns or suggestions regarding health and safety at our facility.

Sincerely,
[Facility Management]",Public Administrative,PUBLIC,generated,general health and safety notice
"NOTICE OF GENERAL HEALTH AND SAFETY POLICY

In accordance with our commitment to providing a safe and healthy environment for all staff, visitors, and patients, we are reminded that health and safety is everyone's responsibility. As part of our ongoing efforts to maintain a culture of safety, we would like to take this opportunity to review our general health and safety policy.

All employees are expected to adhere to the following guidelines:

* Report any hazards or incidents immediately to their supervisor or designated personnel.
* Wear personal protective equipment (PPE) as required by departmental policies and procedures.
* Maintain a clean and organized workspace, adhering to established standards for waste disposal and sanitation.
* Follow all safety protocols during emergency situations, including fire evacuation procedures and first aid training.

We also expect all staff members to:

* Familiarize themselves with our emergency contact numbers and response plan.
* Participate in regular health and safety training sessions to stay up-to-date on new policies and procedures.
* Cooperate with regulatory agencies and internal investigators as required.

In addition, we encourage all visitors and patients to:

* Be mindful of their surroundings and report any concerns or hazards to hospital staff.
* Follow all posted signs and instructions from hospital personnel.
* Assist in maintaining a clean and safe environment by disposing of trash properly and respecting designated restricted areas.

By working together, we can ensure a safe and healthy work environment for everyone. If you have any questions or concerns regarding our health and safety policy, please do not hesitate to reach out to your supervisor or HR representative.

Thank you for your cooperation and commitment to our health and safety standards.",Public Administrative,PUBLIC,generated,general health and safety notice
"To: All Staff Members

From: Hospital Management

Subject: General Health and Safety Notice

As we continue to provide high-quality care to our patients, it is essential that we maintain a safe and healthy work environment for everyone. In line with this commitment, we would like to remind all staff members of the importance of adhering to our hospital's health and safety policies.

The safety of our staff is of paramount concern, and we expect all employees to follow established protocols when performing their duties. This includes reporting any incidents or hazards immediately to their supervisor or the Safety Officer.

The hospital's fire safety procedures are in place to minimize risks in the event of an emergency. Staff are required to familiarize themselves with the location of emergency exits, fire extinguishers, and other safety equipment. Regular fire drills will be conducted to ensure everyone is prepared in case of a real incident.

Additionally, we would like to remind staff to maintain good personal hygiene practices, including regular handwashing, proper use of PPE (Personal Protective Equipment), and adherence to our infection control policies.

We also request that all staff members report any near misses or incidents involving hazardous materials to the Safety Officer. This information will be used to implement necessary safety measures to prevent future occurrences.

Your cooperation and commitment to maintaining a safe work environment are greatly appreciated. If you have any questions or concerns, please do not hesitate to reach out to your supervisor or the Safety Officer.

Thank you for your hard work and dedication to providing excellent patient care.

Sincerely,
Hospital Management",Public Administrative,PUBLIC,generated,general health and safety notice
"NOTICE OF GENERAL HEALTH AND SAFETY POLICY

As part of our ongoing commitment to providing a safe and healthy environment for all employees, patients, and visitors, we are reminding everyone of the importance of adhering to our general health and safety policy.

All employees, volunteers, and contractors are expected to comply with this policy to prevent injuries, illnesses, and accidents from occurring. This includes reporting any hazards or incidents immediately to the designated supervisor or human resources department.

To maintain a clean and safe environment, we require all employees to follow proper hygiene practices, including frequent handwashing and proper use of personal protective equipment (PPE). Additionally, all employees are expected to report any spills, leaks, or other hazardous materials to the facilities management team promptly.

Our hospital is committed to providing a smoke-free environment for all. Smoking is strictly prohibited on all hospital premises, including outdoor areas.

We also remind everyone that our emergency response plan is in place to ensure prompt and effective response to any emergencies. In the event of an emergency, please follow the instructions of the designated emergency responders and evacuate the area if instructed to do so.

Your cooperation and commitment to following this policy are essential in maintaining a safe and healthy environment for all. If you have any questions or concerns, please do not hesitate to reach out to your supervisor or human resources department.

Thank you for your attention to this matter and for your ongoing dedication to our hospital's safety and well-being.",Public Administrative,PUBLIC,generated,general health and safety notice
"NOTICE OF GENERAL HEALTH AND SAFETY POLICY

As part of our commitment to providing a safe and healthy environment for all staff, patients, and visitors, we are reminding everyone of the importance of adhering to our general health and safety policy.

All employees are expected to conduct themselves in a manner that promotes a safe and respectful workplace. This includes, but is not limited to:

- Reporting any hazards or incidents to management immediately
- Following all established safety protocols and procedures
- Maintaining a clean and organized workspace
- Respecting the rights and dignity of colleagues and patients

In order to prevent the spread of illness, we require that all employees take the following precautions:

- Wash hands frequently with soap and water
- Avoid touching their face or eyes
- Cover their mouth and nose when coughing or sneezing
- Refrain from eating or drinking in areas where food and drink may be contaminated

Additionally, we will be implementing enhanced cleaning and disinfection protocols to ensure that all high-touch areas are properly sanitized. We ask that all employees cooperate with these efforts by reporting any areas of concern to their supervisor.

 Failure to comply with this policy may result in disciplinary action, up to and including termination of employment. We take the health and safety of our staff and patients very seriously and will not tolerate any behavior that compromises our ability to provide a safe environment.

If you have any questions or concerns regarding this policy, please do not hesitate to reach out to your supervisor or HR representative.",Public Administrative,PUBLIC,generated,general health and safety notice
"NOTICE OF GENERAL HEALTH AND SAFETY POLICY

As part of our commitment to providing a safe and healthy environment for all employees, visitors, and patients, we are pleased to share with you our General Health and Safety Policy.

Our hospital is dedicated to maintaining a workplace that is free from hazards and risks. We recognize that the health and well-being of our staff, visitors, and patients is paramount, and we are committed to upholding the highest standards of health and safety.

To ensure compliance with relevant laws and regulations, we have established the following general guidelines for maintaining a healthy and safe environment:

* All employees, visitors, and patients are expected to adhere to basic hygiene practices, including regular handwashing, proper use of personal protective equipment (PPE), and avoiding the spread of infection.
* The hospital is committed to providing clean, well-maintained facilities and equipment, and all staff members are responsible for reporting any maintenance or repair issues promptly.
* We have implemented robust policies and procedures for emergency response, including evacuation drills, first aid training, and the use of personal alert systems.
* All employees are expected to participate in regular health and safety training sessions, which will be provided on a mandatory basis.

We recognize that health and safety is an ongoing process, and we are committed to continuously reviewing and updating our policies and procedures to ensure they remain effective and relevant. If you have any concerns or suggestions regarding our health and safety policy, please do not hesitate to contact the designated Health and Safety Officer.

By following these guidelines, we can work together to create a safe and healthy environment for all.",Public Administrative,PUBLIC,generated,general health and safety notice
"To: All Hospital Staff

From: Hospital Administration

Subject: General Health and Safety Notice

As we continue to strive for excellence in patient care, it is essential that we prioritize the well-being and safety of our staff. In order to maintain a healthy and productive work environment, we would like to remind everyone of the importance of adhering to our hospital's health and safety policies.

All staff members are expected to report any injuries or illnesses promptly to their supervisor or the facilities department. This includes minor incidents such as strains, sprains, or cuts, as well as more serious conditions that require medical attention.

To prevent the spread of illness, we strongly encourage all staff to follow proper hygiene practices, including frequent handwashing and proper use of personal protective equipment (PPE). Additionally, employees are expected to ensure their own vaccinations are up-to-date and report any concerns or questions they may have regarding vaccination policies.

In the event of a hazardous material spill or other safety emergency, please follow established procedures and evacuate the area immediately. This includes turning off equipment and alerting security personnel.

The hospital's Occupational Health department will conduct regular health screenings and provide support for staff members with work-related injuries or illnesses. We are committed to providing a safe working environment and encourage all staff to take an active role in maintaining this commitment.

If you have any questions or concerns regarding our health and safety policies, please do not hesitate to reach out to your supervisor or the facilities department.

Sincerely,
Hospital Administration",Public Administrative,PUBLIC,generated,general health and safety notice
"NOTICE OF GENERAL HEALTH AND SAFETY POLICY

As part of our ongoing commitment to providing a safe and healthy work environment, we are reminding all staff members of their responsibilities regarding general health and safety.

All employees are expected to adhere to the following guidelines:

- Regularly report any hazards or concerns to the designated facilities team.
- Wear personal protective equipment (PPE) as required by their role and department.
- Follow established cleaning and disinfection procedures to prevent the spread of illnesses.
- Maintain a clean and organized workspace, including disposing of waste and recyclables properly.

To ensure compliance with relevant regulations, all staff members are expected to:

- Attend regular safety training sessions.
- Participate in annual health and safety audits.
- Provide feedback on any safety concerns or suggestions for improvement.

Additionally, we urge all employees to take the following precautions to prevent the spread of illness:

- Wash hands frequently with soap and water.
- Avoid close contact with individuals who are sick.
- Report any exposure to potential infectious agents to the facilities team immediately.

We also remind staff members that smoking is strictly prohibited on hospital premises. Furthermore, we encourage all employees to participate in our wellness programs, which aim to promote physical activity, healthy eating, and stress management.

By following these guidelines, we can work together to maintain a safe and healthy environment for everyone. Your cooperation and commitment are greatly appreciated.

Please direct any questions or concerns regarding this policy to the facilities team.",Public Administrative,PUBLIC,generated,general health and safety notice
"TO: All Hospital Staff

FROM: Health and Safety Department

SUBJECT: Enhanced Health and Safety Protocols

As we continue to strive for excellence in patient care, it is essential that we maintain a safe and healthy work environment for all staff members. To this end, we are implementing the following enhanced health and safety protocols:

1. Mandatory Training Sessions: All staff will be required to attend at least two training sessions per quarter on topics such as infection control, chemical handling, and emergency procedures.

2. Enhanced Cleaning and Disinfection Protocols: The frequency of cleaning and disinfection in high-touch areas has been increased, and all staff are expected to follow the designated protocols for glove use and hand hygiene.

3. Reporting Incidents and Near Misses: All incidents, including those involving equipment failure or accidents, must be reported to the Health and Safety Department immediately. This will enable us to identify trends and implement corrective measures.

4. Regular Equipment Inspections: All equipment must undergo regular inspections to ensure that it is in good working condition. Any defective or malfunctioning equipment must be reported promptly to the Maintenance Team.

5. Staff Wellness Initiatives: We will be introducing a new wellness program, which includes stress management workshops, mental health resources, and physical activity incentives.

Your cooperation and commitment to these enhanced protocols are essential in maintaining a safe and healthy work environment for everyone. If you have any concerns or suggestions, please do not hesitate to reach out to the Health and Safety Department.

Thank you for your dedication to our hospital's mission.

Sincerely,
Health and Safety Department",Public Administrative,PUBLIC,generated,general health and safety notice
"To: All Hospital Staff

From: [Hospital Management]

Subject: General Health and Safety Notice

As we continue to prioritize the well-being of our patients, staff, and visitors, it is essential that we maintain a safe and healthy environment within our facilities. The following guidelines are intended to ensure compliance with regulatory requirements and promote a culture of safety awareness.

All employees are expected to adhere to the following health and safety protocols:

* Wash hands frequently with soap and water for at least 20 seconds, especially before interacting with patients or entering patient rooms.
* Report any accidents or near-misses to their supervisor immediately, completing an incident report form as required.
* Ensure that all equipment and machinery are properly maintained, reported, and replaced in a timely manner to prevent malfunctions.
* Follow established infection control procedures when handling bodily fluids, personal protective equipment (PPE), and other potentially contaminated materials.
* Be mindful of your surroundings and avoid distractions while performing duties, especially in high-traffic areas or near patient care zones.

To enhance our environmental sustainability efforts:

* Turn off lights, computers, and other equipment when not in use to minimize energy consumption.
* Recycle paper, cardboard, plastic, and glass waste according to designated facilities.
* Use public transportation, carpool, or walk when possible to reduce traffic congestion and emissions.

Your cooperation and commitment to these guidelines are crucial in maintaining a safe, healthy, and responsible work environment. If you have any questions or concerns regarding these protocols, please do not hesitate to reach out to your supervisor or the departmental safety officer.

Sincerely,
[Hospital Management]",Public Administrative,PUBLIC,generated,general health and safety notice
"To: All Hospital Staff

From: [Hospital Administration]

Subject: General Health and Safety Notice

As we continue to strive for excellence in patient care, it is essential that we maintain a safe and healthy work environment. The following guidelines are intended to ensure compliance with relevant health and safety regulations and promote a culture of vigilance within our organization.

The hospital's primary commitment is to provide a safe and secure workplace for all employees. As such, the following protocols must be adhered to:

- All staff members are required to report any hazards or incidents immediately to their supervisor or the designated Safety Officer.
- Regular cleaning and disinfection schedules will be implemented in high-risk areas, including patient rooms and common areas.
- Fire drills will be conducted quarterly, with a minimum of two exercises per year for all employees.
- Personal protective equipment (PPE) must be worn as required by job duties and industry standards.

We also emphasize the importance of employee well-being. To this end:

- The hospital offers on-site wellness programs, including access to fitness classes and health screenings.
- Employee assistance programs are available to support mental health and work-life balance.

Staff are expected to adhere to these guidelines and cooperate with any investigations or audits related to workplace safety. Your dedication to maintaining a healthy and safe environment is crucial to our organization's continued success.

If you have any questions or concerns, please do not hesitate to reach out to your supervisor or the Safety Officer.

Sincerely,

[Hospital Administration]",Public Administrative,PUBLIC,generated,general health and safety notice
"Hospital Map and Directions Notice

Welcome to our hospital campus. We strive to provide a safe, efficient, and accessible environment for all visitors, staff, and patients.

**Hospital Layout**

Our hospital is divided into several wings, each with its own designated purpose. The main lobby is located at the center of the complex, providing access to various departments and services.

* North Wing: Admitting, Registration, and Billing
* South Wing: Outpatient Services, Emergency Department, and Radiology
* East Wing: Surgery, Operating Rooms, and Intensive Care Unit (ICU)
* West Wing: Patient Rooms, Rehabilitation Services, and Day Care Units

**Directions to Key Locations**

To reach the Admitting Department, follow the signs from the main lobby. The Emergency Department is located adjacent to the North Wing. For Radiology services, head east from the main lobby towards the South Wing.

The Surgery Department is situated in the East Wing, with access through the main lobby. To visit the ICU, proceed north from the main lobby and enter the East Wing.

**Visitor Information**

Visitors are welcome during designated hours (Monday to Friday, 9:00 AM - 5:00 PM). We kindly request that visitors plan their visits in advance to avoid congestion. Strollers, wheelchairs, and parking facilities are available for assistance.

**Accessibility and Transportation**

Our hospital is wheelchair accessible with ramps and elevators connecting all departments. The main parking lot is located adjacent to the North Wing, with designated spaces for visitors and staff.

Please note that all areas of the hospital are secure, and access is restricted to authorized personnel and patients. For any queries or concerns, please contact our Hospital Information Desk at (555) 123-4567.

We appreciate your cooperation and understanding in maintaining the safety and security of our hospital campus.",Public Administrative,PUBLIC,generated,hospital map and directions notice
"NOTICE: Hospital Map and Directions Information

Welcome to our hospital facility. We strive to provide a safe and efficient environment for all visitors, staff, and patients.

Hospital Layout:

Our hospital is divided into several areas, including but not limited to:

* Main Entrance: Located on the west side of the building, accessible from main street.
* Admission Department: Located adjacent to the main entrance, where new patients are registered and initial assessments are conducted.
* Outpatient Clinics: Located on both floors, offering various specialty clinics for non-emergency care.
* Diagnostic Imaging Department: Located on the east wing, providing services including X-rays, CT scans, and MRIs.
* Emergency Department: Open 24/7, staffed by trained emergency responders.

Directions:

From Main Street, proceed eastward until you reach the hospital entrance. Take the main staircase or elevator to access both floors. The Admission Department is located on the first floor near the main entrance. To visit Outpatient Clinics, take the west stairwell or elevator and exit on level 2.
The Diagnostic Imaging Department is located on level 3, accessible via the east wing. If you are visiting during business hours, please report to the reception area for assistance. The Emergency Department is open 24/7 and can be accessed through the main entrance.

Parking Information:

There are designated parking areas for patients, visitors, and staff near the hospital entrance and adjacent buildings. Please follow posted signs for specific directions. Parking attendants are available during business hours to assist with parking needs.

We appreciate your cooperation in navigating our facility safely and efficiently. If you have any questions or concerns about our layout or services, please do not hesitate to contact our Hospital Administrator's office at [phone number].

Please note that the hospital map is subject to change due to ongoing construction and maintenance.",Public Administrative,PUBLIC,generated,hospital map and directions notice
"Hospital Map and Directions Notice

Welcome to St. Michael's Hospital, a leading healthcare facility dedicated to providing high-quality patient care. As you navigate our facilities, please take a moment to familiarize yourself with our layout and directions.

Hospital Layout:

The hospital is divided into several wings, each specializing in a specific area of care.

* Wing A: Emergency Department
* Wing B: Inpatient Units
* Wing C: Outpatient Clinics
* Wing D: Administrative Offices

Directions:

To access the Emergency Department, proceed to Wing A and take the elevator to the first floor. The ER entrance is located on the left side of the lobby.

For patients requiring inpatient care, please follow signs to Wing B. Our inpatient units are accessible via elevators or stairs on each floor.

Outpatient clinics are located in Wing C, with entrances on both the first and second floors. Please take the elevator or escalator to access the designated clinic areas.

Administrative offices are situated in Wing D, accessible from the main lobby. The reception area is located near the entrance.

Security and Access:

All hospital entrances are monitored by security personnel. Visitors and staff members must wear identification badges at all times while on campus.

Parking:

Complimentary parking is available in designated lots adjacent to the hospital entrance. Please follow signs for parking directions.

Maps and Signs:

Detailed maps of the hospital can be found at each entrance or online through our website. Our friendly staff are happy to provide guidance if you need assistance navigating our facilities.

We hope this information helps you navigate St. Michael's Hospital with ease. If you have any questions, please don't hesitate to ask.",Public Administrative,PUBLIC,generated,hospital map and directions notice
"NOTICE: Hospital Map and Directions

Welcome to [Hospital Name], a comprehensive healthcare facility providing a wide range of services to our community. To ensure your safety and convenience, we have created this map and directions guide to assist you in navigating our facilities.

**General Hospital Layout**

Our hospital is divided into several areas, including:

- Admissions and Registration
- Outpatient Services
- Inpatient Units
- Diagnostic Imaging
- Pharmacy
- Cafeteria
- Visitor Area

The main entrance is located on [Address], with parking available in designated lots. Our hospital has wheelchair accessibility throughout.

**Directional Information**

* To reach the admissions department, proceed straight through the main entrance and turn left at the reception area.
* For outpatient services, head to the second floor and take the elevator or stairs to access our various clinics.
* Inpatient units are located on the third floor, accessible via the same elevator or stairs as outpatient services.
* Diagnostic imaging services are situated in Building A, adjacent to the main hospital building.
* The pharmacy is located near the cafeteria, with clear signage indicating its location.

**Safety and Security**

For your safety, please note that all visitors must be accompanied by a registered patient or guest at all times. Emergency exits are clearly marked throughout the facility.

We strive to maintain a safe and clean environment for our patients, staff, and visitors. If you have any questions or concerns about navigating our facilities, please do not hesitate to ask our friendly hospital staff.

**Map Available**

A detailed map of our hospital is available at the main entrance or can be downloaded from our website [Hospital Website URL].

We hope this information helps you navigate our hospital with ease.",Public Administrative,PUBLIC,generated,hospital map and directions notice
"Hospital Map and Directions Notice

The Hospital is committed to providing a safe and efficient environment for visitors, staff, and patients. To ensure your visit is productive and stress-free, we have created this map and directions guide.

**Hospital Layout**

Our hospital is divided into several departments and facilities, including:

* Main Entrance: Located on Elm Street, accessible by car or public transportation.
* Visitor Parking: Available on adjacent streets and in designated parking garages.
* Admissions and Registration: Located near the main entrance, staffed during regular business hours.
* Medical Records: Accessible to authorized personnel only.

**Directions to Common Areas**

* Cafeteria: Located on the second floor, accessible by elevator or stairs.
* Waiting Area: Available in the atrium area, near the admissions department.
* Conference Rooms: Located on the third and fourth floors, accessed by elevator or stairs.
* Employee Break Room: Located on the ground floor, accessible through a separate entrance.

**Hospital Services**

* Security Desk: Located near the main entrance, staffed 24/7.
* Lost and Found: Located in the lobby area.
* Gift Shop: Available on the first floor, offering various merchandise and souvenirs.

**Accessibility and Accommodations**

Our hospital is committed to providing equal access to all visitors. Wheelchairs and strollers are available for loan at the security desk. For those with mobility impairments or special needs, please contact our administration department in advance to arrange accommodations.

**Emergency Procedures**

In the event of an emergency, please follow the evacuation procedures posted throughout the hospital. Our staff is trained to respond quickly and efficiently to any situation that may arise.

We hope this map and directions guide assists you during your visit to our hospital. If you have any questions or concerns, please do not hesitate to contact our administration department.",Public Administrative,PUBLIC,generated,hospital map and directions notice
"Hospital Map and Directions Notice

The following map illustrates the layout of our hospital's facilities. Please note that the hospital is divided into several departments, including Admissions, Radiology, Laboratory, and Surgical Services.

To facilitate navigation, we have designated specific entrances for various purposes:

* Main Entrance (for visitors and general public): Located on Elm Street, accessible from the parking lot.
* Emergency Department Entrance: Also located on Elm Street, but separated from the main entrance by a clear signage.
* Service Doors: Used for staff access only. These doors are discreetly marked with a blue sign indicating ""Authorized Staff Only"".

Facilities and Services:

* Cafeteria: Located in the central wing of the hospital, accessible via Elevator B or Stairwell A.
* Patient Waiting Area: Situated on the 2nd floor, near the Radiology department. Guests may access this area through the main entrance or via Elevator C.
* Visitor Parking: Available adjacent to the Main Entrance, with clear signage indicating parking restrictions.

Staff and Visitors:

* All visitors are required to report to the front desk upon arrival for check-in and orientation.
* Authorized staff members must swipe their ID cards at designated checkpoints before entering restricted areas.
* Wheelchairs and mobility aids are available for use throughout the hospital. Please inquire at the front desk for assistance.

Lost and Found:

* Any lost items should be reported to the front desk, where they will be held for pickup by their owner or staff member.

We appreciate your cooperation in adhering to these guidelines and ensuring a smooth and safe experience for all hospital visitors and staff members.",Public Administrative,PUBLIC,generated,hospital map and directions notice
"NOTICE OF HOSPITAL MAP AND DIRECTIONS

As you navigate our hospital facilities, we want to ensure that you have a smooth and efficient experience. Below is a map of our hospital layout and directions for various departments.

**Hospital Floor Plan**

Our hospital consists of three main floors: Main Reception, Patient Care, and Administrative.

- Main Reception (Ground Floor)
  - Main Entrance
  - Check-in Counter
  - Waiting Area

- Patient Care Floors (Upper Floors)
  - Room Blocks A-E
  - Laboratory Services
  - Pharmacy
  - Radiology Department

**Departmental Directions**

1. **Admitting and Registration**: Proceed to the main entrance, then proceed down the corridor to your left until you reach the check-in counter.
2. **Laboratory Services**: From room blocks A-E, go down one flight of stairs (patients use elevator), or proceed straight for staff access only.
3. **Pharmacy**: Head towards laboratory services from patient care floors.

**Directions and Accessibility**

- Elevators are located on both main reception and patient care floors.
- Wheelchair-accessible pathways connect all departments and amenities.
- Parking facilities available adjacent to the hospital entrance, with designated drop-off points for patients and visitors.

**Additional Notes**

Please respect quiet hours between 7 pm and 8 am. All staff members kindly ask that you avoid smoking in our facilities due to fire safety measures.

For further assistance or to report any concerns, please contact the Hospital Management Office on [insert phone number].

We appreciate your cooperation and hope for a pleasant stay during your visit.",Public Administrative,PUBLIC,generated,hospital map and directions notice
"Hospital Map and Directions Notice

This hospital is designed to provide a safe and efficient environment for visitors, staff, and patients. The following map and directions are provided to assist with navigation.

The hospital is divided into several departments, including Admissions, Outpatient Services, Emergency Department, Operating Rooms, and Patient Rooms.

To access the hospital's main entrance, please follow these directions:

From the parking lot, proceed north along the perimeter of the building. Turn left onto the main lobby area, and then turn right to enter the main reception desk. Our friendly staff will be happy to assist you with your visit.

Once inside the main lobby, take the elevator or stairs to reach the different departments. The Admissions department is located on the first floor, near the main entrance. Outpatient Services is also located on the first floor, adjacent to the cafeteria.

The Emergency Department is accessible via a separate entrance on the north side of the building. Please follow the signs and instructions from our staff for assistance.

Operating Rooms are located on the second floor, accessible by elevator. Patient Rooms are scattered throughout the hospital, with most being located on the first and second floors.

Please note that all departments are equipped with amenities such as restrooms, vending machines, and seating areas. Our hospital also offers free Wi-Fi to guests.

We apologize for any inconvenience during construction or renovation projects. Please check our website for updates on current work and possible route changes.

If you have any questions or require assistance, please do not hesitate to ask our staff for help.

Thank you for visiting our hospital.

Sincerely,
[Your Hospital Name] Administration",Public Administrative,PUBLIC,generated,hospital map and directions notice
"Hospital Map and Directions Notice

The hospital is divided into several departments, each with its own designated area. The main entrances are located at both the north and south sides of the building.

Entering the hospital:

- Please proceed through the main entrance nearest to the north side of the building.
- Take a left turn upon entering the lobby and follow the signs to the department you wish to visit.
- Security personnel are stationed at the main entrance to assist with directions and provide access to authorized individuals.

Department Locations:

- Admissions: Located on the second floor, adjacent to the main elevator bank. Accessible from the north side of the building via a separate entrance.
- Emergency Department: Situated on the first floor, immediately after entering the lobby through the north or south doors.
- Radiology: Found on the third floor, accessible by taking the east wing elevator from the second-floor landing.
- Surgical Services: Located on the second and third floors, accessible via the main elevators.

Hospital Layout:

- The hospital's corridors are labeled with department numbers for easy navigation. Signs indicating department names and room numbers are posted at each turn.
- Please note that some areas of the hospital may be restricted to authorized personnel only. Access will be denied to those without proper clearance or credentials.

Staff Assistance:

- Security personnel are available to assist with directions, escort patients and visitors, and provide access to authorized individuals.
- Information Desk: Located in the lobby near the main entrance. Staffed by hospital staff members who can provide assistance with department locations and answer general inquiries.

We strive to maintain a safe and welcoming environment for all hospital visitors. If you have any questions or concerns, please do not hesitate to contact our information desk for assistance.",Public Administrative,PUBLIC,generated,hospital map and directions notice
"**Hospital Map and Directions Notice**

Welcome to our hospital. We strive to provide a safe and efficient environment for all visitors, staff, and patients. Below is a map of our facilities and directions to help you navigate our campus.

**Main Entrance**

The main entrance to the hospital is located on Elm Street. Visitors can enter through the main doors and proceed to the reception area.

**Hospital Layout**

Our hospital is divided into several wings, each with its own unique layout. The following are some key locations:

* **Emergency Department**: Located on the west wing of the hospital, accessible from Oak Street.
* **Operating Rooms**: Situated in the central wing, accessible from Maple Street.
* **Rehabilitation Unit**: Located on the east wing of the hospital, accessible from Pine Street.
* **Administrative Offices**: Situated in the north wing, accessible from Elm Street.

**Directions**

To reach the Emergency Department:

1. From the main entrance, head west on Oak Street towards Elm Street.
2. Continue straight for approximately 200 feet.
3. Turn left onto Maple Street and proceed to the hospital entrance.

To reach the Operating Rooms:

1. From the main entrance, head north on Elm Street towards Oak Street.
2. Continue straight for approximately 100 feet.
3. Turn right onto Maple Street and proceed to the central wing of the hospital.

To reach the Rehabilitation Unit:

1. From the main entrance, head east on Elm Street towards Oak Street.
2. Continue straight for approximately 300 feet.
3. Turn left onto Pine Street and proceed to the hospital entrance.

**Important Notes**

* All visitors must register at the reception area before proceeding to any department.
* Parking is available in designated areas throughout the campus.
* Wheelchairs and strollers are provided at each entrance.

Please note that this map is subject to change, and we recommend verifying directions with our staff if you have any questions or concerns.",Public Administrative,PUBLIC,generated,hospital map and directions notice
"**Hospital Map and Directions Notice**

Welcome to our hospital facilities. We strive to provide a safe and accessible environment for all visitors, staff, and patients.

**Facility Layout:**

Our hospital is divided into several departments, including:

* Main Entrance: Located on Oak Street, this entrance serves as the primary point of entry for visitors.
* Emergency Department: Accessible from the main lobby, the emergency department is equipped to handle urgent medical situations.
* Outpatient Services: Located adjacent to the emergency department, outpatient services offer a range of diagnostic and treatment options.
* Surgical Services: Situated on the second floor, surgical services feature state-of-the-art operating rooms and recovery areas.

**Directions:**

From the main entrance:

* Proceed down the central corridor, passing by the reception desk and the gift shop to your left.
* Turn right at the first intersection and continue straight until you reach the emergency department door.
* To access outpatient services, turn left at the end of the corridor and proceed up the stairs.

**Parking:**

Ample parking is available in the on-site parking garage, accessible from Oak Street. Please note that parking spaces are designated for visitors and staff only; patients are not permitted to park here.

**Accessibility:**

Our hospital is committed to providing equal access to all facilities. Wheelchairs and mobility aids are available at the main entrance reception desk. For assistance or directions, please contact our hospital information line at (555) 123-4567.

We appreciate your cooperation in following these directions and respecting the safety of all patients, staff, and visitors within our facility.",Public Administrative,PUBLIC,generated,hospital map and directions notice
"NOTICE: Hospital Map and Directions

Our hospital is committed to providing a safe and efficient environment for all visitors. To ensure your visit is smooth and enjoyable, we have provided this map and directions guide.

Hospital Layout:

The hospital is divided into several wings, each serving a specific purpose. The main entrances are located on both the east and west sides of the building. The patient registration area is situated in Wing A, accessible from the main lobby.

Departments and Services:

* Clinic Services: Located in Wing B, adjacent to the patient registration area.
* Diagnostic Imaging: Situated in Wing C, accessible from the main lobby via a separate entrance.
* Operating Rooms: Found in Wing D, located behind the diagnostic imaging department.
* Pharmacy: Located in Wing E, accessible from the clinic services area.

Directions:

To reach the hospital's main lobby, take the elevator or stairs to the first floor and follow the signs to the main entrance. From the east side of the building, enter through the primary entrance and proceed to the patient registration area. From the west side, use the secondary entrance located near the diagnostic imaging department.

Important Location Highlights:

* Café: Located in the lobby area, offering food and beverage services.
* Gift Shop: Situated on the first floor, adjacent to the café.
* Parking Garages: Conveniently located near the main entrances, with clear signage indicating parking levels and fees.

Additional Information:

Please note that hospital facilities are subject to change due to maintenance or construction. We recommend checking our website or contacting our customer service team for any updates before your visit.

Thank you for choosing our hospital. If you have any questions or concerns, please do not hesitate to reach out to our staff.

Sincerely,
[Your Hospital Administration]",Public Administrative,PUBLIC,generated,hospital map and directions notice
"Hospital Map and Directions Notice

As you navigate our hospital facilities, please take a moment to familiarize yourself with our layout. The following map will help you locate various departments, amenities, and services.

**Main Hospital Building**

* Entrance: Located on Main Street, adjacent to the parking garage
* Reception Area: First floor, main lobby area
* Admissions Desk: Located near the reception area
* Emergency Department: Second floor, accessible via stairs or elevator

**Wards and Patient Care Areas**

* General Medical Ward: Second floor, east wing
* Surgical Unit: Third floor, west wing
* Intensive Care Unit (ICU): Third floor, central wing
* Maternity Ward: First floor, south wing

**Amenities and Services**

* Cafeteria: Located on the first floor, near the reception area
* Gift Shop: Second floor, main corridor
* Pharmacy: First floor, adjacent to the cafeteria
* Visitor Lounge: Second floor, east wing
* Nursing Station: Available for assistance throughout the hospital

**Parking and Transportation**

* Parking Garage: Adjacent to the hospital entrance
* Bus Stop: Located near the parking garage entrance
* Taxi Stand: Outside the main entrance

**Hospital Facilities**

* Fitness Center: First floor, south wing
* Conference Rooms: Second floor, east wing
* Staff Room: Third floor, central wing
* Storage Areas: Located throughout the hospital

We encourage you to explore our facilities and take advantage of the various amenities available. If you require assistance or have any questions, please do not hesitate to ask a member of our staff.

Please note that this map is subject to change, and we appreciate your cooperation in updating your knowledge of our hospital layout.",Public Administrative,PUBLIC,generated,hospital map and directions notice
"NOTICE: Hospital Map and Directions

Welcome to our hospital facilities. We strive to provide a safe and efficient environment for all visitors, patients, and staff. To ensure a smooth navigation of our facilities, please take a moment to review this map and directions notice.

Hospital Layout:

The hospital is divided into several wings, each with its own specialty department. The main entrance leads to the central atrium, where you will find the information desk and visitor amenities.

* Department of Cardiology: Located on Level 2, Wing A
* Department of Surgery: Located on Level 3, Wing B
* Emergency Room: Located on Level 1, Central Wing
* Maternity Ward: Located on Level 4, Wing C

Directions:

From the main entrance, proceed through the central atrium and turn left into the Information Desk area. Ask for assistance with directions or access to specific departments.

To access Department of Cardiology (Level 2, Wing A):
1. Take the elevators from the Central Wing
2. Select Level 2
3. Exit at Wing A

To access Department of Surgery (Level 3, Wing B):
1. Take the elevators from the Central Wing
2. Select Level 3
3. Exit at Wing B

Please note that all hospital facilities are accessible via wheelchair ramps or elevators.

Parking:

Designated parking areas are available for patients, visitors, and staff. Please follow signs to locate parking facilities.

Security:
The hospital has a comprehensive security system in place. Please report any suspicious activity to the Information Desk or Security Team.

We hope this map and directions notice will assist you in navigating our hospital facilities efficiently. If you have any questions or concerns, please do not hesitate to ask for assistance from our staff.",Public Administrative,PUBLIC,generated,hospital map and directions notice
"NOTICE: Hospital Map and Directions for Visitors and Staff

Our hospital is designed to provide a safe and efficient environment for all patients, visitors, and staff. The following map and directions are provided to assist you in navigating our facilities.

**Hospital Layout**

The main entrance of the hospital is located on Main Street, with two main wings: North Wing and South Wing. The Emergency Department is located at the center of the hospital, accessible from both wings.

* North Wing:
 + Admitting and Registration areas are located on the first floor.
 + Inpatient units are located on the second and third floors.
 + Laboratory services are located on the second floor.
* South Wing:
 + Outpatient clinics and imaging services are located on the first floor.
 + Operating Rooms are located on the second and third floors.

**Directions for Visitors**

Visitors are allowed in designated areas, including the main lobby, waiting areas, and public gardens. Access to patient rooms is restricted to authorized visitors only.

* From the main entrance, proceed straight to the reception area.
* Take the elevator or stairs to access the desired floor.
* Follow signs to reach the waiting area or patient room.

**Directions for Staff**

Staff members are expected to follow established protocols and use designated corridors. Security cameras monitor all areas of the hospital.

* Staff entering the hospital must swipe their badge at the security desk.
* Staff members should follow the assigned route to reach their destination, using designated corridors and elevators.
* Report any concerns or issues to the facilities management team.

Please note that all visitors and staff are expected to adhere to hospital policies and regulations.",Public Administrative,PUBLIC,generated,hospital map and directions notice
"NOTICE: Hospital Map and Directions

The hospital is committed to providing clear and accurate directions for visitors, staff, and emergency responders. The following map and directions will assist in navigating our facilities.

**Hospital Layout**

Our hospital is divided into several wings, each with its own departmental layout. The main entrance leads to the Emergency Department, which is located on the first floor. From there, visitors can access the various departments through the elevators or stairways.

* Main Entrance (Level 1): Emergency Department, Admitting, and Visitor Waiting Area
* First Floor: Surgical Departments, Intensive Care Unit, and Radiology
* Second Floor: Medical Departments, Specialty Clinics, and Diagnostic Services
* Third Floor: Administrative Offices, Meeting Rooms, and Staff Facilities

**Directions for Common Locations**

* Cafeteria: Located on the ground floor, adjacent to the Main Entrance. Open Monday-Friday, 7:00 am-3:00 pm.
* Employee Parking: Designated parking areas are available near the Main Entrance, First Floor, and Second Floor ramps.
* Visitor Parking: Limited parking spaces are available near the Main Entrance and on the upper levels.

**Emergency Procedures**

In the event of an emergency, please follow these steps:
1. Dial 911 or our hospital's main switchboard at (555) 123-4567.
2. Proceed to the nearest Emergency Department entrance.
3. Follow signs and directions from hospital staff for further assistance.

Please note that hospital facilities are subject to change without notice. We recommend checking our website or contacting hospital administration for up-to-date information on departmental locations, hours of operation, and other important hospital policies.

We appreciate your cooperation and understanding in helping us maintain a safe and efficient environment for all visitors, staff, and patients.",Public Administrative,PUBLIC,generated,hospital map and directions notice
"To Ensure Efficient Navigation within Our Facility

The following map and directions notice is provided to assist visitors, staff, and contractors in navigating our hospital's layout. Please note that all areas are restricted to authorized personnel unless explicitly stated otherwise.

Hospital Layout:

The hospital consists of multiple wings, each with its own designated purpose. The main entrance is located on the north side of the building, leading to the central lobby. From there, visitors can access various departments and amenities via the following routes:

- Main Entrance: Central Lobby, Patient Registration, Admissions
- East Wing: Inpatient Rooms, Laboratory Services, Radiology Department
- West Wing: Outpatient Clinics, Specialty Services, Medical Records
- North Wing: Administrative Offices, Human Resources, IT Support

Directions for Staff and Contractors:

- All staff members are required to wear the provided hospital ID badges at all times while on duty.
- Contractors and visitors must check in at the security desk upon arrival and obtain a visitor badge before proceeding.
- Access to restricted areas is granted only through authorized personnel or by obtaining explicit permission from departmental staff.

Parking Information:

Designated parking spaces are available for staff, patients, and visitors. Please refer to the hospital's parking map for location details.

Emergency Procedures:

In case of an emergency, please contact the hospital's security team at extension 5555. Our hospital has designated assembly points for evacuation purposes.

We appreciate your cooperation in adhering to these guidelines to ensure a smooth and efficient experience within our facility.",Public Administrative,PUBLIC,generated,hospital map and directions notice
"Hospital Map and Directions Notice

Welcome to Oakwood Hospital. This map is designed to assist visitors, staff, and patients in navigating our facilities.

**Facility Layout**

Oakwood Hospital is a 200-bed acute care hospital located on a 12-acre campus. The hospital is divided into three main wings: North Wing (Admission, Emergency Department, and Radiology), Central Wing (Medical-Surgical Units, Intensive Care Unit, and Operating Rooms), and South Wing (Maternity Unit, Pediatric Unit, and Rehabilitation Services).

**Departmental Locations**

- Admission Department: Located in the North Wing, adjacent to the Emergency Department.
- Emergency Department: Located in the North Wing, accessible from the main lobby.
- Radiology Department: Located on the first floor of the North Wing, adjacent to the Admission Department.
- Medical-Surgical Units: Located throughout the Central Wing, with individual unit locations listed below:
  - Unit A: East wing of the Central Wing
  - Unit B: West wing of the Central Wing
- Intensive Care Unit: Located on the second floor of the Central Wing, accessible from the Medical-Surgical Units.
- Operating Rooms: Located on the first and second floors of the Central Wing.

**Visitor Information**

Visitors are welcome in designated areas throughout the hospital. Please note that patient rooms are not open to visitors for safety reasons.

**Accessibility**

The hospital is wheelchair-accessible and has elevators connecting all levels. Braille signage is available at all entrances, and audio signals are provided for visually impaired individuals.

For further assistance or directions, please contact the Hospital Information Desk located in the main lobby.

We hope this map helps you navigate our facilities comfortably and safely.",Public Administrative,PUBLIC,generated,hospital map and directions notice
"Hospital Map and Directions Notice

The Hospital will be undergoing maintenance and renovations to improve accessibility and navigation. As part of this effort, we are providing an updated map and directions notice to help visitors and staff alike navigate our facilities.

**Facility Layout**

Our hospital is divided into three main areas:

* The Main Entrance: Located on Elm Street, this is the primary point of entry for all visitors.
* The Clinical Wing: This area houses our inpatient departments, including medical and surgical units. Accessibility is limited to authorized personnel only.
* The Outpatient Wing: Our outpatient facilities are located adjacent to the Main Entrance and provide access to specialty clinics and physician offices.

**Directions to Common Areas**

To locate a specific department or facility, please refer to the following map:

* Cafeteria: Located on Level 2, accessible from the Main Entrance Lobby
* Staff Parking: Available in designated areas throughout the hospital grounds
* Visitor Waiting Area: Located adjacent to the Main Entrance Lobby
* Hospital Atrium: Open to visitors and staff, providing natural light and seating

**Special Accommodations**

The Hospital is committed to providing equal access for all visitors. Please contact our Guest Services department at (555) 123-4567 for assistance with mobility or other accessibility needs.

**Security Information**

Please note that all employees, visitors, and contractors must follow hospital security protocols when entering the Clinical Wing. Authorized personnel only are permitted access to this area.

We apologize for any inconvenience caused by these renovations and appreciate your understanding as we work to improve our facilities.

Sincerely,
Hospital Administration",Public Administrative,PUBLIC,generated,hospital map and directions notice
"Hospital Map and Directions Notice

The hospital campus is designed to facilitate efficient movement for visitors, staff, and authorized individuals. The map provided below outlines the layout of the facility and important locations.

**Main Entrance**

The main entrance is located on Hospital Drive, with access via the north side of the building. A secure entrance check is in place for all visitors and staff.

**Patient Waiting Areas**

Waiting areas are available on the first floor near the main entrance, as well as in other convenient locations throughout the hospital.

**Departments and Services**

The following departments and services are conveniently located within the hospital:

* Admitting: Located on the first floor, adjacent to the main entrance
* Emergency Department: Located on the second floor, accessible via the east stairwell
* Laboratory: Located on the second floor, near the emergency department
* Radiology: Located on the third floor, accessible via the west stairwell
* Pharmacy: Located on the ground floor, adjacent to the main entrance

**Visitor Facilities**

Visitors are welcome in designated areas throughout the hospital. Comfortable seating and refreshment facilities are available.

**Accessibility Information**

The hospital is wheelchair accessible with ramps and elevators providing access to all floors. Braille signage is also available at key locations.

**Getting Here**

By Car: Parking is available on site, with assigned spaces for patients, staff, and visitors.
By Public Transportation: The hospital is served by local bus routes, with designated stops nearby.

Please note that the hospital map is subject to change, and it is recommended that you familiarize yourself with the layout before visiting or working here.",Public Administrative,PUBLIC,generated,hospital map and directions notice
"Hospital Map and Directions Notice

The hospital is a large facility with multiple buildings and departments. The map below provides an overview of the main areas and facilities.

The hospital has several entrances, including the Main Entrance, Emergency Entrance, and Delivery Entrance. The Main Entrance is located on the west side of the building and is used for most outpatient services and visitor access. The Emergency Entrance is located on the east side of the building and is used for urgent medical situations.

The hospital has several departments, including Admitting, Radiology, Laboratory, Pharmacy, and Operating Rooms. Admitting is located on the first floor near the Main Entrance, while Radiology and Laboratory are located on the second floor. The Pharmacy is also located on the second floor and is accessible from the main hallway.

The hospital has several parking garages and lots available for staff and visitors. Parking Garage A is located on the east side of the building and is used primarily for hospital employees. Parking Lot C is located near the Main Entrance and is used for visitor parking.

To navigate the hospital, please follow these directions:

* From the Main Entrance, head straight down the main hallway and take a left at the first intersection.
* Continue straight until you reach the elevators, then take the stairs or elevator to the second floor.
* On the second floor, take a right at the first intersection to access Radiology and Laboratory.
* For parking, follow signs to Parking Garage A or Lot C.

Please note that hospital facilities are subject to change due to renovation or maintenance. It is recommended to check with hospital staff or the hospital's website for up-to-date information on facility changes.

Maps of each department and floor plan are available at the Main Entrance Information Desk or on our website.",Public Administrative,PUBLIC,generated,hospital map and directions notice
"HOSPITAL MAP AND DIRECTIONS NOTICE

Welcome to our hospital. We are pleased to provide you with a map of our facilities and directions on how to navigate through our campus.

**Hospital Layout**

Our hospital is divided into several areas, including:

* Main Entrance: Located on the east side of the building, this is where patients and visitors enter the hospital.
* Emergency Department: Accessible from the main entrance, this department is open 24/7 for emergency situations.
* Surgical Services: Located on the second floor, accessible via elevator or stairs.
* Patient Rooms: Located on various floors, including rooms for short-term and long-term stays.

**Directions**

* From the main entrance, proceed straight down the hallway to the elevators. Take the elevator to any desired floor.
* To reach the emergency department, take the stairs or elevator from the second floor landing.
* For surgical services, take the elevator from the first-floor lobby to the second-floor medical-surgical unit.
* Patient rooms are accessible via room numbers on each floor.

**Parking and Transportation**

* Parking is available in designated areas throughout the hospital campus. Please follow signs for parking options.
* Public transportation is also available nearby, with a bus stop just outside the hospital entrance.

**Accessibility**

Our hospital is committed to providing equal access to all patients, visitors, and staff. Wheelchair-accessible entrances, elevators, and restrooms are located at various points throughout the facility.

We hope this map and directions notice helps you navigate our hospital campus with ease. If you have any questions or concerns, please do not hesitate to ask hospital staff for assistance.",Public Administrative,PUBLIC,generated,hospital map and directions notice
"Hospital Map and Directions Notice

The hospital is divided into several areas, each with its own distinct function. The main entrance is located on Main Street, adjacent to the parking garage. Visitors are encouraged to park in one of the designated visitor parking areas.

Upon entering the hospital, proceed through security checkpoint A. Once cleared, head towards the central lobby where you will find information kiosks and public seating areas.

The main hospital floor is divided into three sections: patient care areas, administrative offices, and support services. Patient care areas are accessible only with authorized access badges or escort from a staff member. Administrative offices are located on both sides of the patient care areas, while support services include food service, gift shop, and volunteer center.

To access specific departments, please follow these directions:

- Radiology: From the central lobby, head north towards department B; take a left at the first set of elevators.
- Operating Rooms: Take the east staircase from the central lobby and proceed to floor three, where you will find the operating rooms on both sides of the hallway.
- Food Service: Locate the main dining area on the west side of the patient care areas.

The hospital also offers visitor amenities, including a prayer room, family lounge, and children's play area. These facilities are located near the central lobby.

For assistance or to request directions, please contact Hospital Information at extension 5000. Maps are also available at the information desk or online through our website.

Please note that hospital policies regarding visitor attire, electronic device usage, and photography may apply.",Public Administrative,PUBLIC,generated,hospital map and directions notice
"NOTICE OF HOSPITAL MAP AND DIRECTIONS

The following map and directions are intended to provide general information regarding the layout of our hospital facilities. Please note that this document is subject to change, and it is recommended that you familiarize yourself with the current layout by consulting our official website or contacting our Hospital Operations department.

**Hospital Layout**

Our hospital is divided into several departments, including:

- Main Entrance: Located on Elm Street, this is the primary entrance for visitors and staff.
- Admissions Department: Located adjacent to the main entrance, responsible for patient registration and admission process.
- Emergency Department: Accessible from the main lobby via a separate entrance.
- Surgical Suites: Located on the second floor, accessible by elevators or stairs.
- Radiology Department: Located on the first floor, adjacent to the main lobby.
- Cafeteria and Visitor Area: Located on the ground floor, near the main entrance.

**Directions to Departments**

- To reach the Admissions Department, proceed through the main lobby and take a left turn at the reception desk.
- For access to the Emergency Department, take the stairs or elevators from the main lobby to the second floor.
- The Surgical Suites can be accessed via the elevators on the second floor, with clear signage indicating the department locations.
- To visit the Radiology Department, proceed through the main lobby and take a right turn at the reception desk.

**Important Safety Information**

Please note that certain areas of the hospital are restricted to authorized personnel only. Be sure to follow all posted signs and instructions from hospital staff to ensure your safety and security.

If you have any questions or concerns regarding hospital layout or directions, please contact our Hospital Operations department at [insert non-sensitive contact information].

We apologize for any inconvenience this may cause and appreciate your understanding as we continue to evolve and improve our facilities.",Public Administrative,PUBLIC,generated,hospital map and directions notice
"Hospital Map and Directions Notice

Welcome to our hospital. We strive to provide a safe and efficient environment for all visitors, staff, and patients.

The following map shows the layout of our hospital:

 Hospital Floor Plan

Level 1:
- Main Entrance
- Admissions Department
- Patient Waiting Area
- Cafeteria
- Staff Break Room

Level 2:
- Outpatient Clinics
- Laboratory Services
- Radiology Department
- Pharmacy

Level 3:
- Inpatient Units (North, South, and East Wings)
- Operating Rooms
- Intensive Care Unit
- ICU Staff Lounge

Level 4:
- Administrative Offices
- Human Resources Department
- IT Support
- Library and Resource Center

Directions to Patient Rooms:

* From the Main Entrance, proceed to Level 1 and follow signs to the Patient Waiting Area.
* Patient rooms are located on Levels 2 and 3. Follow the signs indicating ""Inpatient Units"" or ""Patient Rooms"".
* To access patient rooms from the Inpatient Unit corridors, follow the signs indicating the room number.

Directions to Hospital Services:

* Laboratory Services: From Level 1, proceed to Level 2 and follow signs to Laboratory Services.
* Radiology Department: From Level 1, proceed to Level 2 and follow signs to Radiology Department.
* Pharmacy: From Level 1, proceed to Level 2 and follow signs to Pharmacy.

Important Notes:

* All hospital staff wear identification badges. Please ask any hospital staff member for assistance if you are unsure about the location of a department or service.
* The hospital has wheelchair-accessible ramps and elevators. If you require assistance with navigation, please contact Hospital Security at extension 555.

Please note that this map is subject to change. We recommend checking our website or contacting Hospital Administration for up-to-date information on hospital facilities and services.",Public Administrative,PUBLIC,generated,hospital map and directions notice
"To ensure a safe and efficient movement of visitors, staff, and equipment within our hospital facilities, please follow these directions:

**Hospital Map**

The hospital is divided into several buildings, each with its own entrance and exit points. The main buildings are connected by covered walkways for easy navigation.

- Building A: Main Entrance (North Side)
  - Visitor Parking Lot adjacent to the entrance
  - Wheelchair Accessibility Ramps at both entrances

- Building B: Emergency Entrance (East Side)
  - Staff Parking Lot, accessible via a pedestrian bridge
  - Fire Ladder Access Points marked on all floors

- Building C: West Wing Entrance
  - Secure Parking Lot for Hospital Personnel only
  - Electronic Signage displays arrival and departure times

- Central Corridor:
  - All patient rooms accessed through the main corridor or via designated patient room doors
  - Stairwells at each corner leading to basement levels

**Directions**

1. Visitors: Enter Main Entrance, follow signs for Visitor Parking Lot, and proceed to the Welcome Desk on the ground floor.

2. Staff: Use West Wing Entrance; swipe your ID badge at the Secure Access Point before proceeding.

3. Patients:
   - Proceed through designated doors at main corridors
   - Be advised of room changes or temporary relocates via digital signage or message from Hospital Information Desk

4. Equipment and Supplies:
  - Storage areas are clearly marked throughout buildings
  - Deliveries to designated storage areas for pickup by authorized personnel only.

5. Security: Report any suspicious activity, lost items, or unauthorized individuals to security personnel at the Emergency Entrance or Welcome Desk.

6. Fire Drills and Evacuations:
   - Assemble in fire zones and follow evacuation procedures displayed on digital signage
   - Follow instructions from Hospital Staff during drill operations

Your cooperation is appreciated to ensure a smooth experience for everyone within our facilities.",Public Administrative,PUBLIC,generated,hospital map and directions notice
"Hospital Map and Directions Notice

Welcome to our hospital. We strive to provide a safe, efficient, and accessible environment for all visitors. Below is a map of our facilities and directions to various areas.

**Main Hospital Building**

The main hospital building is located at the center of our campus and serves as the primary entry point for patients, visitors, and staff. The building features multiple entrances, including a main entrance on Main Street, a side entrance on Elm Street, and a parking entrance near the rear of the building.

**Patient Tower and Departments**

The patient tower is accessible from the main hospital building via the elevator system or stairs. Patients can access their rooms by following signs indicating their room numbers. The following departments are located within the patient tower:

- Medical Records Department: Located on floor 2, accessible through the main lobby.
- Radiology Department: Located on floors 3 and 4, accessible through the radiology entrance.
- Laboratory Services: Located on floor 5, accessible through the laboratory entrance.

**Staff Parking and Amenities**

Staff parking is available in designated areas near the hospital's perimeter fence. The following amenities are located near staff parking:

- Cafeteria: Open daily from 7am to 3pm, serving breakfast, lunch, and snacks.
- Fitness Center: Located near the cafeteria, open daily from 6am to 9pm.
- Employee Lounge: Available for staff use during working hours.

**Visitor Information**

Visitors are welcome in public areas of the hospital, including the main lobby, waiting rooms, and patient tower areas. Visitors should follow posted signs and respect patient confidentiality at all times.

For any questions or concerns regarding our hospital facilities or services, please contact our Hospital Administrator's office at extension 101.

We hope this information helps you navigate our hospital. If you have any further questions or require assistance, please do not hesitate to ask.",Public Administrative,PUBLIC,generated,hospital map and directions notice
"Hospital Map and Directions Notice

Welcome to our hospital. We are committed to providing you with a convenient and efficient experience during your visit. Below, you will find a map of our hospital layout and directions to help you navigate our facilities.

**Main Entrance**

The main entrance is located on [Street Address]. The entrance is staffed by security personnel who will greet visitors and direct them to the appropriate area.

**Hospital Layout**

Our hospital is divided into several departments, including:

- Admissions and Registration (Level 1)
- Outpatient Services (Level 2)
- Inpatient Units (Levels 3-5)
- Laboratory and Radiology Department (Level 6)
- Cafeteria and Waiting Areas (Level 7)

**Directions**

To reach any department, please follow these directions:

- From the main entrance, proceed down the central corridor to Level 1.
- For Admissions and Registration, continue straight until you reach the reception area.
- To access Outpatient Services, take the elevator or stairs to Level 2.
- Inpatient Units are accessible via elevator from Levels 3-5.
- The Laboratory and Radiology Department is located on Level 6; please use the elevators to reach this area.

**Parking**

Complimentary parking is available in our surface parking lot, located at [Address]. Please follow signs for designated parking spaces.

We encourage you to plan your visit in advance by contacting our admissions department. We are committed to providing a safe and comfortable environment for all visitors.

Please note that hospital policies and procedures may be subject to change. It is the responsibility of each visitor to familiarize themselves with current guidelines and regulations during their stay.

If you have any questions or concerns, please do not hesitate to ask our staff for assistance.",Public Administrative,PUBLIC,generated,hospital map and directions notice
"Hospital Map and Directions Notice

The hospital is committed to providing clear and concise directions for visitors, staff, and contractors to navigate our facilities. Below is a detailed map of our premises, highlighting key areas, facilities, and services.

**Main Entrance**

The main entrance is located on Hospital Drive, adjacent to the parking lot. Visitors can park in designated parking spaces and enter through the main doors.

**Hospital Layout**

* **Admissions Department**: Located at the front of the hospital, accessible from the main corridor.
* **Reception Area**: Situated near the admissions department, where visitors can check-in and access hospital facilities.
* **Ward Areas**: The ward areas are located on various floors, accessible via elevators. Patients' rooms are numbered according to their floor and room number.
* **Dining Area**: Located in the central corridor, serving meals to patients and staff.
* **Lobby and Waiting Area**: Situated near the reception area, where visitors can relax while waiting for appointments or updates.

**Directions**

From the main entrance:
- Head straight down the main corridor
- Turn left into the receptions area
- Proceed through the admissions department
- Continue on the central corridor to reach the ward areas

By elevator, from any floor:
- Follow signs to access the elevators
- Select your destination floor and press the corresponding button
- Exit at your desired floor and follow the hospital map

**Emergency Procedures**

In case of an emergency, please report to the security desk or call 911. The hospital's emergency response plan is in place to ensure prompt assistance.

Please note that these directions are subject to change, and it is recommended to consult with a hospital staff member for any further clarification or guidance.",Public Administrative,PUBLIC,generated,hospital map and directions notice
"Hospital Map and Directions Notice

The hospital is divided into several departments, including Admissions, Radiology, Laboratory, Surgical Services, Emergency Department, and Outpatient Clinics. The layout of the hospital is as follows:

- The main entrance leads to the Lobby, where visitors can check in with the reception desk.
- From the Lobby, proceed through the Security Checkpoint before accessing the hospital's public areas.
- Admissions is located on the first floor, adjacent to the Lobby. It is staffed during business hours and patients can be checked in here.
- Radiology Department is situated on the second floor, accessible via the Elevator or Stairs.
- Laboratory services are also on the second floor, with separate entrances for patients and visitors.
- Surgical Services and Emergency Department are located on the third floor, accessible via the Elevator.
- Outpatient Clinics are spread across multiple floors, including the first, second, and third floors. Patients can be directed to these departments by the Admissions staff.

To navigate the hospital, please note the following:
- All corridors and rooms are clearly signed with department names or room numbers.
- The hospital's map is available at the Lobby information desk for reference.
- Wheelchairs and mobility aids are available on a first-come, first-served basis at the Reception Desk.
- Smoking areas are located outside the main entrance and adjacent to the Radiology Department.

For lost or found items, please contact the Lost and Found Office at Extension 1111. Security personnel can be reached at Extension 4444 for any security concerns.

Please be advised that hospital services may change due to unforeseen circumstances. It is recommended to check with hospital staff or our website for the most up-to-date information.

We appreciate your cooperation in following these guidelines and ensuring a smooth hospital experience for all visitors.",Public Administrative,PUBLIC,generated,hospital map and directions notice
"Hospital Map and Directions Notice

The following map illustrates the layout of our hospital facilities, including department locations and key amenities.

 Hospital Layout:

Our hospital is divided into several main areas:

* Entrance Lobby: Main entrance to the hospital, where visitors can pick up directions and obtain information about hospital services.
* Reception Area: Located adjacent to the entrance lobby, this area handles all patient admissions, registrations, and inquiries.
* Information Desk: Provides assistance with general hospital information, directions, and maps.

 Department Locations:

* Admitting: Located on the ground floor, near the reception area. This department is responsible for processing patient admissions.
* Outpatient Services: Situated on the first floor, adjacent to the emergency department.
* Emergency Department: Also located on the first floor, accessible from the main lobby.
* Radiology and Imaging: Located on the second floor, adjacent to the outpatient services.

Amenities:

* Cafeteria: Offers a variety of food options for patients, visitors, and staff. Located near the main lobby.
* Fitness Center: A fully equipped fitness center for hospital staff and authorized visitors. Accessible via elevator from the ground floor.
* Gift Shop: Sells souvenirs, books, and other gifts to support hospital fundraising efforts. Located in the entrance lobby.

Directions:

To navigate the hospital, follow these general directions:
- From the main lobby, proceed down the central corridor to access department locations.
- Elevators are located near the reception area and on each floor for easy access.
- Parking is available in designated lots adjacent to the hospital entrance.

If you require assistance during your visit, please ask a member of our hospital staff. We strive to provide a safe and welcoming environment for all patients, visitors, and staff.",Public Administrative,PUBLIC,generated,hospital map and directions notice
"Hospital Map and Directions Notice

Welcome to our hospital campus. We strive to provide a convenient and efficient experience for all visitors, staff, and patients.

**Hospital Layout**

Our hospital is divided into several main areas:

* Main Entrance: Located at the intersection of Hospital Drive and Oak Street
* Visitor Parking Lot: Adjacent to the Main Entrance
* Reception Desk: Inside the Main Entrance building
* Staff Entrance: Located on the west side of the Main Building, accessible through a secure door
* Emergency Department: Located adjacent to the Staff Entrance
* Outpatient Clinics: Located on both sides of the hospital building

**Directions**

* From the Main Entrance, proceed straight into the lobby and take the elevators or stairs to access various floors.
* To access the Emergency Department, follow signs from the Reception Desk or take the elevator to the 2nd floor.
* For outpatient clinics, follow signs from the Reception Desk or ask a hospital staff member for directions.
* Visitor Parking Lot is located adjacent to the Main Entrance and offers complimentary parking.

**Security**

For security purposes, all visitors must go through a security checkpoint before entering the hospital. Please allow at least 10 minutes to clear security.

**Accessibility**

Our hospital is wheelchair accessible with ramps and elevators connecting all floors. If you require assistance, please ask a hospital staff member for help.

We appreciate your cooperation in following these directions to ensure a smooth and safe experience for everyone on our campus.

If you have any questions or concerns, please contact Hospital Operations at (555) 123-4567.

Thank you for visiting our hospital.",Public Administrative,PUBLIC,generated,hospital map and directions notice
"NOTICE: Hospital Map and Directions

The hospital is committed to providing a safe and efficient environment for visitors, staff, and patients. The following map and directions are provided to assist you in navigating our facilities.

Facility Layout:

Our hospital consists of several buildings, including the main patient tower, emergency department, operating rooms, outpatient departments, and administrative offices.

* Main Entrance: Located on Elm Street, this entrance provides access to the main lobby and reception area.
* Patient Tower: Accessible from the main elevator bank, the patient tower offers private rooms for inpatient care.
* Emergency Department: Located adjacent to the main entrance, the emergency department is staffed 24/7 by trained medical professionals.
* Outpatient Departments: Located on floors 2-4 of the patient tower, these departments offer a range of services, including diagnostic testing and treatment.

Directions:

From the Main Entrance:
1. Proceed through the security checkpoint and into the main lobby.
2. Take the elevators to any desired floor.
3. Follow the signs to the emergency department or outpatient departments.

Emergency Evacuation Procedures:

In the event of an emergency, please follow the illuminated evacuation route to the nearest exit. Please use the emergency phone located near each exit to contact hospital staff for assistance.

Accessibility Information:

Our hospital is committed to providing equal access to all visitors and staff. Wheelchair-accessible entrances and elevators are available at the main entrance and on each floor.

Please note that this map is subject to change, and we recommend consulting with hospital staff or our website for up-to-date information.

We appreciate your cooperation and understanding as you navigate our facilities.

Hospital Administration",Public Administrative,PUBLIC,generated,hospital map and directions notice
"Hospital Map and Directions Notice

This hospital is a comprehensive healthcare facility located in the heart of the city. Our mission is to provide high-quality patient care, while ensuring the safety and well-being of our visitors.

Our Hospital Layout:

* Main Entrance: Located on Main Street, accessible from both Northbound and Southbound traffic.
* Emergency Department: Located adjacent to the main entrance, easily identifiable by the bright red sign and flashing lights.
* Outpatient Departments: Located on the east wing of the hospital, accessible via the main corridor or the dedicated outpatient entrance on Elm Street.
* Cafeteria and Gift Shop: Conveniently located near the main entrance, offering a range of food and beverage options as well as souvenirs for patients and visitors.
* Parking: Ample parking spaces available on site, including designated wheelchair-accessible spots.

Directions to Hospital:

From Northbound Traffic:
- Take Main Street towards the hospital
- Turn left onto Oak Street
- Continue straight until reaching the main entrance

From Southbound Traffic:
- Take Main Street towards the hospital
- Turn right onto Elm Street
- Continue straight until reaching the outpatient department entrance

Public Transportation:
- Bus route 12 and 15 stop conveniently outside the hospital entrance.
- For more information, please visit our website or contact local transportation services.

Visitor Information:

* Visitors are welcome during business hours (Monday-Friday, 9am-5pm)
* Parking rates apply for visitors
* Wheelchair-accessible seating areas available throughout the hospital

If you have any questions or need assistance navigating our facility, please ask one of our friendly staff members for help.",Public Administrative,PUBLIC,generated,hospital map and directions notice
"Hospital Map and Directions Notice

The hospital is committed to providing a safe and efficient environment for patients, visitors, and staff. The following map and directions are provided to assist you in navigating our facilities.

 Hospital Floor Plan:

Our hospital consists of three main floors: Main Entrance, Patient Care Floors, and Administrative Floors.

- Main Entrance: Located at the north end of the building, this is where you will enter the hospital. Security screening is required before proceeding.
- Patient Care Floors: These floors house our inpatient and outpatient facilities. The patient tower is located on Levels 3-5, while the outpatient clinic is on Level 2.
- Administrative Floors: Our administrative offices are located on Levels 1-2, including departments such as Human Resources, Accounting, and Information Technology.

Directions to Patient Care Floors:

- From the Main Entrance, proceed down the corridor to the left. Turn right onto Level 3 Patient Tower. Take the elevators to access patient rooms.
- For outpatient clinic services, take the escalator from Level 2 to the Outpatient Clinic area.

 Directions to Administrative Floors:

- From the Patient Care Floors, head back to the Main Entrance and proceed up the stairs or elevator to Level 1-2.
- Turn left onto the administrative corridor and navigate to your department.

Parking Information:

- Parking is available in designated areas on Levels 4 and 5. Please follow signs for parking directions.

Accessibility Information:

- Wheelchair and stroller accessibility is available throughout the hospital. Please ask staff for assistance if needed.

Please note that hospital facilities and services are subject to change. It is recommended to consult our website or contact hospital administration for any updates or changes.",Public Administrative,PUBLIC,generated,hospital map and directions notice
"Hospital Map and Directions Notice

Our hospital is located at 123 Main Street, Anytown, USA. The main entrance is accessible from the north side of the building and is marked with a large sign displaying our logo.

Upon entering the hospital, you will find yourself in the Lobby Area, where you can access:

- Information Desk: Located to your left, this area provides general information about the hospital, including maps, amenities, and services.
- Patient Waiting Area: To your right, this area is designed for patients and their families to wait while they are being seen by our medical staff.
- Hospital Gift Shop: Adjacent to the waiting area, you will find a gift shop offering a selection of souvenirs, books, and snacks.

The hospital is divided into several departments, including:

- Main Entrance: Level 1
- Emergency Department: Level 2
- Outpatient Clinics: Level 3
- Operating Rooms: Level 4

Directions to specific areas are as follows:

- From the Lobby Area, head straight back towards the main entrance and take the elevator to Level 2 for the Emergency Department.
- To access the Outpatient Clinics, proceed down the corridor to your left and take the stairs or elevator to Level 3.

We recommend that you use our hospital map or ask a member of our staff for assistance in navigating the facility. The hospital is open from 7am to 5pm, Monday through Friday, with extended hours on weekends and holidays.

Please note that certain areas of the hospital may be restricted due to ongoing construction or maintenance work. If you encounter any issues during your visit, please contact our Patient Services department for assistance.",Public Administrative,PUBLIC,generated,hospital map and directions notice
"NOTICE: Hospital Map and Directions

This map is intended to provide general information regarding the layout of our hospital facilities. Please note that some areas may be restricted or require special permission for access.

The hospital has undergone significant renovations in recent years, resulting in a more efficient and streamlined facility. The main entrance is located at the intersection of Oak Street and Hospital Drive. Visitors can park in the designated visitor parking lot and proceed to the main lobby.

From the main lobby, proceed straight ahead through the sliding glass doors into the reception area. Staff assistance will be available to direct you to your destination.

The hospital's main departments are situated on the first and second floors. The Emergency Department is located on the first floor, adjacent to the main lobby. Radiology services are also located on the first floor, near the emergency department.

The inpatient units are located on the second floor, accessible by elevator from the reception area. Visitors can access patient rooms with a valid hospital badge and prior approval from hospital staff.

For those with mobility impairments, wheelchair-accessible elevators and ramps provide easy access to all areas of the hospital. Restrooms are also available on each floor for use.

Please note that some areas may be closed due to construction or maintenance. Hospital staff will post signs indicating restricted areas.

We appreciate your cooperation in following these guidelines, which enable us to maintain a safe and efficient environment for everyone.

If you have any questions or concerns about hospital facilities, please do not hesitate to contact our hospital administration office.

Hospital Administration",Public Administrative,PUBLIC,generated,hospital map and directions notice
"Hospital Map and Directions Notice

The hospital is located at 123 Main Street, Anytown, USA. The main entrance is accessible from the public parking area adjacent to the building.

To navigate the hospital, please follow these directions:

- From the main entrance, proceed down the central corridor and turn left into the Emergency Department.
- Continue straight through the Emergency Department and pass by the Reception Desk on your right-hand side.
- Turn right at the next intersection and walk along the West Wing of the hospital. The Outpatient Clinics are located in this wing.
- To access the East Wing, which houses the main operating theaters and wards, turn left at the third set of double doors.

Room numbers and department locations can be found on the wall directories throughout the hospital. Please note that room numbers may vary depending on the ward or department.

For patients and visitors, there are designated seating areas in each department. These areas provide a comfortable space to wait while attending to their loved ones.

Accessible amenities include wheelchair ramps and elevators at all main entrances. Additionally, audio induction loops are installed in meeting rooms and public areas for those with hearing impairments.

Lost or forgotten items can be recovered from the Lost and Found office located on the ground floor near the Reception Desk. Please contact the Hospital Concierge team to arrange retrieval.

The hospital offers a variety of dining options, including the main cafeteria and vending machines. Meal services are available in the designated eating areas throughout the hospital.

Please follow all hospital rules and regulations to ensure your visit is comfortable and safe for you and those around you.",Public Administrative,PUBLIC,generated,hospital map and directions notice
"HOSPITAL MAP AND DIRECTIONS NOTICE

Welcome to Oakwood Hospital, a state-of-the-art healthcare facility located at 123 Main Street, Anytown, USA. Our hospital is designed to provide easy navigation and convenient access to various departments and services.

**Hospital Layout**

The hospital is divided into several sections:

* **Admission Area**: Located on the ground floor, this area serves as the primary entrance for patients, visitors, and staff.
* **Emergency Department**: Situated adjacent to the Admission Area, our Emergency Department provides 24/7 care for acute medical conditions.
* **Operating Suites**: Accessible via a secure corridor, our Operating Suites are equipped with state-of-the-art surgical technology.
* **Medical Imaging**: Located on the second floor, our Medical Imaging department offers advanced imaging services, including X-ray, CT scans, and MRI.

**Directions to Key Areas**

* To access the hospital's main lobby, follow the signs from the Admission Area. The elevators are located nearby, providing convenient access to all floors.
* For patients requiring transportation, wheelchairs and ambulatory carts are available at the designated pick-up area outside the hospital entrance.
* For visiting staff, a secure parking garage is located adjacent to the hospital, accessible via a separate entrance.

**Accessibility Information**

Our hospital is wheelchair accessible, with ramps and elevators serving all floors. Braille signage and audio announcements are also provided for visually impaired visitors.

**Lost or Forgotten Items**

If you have lost an item while visiting the hospital, please contact our Lost and Found department at x5000.

We hope this information assists you in navigating our hospital effectively. If you require assistance or have any questions, please do not hesitate to ask a member of our staff.

Sincerely,
Oakwood Hospital Administrative Team",Public Administrative,PUBLIC,generated,hospital map and directions notice
"Hospital Map and Directions Notice

Welcome to Oakwood Hospital. We are committed to providing a safe and efficient environment for our visitors, staff, and patients.

**General Information**

Oakwood Hospital is located at 123 Main Street, Anytown, USA. The hospital's main entrance is accessible from the public parking lot located on the north side of the building. Our administrative office hours are Monday - Friday, 8:00 am - 5:00 pm.

**Hospital Layout**

The hospital consists of six floors, with the following departments and services:

* Floor 1: Emergency Department, Radiology Department
* Floor 2: Surgical Services, Operating Rooms
* Floor 3: Medical-Surgical Units, Intensive Care Unit
* Floor 4: Pediatric Services, Neonatal Intensive Care Unit
* Floor 5: Outpatient Services, Pharmacy
* Floor 6: Administrative Offices, Parking Garage

**Directions and Accessibility**

To access the hospital's main entrance, please follow these directions:

1. From the public parking lot, walk towards the north side of the building.
2. Turn left onto Main Street and continue for 100 feet.
3. The main entrance will be on your right-hand side.

For those with disabilities, please contact our Accessibility Services department at (555) 123-4567 for assistance with navigation and accommodations.

**Security and Safety**

Please note that all visitors must check in at the security desk before entering the hospital. Security personnel are available to assist with directions and answer questions throughout the day.

We appreciate your cooperation and understanding as we strive to maintain a safe and secure environment for everyone.

Sincerely,
The Management Team",Public Administrative,PUBLIC,generated,hospital map and directions notice
"Staff Training Schedule - Week of [Insert Date]

**Monday, [Date]**

* 8:00 AM - 12:00 PM: New Hire Orientation for Department A (Room 204)
* 2:00 PM - 4:00 PM: Mandatory Safety Training for All Staff (Conference Room 1)

**Tuesday, [Date]**

* 9:00 AM - 11:00 AM: Department B Quality Assurance Review (Room 304)
* 1:00 PM - 3:00 PM: IT Support Session for All Staff (Training Room 2)

**Wednesday, [Date]**

* 10:00 AM - 12:00 PM: Emergency Response Training (Fire Drills and Evacuation Procedures) (Auditorium 1)
* 2:00 PM - 4:00 PM: Continuing Education Session for Nurses (Room 203)

**Thursday, [Date]**

* 9:00 AM - 11:00 AM: Department C Policy Update Review (Conference Room 3)
* 1:00 PM - 3:00 PM: Staff Development and Mentorship Session (Training Room 1)

**Friday, [Date]**

* 10:00 AM - 12:00 PM: Clinical Documentation Improvement Training (Room 302)

All staff are required to attend the mandatory safety training on Monday, [Date], and are encouraged to review the departmental policies and procedures throughout the week.

Please note that this schedule is subject to change based on operational needs. Staff will receive a daily email with any updates or cancellations.

If you have any conflicts with your scheduled training sessions, please notify the Training Coordinator by [Insert Date].",Public Administrative,PUBLIC,generated,staff training schedule
"Staff Training Schedule - Week of March 12th - 16th

**Monday, March 12th**

* 8:00am - 9:30am: New Staff Orientation (Training Room)
* 10:00am - 11:30am: Department Specific Training Session (Unit 3)
* 2:00pm - 4:00pm: IT System Update Training (Conference Room)

**Tuesday, March 13th**

* 9:00am - 12:00pm: Safety and Emergency Procedures Training (Training Room)
* 1:30pm - 3:30pm: HIPAA Compliance Review (Unit 2)
* 4:00pm - 5:00pm: Staff Wellness Program Introduction (Break Room)

**Wednesday, March 14th**

* 8:30am - 10:30am: Clinical Documentation Best Practices (Unit 1)
* 11:00am - 12:30pm: Med-Surg Training Session (Unit 3)
* 2:00pm - 4:00pm: Patient Flow and Transport Procedures (Training Room)

**Thursday, March 15th**

* 9:00am - 10:30am: Quality Improvement Initiative Overview (Conference Room)
* 11:00am - 12:30pm: Staff Communication and Teamwork Skills (Unit 2)
* 1:30pm - 3:30pm: Medical Record System Training (IT Department)

**Friday, March 16th**

* 8:30am - 10:00am: Compliance with Regulatory Requirements (Training Room)
* 11:00am - 12:00pm: Review of Staff Policies and Procedures (Unit 1)
* 2:00pm - 3:00pm: Final Q&A Session (Conference Room)

All training sessions are mandatory for all staff members. Please report to the designated location on time and be prepared to participate in the session.",Public Administrative,PUBLIC,generated,staff training schedule
"Staff Training Schedule - Week of March 12th to March 18th, 2023

Monday, March 13th:

* 8:00 AM - 12:00 PM: Departmental Orientation for New Staff Members (Training Room A)
* 1:00 PM - 3:00 PM: HR Policy Overview and Employee Handbook Review (Conference Room B)

Tuesday, March 14th:

* 9:00 AM - 11:00 AM: IT System Updates and Technical Support Training (IT Department)
* 2:00 PM - 4:00 PM: Safety Procedures and Emergency Response Training (Training Room A)

Wednesday, March 15th:

* 10:00 AM - 12:00 PM: Patient Flow Management and Bedside Manner Training (Simulation Lab)
* 3:00 PM - 5:00 PM: Quality Assurance and Performance Metrics Review (Conference Room B)

Thursday, March 16th:

* 9:00 AM - 11:00 AM: Administrative Tasks and Office Procedures Training (Training Room A)
* 1:00 PM - 3:00 PM: Clinical Decision Support System (CDSS) Training (IT Department)

Friday, March 17th:

* 10:00 AM - 12:00 PM: Interdisciplinary Team Collaboration and Communication Skills Training (Simulation Lab)
* 2:00 PM - 4:00 PM: Performance Improvement and Quality Metrics Review (Conference Room B)

Monday, March 20th:

* 8:00 AM - 12:00 PM: Staff Wellness and Self-Care Training (Training Room A)

Please note that this is a sample document and actual training schedules may vary based on the specific needs of the hospital or organization.",Public Administrative,PUBLIC,generated,staff training schedule
"Staff Training Schedule - Week of March 6th to March 10th

Monday, March 6th:

* 8:00am - 12:00pm: New Hire Orientation and IT Setup
* 1:00pm - 4:00pm: Departmental Overview and Policies Review
* 5:00pm - 7:00pm: Staff Meeting with Q&A Session

Tuesday, March 7th:

* 9:00am - 12:00pm: Safety Protocols and Emergency Procedures Training
* 1:30pm - 3:30pm: Compliance and Regulatory Affairs Review
* 4:00pm - 5:00pm: Breakout Sessions on Employee Assistance Programs

Wednesday, March 8th:

* 10:00am - 12:00pm: Staff Wellness and Self-Care Initiatives Discussion
* 1:00pm - 3:00pm: Technology and Software Training (Module 2)
* 4:00pm - 5:00pm: Breakout Sessions on Diversity, Equity, and Inclusion

Thursday, March 9th:

* 8:30am - 10:30am: Human Resources Policies Review
* 11:30am - 1:00pm: Time Management and Productivity Strategies Session
* 2:00pm - 4:00pm: Breakout Sessions on Career Development Opportunities

Friday, March 10th:

* 9:00am - 12:00pm: IT System Updates and Maintenance Training
* 1:00pm - 3:00pm: Staff Meeting with Feedback Session",Public Administrative,PUBLIC,generated,staff training schedule
"Staff Training Schedule - Week of [Insert Date]

**Monday, [Insert Date]**

* 8:00 AM - 12:00 PM: New Hire Orientation for Administrative Staff
* 2:00 PM - 4:00 PM: Computerized Hospital Information System (CHIS) Training for Clerical Staff

**Tuesday, [Insert Date]**

* 9:00 AM - 12:00 PM: HIPAA Compliance Review and Update for All Staff
* 1:00 PM - 3:00 PM: Patient Registration Process Training for Admissions Team

**Wednesday, [Insert Date]**

* 8:30 AM - 10:30 AM: Staff Safety and Emergency Procedures Training
* 2:00 PM - 4:00 PM: Medical Records Management and Retention Protocols Training

**Thursday, [Insert Date]**

* 9:00 AM - 11:00 AM: Billing and Coding Guidelines Review for Revenue Cycle Team
* 1:00 PM - 3:00 PM: Quality Assurance and Performance Improvement Initiatives Training

**Friday, [Insert Date]**

* 8:30 AM - 10:30 AM: Electronic Health Record (EHR) System Training for Nurses and Care Coordinators
* 2:00 PM - 4:00 PM: Risk Management and Liability Protocols Review for All Staff

All training sessions are mandatory for all staff members. Please ensure to attend the scheduled session or notify your supervisor in advance to make arrangements.",Public Administrative,PUBLIC,generated,staff training schedule
"Staff Training Schedule - Quarter 1

Date | Trainer | Topic | Location | Time | Status
-----|---------|--------|---------|------|-------
01/03 | Jane Doe | New Hire Orientation | Training Room A | 9:00 AM - 12:00 PM | Completed
02/03 | John Smith | Departmental Policies | Conference Room B | 2:00 PM - 4:00 PM | Scheduled
05/03 | Jane Doe | Time Management | Training Room A | 10:00 AM - 11:30 AM | Completed
08/03 | Emily Johnson | Electronic Medical Records | Training Room C | 1:00 PM - 3:00 PM | Scheduled
12/03 | Michael Davis | HIPAA Compliance | Conference Room B | 9:30 AM - 11:30 AM | Completed
15/03 | Sarah Lee | First Aid and CPR | Training Room A | 2:30 PM - 4:30 PM | Scheduled

Training Schedule for New Hires:

* All new hires must attend the Orientation session on January 3rd
* New hire training will be conducted by Jane Doe on consecutive Mondays at 10:00 AM in Training Room A
* New hires are required to complete all modules within the first two weeks of employment

Training Schedule for Current Staff:

* Departmental policies will be covered by John Smith on February 3rd
* Time management and electronic medical records training sessions have been rescheduled for January 5th and February 8th, respectively
* HIPAA compliance training has been completed by Michael Davis and is available for review

Please note that all staff members are required to adhere to the training schedule outlined above.",Public Administrative,PUBLIC,generated,staff training schedule
"Staff Training Schedule - March 2023

Week of March 6th:

* Monday, March 6th:
 + 8:00am-12:00pm: New Hire Orientation for all staff members
 + 2:00pm-4:00pm: Mandatory IT System Training for Administrative Staff
* Tuesday, March 7th:
 + 10:00am-11:30am: Departmental Policy Review and Update (HR)
 + 1:00pm-3:00pm: Quality Improvement Initiative Training for Nurses
* Wednesday, March 8th:
 + 9:00am-12:00pm: Medical Records Management Certification Course
 + 2:00pm-4:00pm: Patient Safety and Compliance Training for All Staff

Week of March 13th:

* Monday, March 13th:
 + 10:00am-11:30am: HIPAA Compliance Review for Administrative Staff
 + 1:00pm-3:00pm: Medication Management Training for Nurses
* Tuesday, March 14th:
 + 9:00am-12:00pm: Staff Development and Performance Management Training
 + 2:00pm-4:00pm: Conflict Resolution and Communication Skills Training for All Staff
* Wednesday, March 15th:
 + 8:00am-10:00am: Review of Staff Handbooks and Policies
 + 1:00pm-3:00pm: Electronic Health Record (EHR) System Training

Please note that all staff members are required to attend the mandatory IT System Training on Monday, March 6th, and any previously scheduled training sessions have been rescheduled accordingly.",Public Administrative,PUBLIC,generated,staff training schedule
"Staff Training Schedule - Week of March 12th to March 18th

Date | Time | Location | Training Topic
-----|------|----------|-------------------
Monday, March 12th | 8:00 am - 12:00 pm | Conference Room | New Employee Orientation
Tuesday, March 13th | 2:00 pm - 4:00 pm | Departmental Meeting Room | HIPAA Compliance Review
Wednesday, March 14th | 9:30 am - 11:30 am | Medical Records Training Area | Electronic Health Record (EHR) System
Thursday, March 15th | 1:00 pm - 3:00 pm | Staff Lounge | First Aid and CPR Certification Update
Friday, March 16th | 10:00 am - 12:00 pm | Training Room | Conflict Resolution and Communication Skills

Date | Time | Location | Training Topic
-----|------|----------|-------------------
Monday, March 19th | 8:30 am - 9:30 am | Departmental Meeting Room | Quality Improvement Initiative Overview
Tuesday, March 20th | 2:00 pm - 4:00 pm | Conference Room | Staff Safety and Security Protocols

All staff members are required to attend the mandatory training sessions. The dates and times listed above are subject to change based on operational needs. Please check with your supervisor or the training department for any updates.

Please note that all training materials, including presentations and handouts, will be made available through the hospital's intranet platform. It is also recommended that staff members review relevant policies and procedures prior to attending the sessions.

If you have any questions or concerns regarding the training schedule, please do not hesitate to reach out to the training department.",Public Administrative,PUBLIC,generated,staff training schedule
"Staff Training Schedule - Week of March 6th

The following training sessions have been scheduled for the week of March 6th:

Monday, March 6th:
- 8:00am - 9:00am: New Hire Orientation
- 1:30pm - 3:00pm: Compliance and Regulatory Training (Department 2)

Tuesday, March 7th:
- 10:00am - 11:30am: Electronic Medical Record System (EMRS) Tutorial
- 2:00pm - 4:00pm: First Aid and CPR Certification

Wednesday, March 8th:
- 9:30am - 12:00pm: Department-Specific Safety Procedures Training (Department 1)
- 1:00pm - 3:00pm: HIPAA and Confidentiality Guidelines Review

Thursday, March 9th:
- 10:00am - 11:30am: Medical Supplies Inventory Management
- 2:00pm - 4:00pm: Patient Flow and Discharge Procedures Review

Friday, March 10th:
- 8:00am - 12:00pm: Mandatory Facility-Wide Training (All Departments)

Additional training opportunities will be announced through the hospital's intranet and will require prior registration.

Please note that all staff members are required to attend a minimum of two training sessions per quarter. Exempted staff members must obtain approval from their supervisor in advance.

If you have any questions or concerns, please contact the Training and Development Department at x1234.",Public Administrative,PUBLIC,generated,staff training schedule
"Staff Training Schedule - Quarter 1

Date | Training Event | Location | Duration
-----|----------------|-----------|---------
03/01 | New Hire Orientation | Conference Room A | 2 hours
04/15 | HIPAA Compliance Review | Webinar | 1 hour
05/01 | First Aid and CPR Certification | Training Facility | 3 hours
06/10 | Medical Records Management | Training Center | 2.5 hours
07/22 | Electronic Health Record (EHR) System Update | Conference Room B | 2 hours

Date | Training Event | Location | Duration
-----|----------------|-----------|---------
08/03 | Infection Control and Prevention | Webinar | 1 hour
09/01 | Hospital Policy Updates | Training Center | 2.5 hours
10/15 | Medical Billing and Coding | Conference Room C | 3 hours
11/12 | Staff Safety and Emergency Procedures | Training Facility | 2 hours

Date | Training Event | Location | Duration
-----|----------------|-----------|---------
12/05 | Year-End Review and Goal Setting | Executive Boardroom | 1.5 hours

All staff members are required to attend the following mandatory training sessions:

* New Hire Orientation: all new hires within the past quarter
* HIPAA Compliance Review: all staff members working with patient data
* Medical Records Management: all medical records personnel
* Electronic Health Record (EHR) System Update: all EHR users

Please RSVP for all training events to the Training Department by 2 days prior to the scheduled date.",Public Administrative,PUBLIC,generated,staff training schedule
"Staff Training Schedule - Week of March 6th to 10th

Monday, March 6th:

* 8:00 AM - 12:00 PM: Departmental Orientation for New Hire
* 1:00 PM - 3:00 PM: Electronic Health Record (EHR) System Training for All Staff
* 4:00 PM - 5:00 PM: Quality Improvement Initiative Briefing

Tuesday, March 7th:

* 9:00 AM - 11:00 AM: Risk Management Workshop
* 2:00 PM - 4:00 PM: Compliance Review and Update Training

Wednesday, March 8th:

* 10:00 AM - 12:00 PM: Emergency Preparedness Drill
* 1:30 PM - 3:30 PM: Staff Development Session on Communication Strategies

Thursday, March 9th:

* 9:30 AM - 11:30 AM: HIPAA Training Update for All Staff
* 2:30 PM - 4:00 PM: Clinical Documentation Improvement (CDI) Workshop

Friday, March 10th:

* 8:30 AM - 12:00 PM: IT Support Session for EHR System and Other Hospital Systems
* 1:30 PM - 3:30 PM: Staff Recognition and Appreciation Awards Ceremony

All staff are required to attend the mandatory training sessions. The schedule is subject to change, and staff will receive updates via the hospital's intranet portal.

Please note that all training sessions are confidential and should not be shared outside of work hours. If you have any conflicts or concerns regarding the training schedule, please reach out to your supervisor or HR representative.",Public Administrative,PUBLIC,generated,staff training schedule
"Staff Training Schedule - Week of March 11th - March 17th

Monday, March 11th:

* 9:00 AM - 10:30 AM: New Hire Orientation (Training Room)
* 1:00 PM - 3:00 PM: HIPAA Compliance Review (Boardroom)
* 2:00 PM - 4:00 PM: Medical Records Management (Training Room)

Tuesday, March 12th:

* 9:00 AM - 10:30 AM: Phlebotomy Training (Lab Department)
* 11:00 AM - 1:00 PM: Medical Equipment Maintenance (Facilities Department)
* 2:00 PM - 4:00 PM: Code Blue Response Training (Simulation Room)

Wednesday, March 13th:

* 9:00 AM - 10:30 AM: Risk Management Presentation (Conference Room)
* 11:00 AM - 1:00 PM: Patient Flow Optimization (Operational Department)
* 2:00 PM - 4:00 PM: Electronic Health Record (EHR) Training (Computer Lab)

Thursday, March 14th:

* 9:00 AM - 10:30 AM: Medical Billing and Coding (Boardroom)
* 11:00 AM - 1:00 PM: Radiation Safety Training (Radiology Department)
* 2:00 PM - 4:00 PM: Fire Safety and Emergency Response (Facilities Department)

Friday, March 15th:

* 9:00 AM - 10:30 AM: Staff Wellness Program (Employee Lounge)
* 11:00 AM - 1:00 PM: Telehealth Orientation (Conference Room)
* 2:00 PM - 4:00 PM: Quality Improvement Initiative (Operational Department)

Monday, March 18th:

* 9:00 AM - 10:30 AM: System Downtime Drill (Simulation Room)
* 11:00 AM - 1:00 PM: Clinical Documentation Improvements (Boardroom)
* 2:00 PM - 4:00 PM: New Equipment Training (Lab Department)",Public Administrative,PUBLIC,generated,staff training schedule
"STAFF TRAINING SCHEDULE - QUARTERLY REVIEW AND REFRESH

The Hospital Administration has scheduled various training sessions to ensure that all staff members are equipped with the necessary knowledge and skills to provide high-quality patient care.

**Quarterly Review Sessions**

* Staff Training Room, 2nd Floor: Every Friday at 9:00 AM for a 60-minute session. Topics include:
 + HIPAA Compliance (March 10)
 + New Hospital Policies and Procedures (April 7)
 + Patient Safety and Quality Improvement (May 5)

**On-the-Job Training**

* Departmental rotations will be conducted every 6 weeks to ensure staff members are familiar with the daily operations of other departments.
* Rotations will take place on:
 + March 24-28: Medical Records
 + April 14-18: Emergency Department
 + May 5-9: Surgical Services

**Annual Training Requirements**

* All new hires must complete an Orientation Session within their first week of employment (dates to be determined).
* Annual refresher sessions will be held in August, covering topics such as:
 + Hospital Safety Protocols
 + Electronic Medical Record Systems
 + Conflict Resolution and Communication Skills

**Training Facilitators**

* Department Heads: John Smith, Jane Doe
* Training Coordinator: Michael Brown
* Training Dates and Times subject to change. Please check with the Training Coordinator for updates.

**Compliance and Attendance**

* All staff members are required to attend training sessions and adhere to hospital policies and procedures.
* Failure to comply may result in disciplinary action.

Please note that this schedule is subject to change and may be updated as needed.",Public Administrative,PUBLIC,generated,staff training schedule
"Staff Training Schedule - Week of March 11th to March 17th

**Monday, March 12th**

* 9:00 AM - 12:00 PM: New Hire Orientation for Department A
* 1:00 PM - 3:00 PM: Clinical Coding Tutorial for Department B
* 2:00 PM - 4:00 PM: Mandatory Safety Training for All Staff

**Tuesday, March 13th**

* 9:30 AM - 11:30 AM: HIPAA Compliance Review for Department C
* 10:00 AM - 12:00 PM: Electronic Medical Record (EMR) System Training for Department D
* 2:00 PM - 4:00 PM: Conflict Resolution and Customer Service Training

**Wednesday, March 14th**

* 9:30 AM - 11:30 AM: Risk Management and Incident Reporting Training
* 1:00 PM - 3:00 PM: Quality Improvement Initiative for Department E
* 2:00 PM - 4:00 PM: Staff Wellness and Self-Care Workshop

**Thursday, March 15th**

* 9:30 AM - 11:30 AM: Advanced First Aid and CPR Training
* 10:00 AM - 12:00 PM: Compliance with Joint Commission Standards Training
* 2:00 PM - 4:00 PM: New Hire Orientation for Department F

**Friday, March 16th**

* 9:00 AM - 11:30 AM: Peer Review and Performance Improvement Training
* 10:00 AM - 12:00 PM: Staff Communication and Interpersonal Skills Training

Note: All training sessions are mandatory for all staff members. Please ensure to attend the designated sessions to meet your training requirements.",Public Administrative,PUBLIC,generated,staff training schedule
"Staff Training Schedule - Week of March 11th

Monday, March 11th:

* 8:00 AM - 12:00 PM: New Staff Orientation for Department 3
* 2:00 PM - 4:00 PM: Mandatory Safety Training for All Staff

Tuesday, March 12th:

* 9:00 AM - 12:00 PM: Continuing Education Session for Nursing Staff
* 1:00 PM - 3:00 PM: IT Department Training on New Software System

Wednesday, March 13th:

* 10:00 AM - 11:30 AM: Quality Improvement Committee Meeting
* 2:00 PM - 4:00 PM: Staff Development Workshop on Effective Communication Skills

Thursday, March 14th:

* 9:00 AM - 12:00 PM: Continuing Education Session for Administrative Staff
* 1:00 PM - 3:00 PM: Departmental Meeting to Review Performance Metrics

Friday, March 15th:

* 10:00 AM - 11:30 AM: Risk Management Committee Meeting
* 2:00 PM - 4:00 PM: Staff Wellness Initiative - Healthy Eating and Exercise Workshop

Monday, March 18th:

* 9:00 AM - 12:00 PM: Training for Newly Hired Staff Members
* 1:00 PM - 3:00 PM: Departmental Meeting to Review Policy Updates

Tuesday, March 19th:

* 10:00 AM - 11:30 AM: Interdisciplinary Team Meeting
* 2:00 PM - 4:00 PM: Training for Staff on New Hospital Policies",Public Administrative,PUBLIC,generated,staff training schedule
"Staff Training Schedule - Week of March 12th to March 18th

Monday, March 13th:

* 8:00 AM - 9:30 AM: New Staff Orientation (HR Office)
* 10:00 AM - 12:00 PM: Clinical Operations Training (Room 204)
* 1:00 PM - 3:00 PM: IT Department Training (Conference Room A)

Tuesday, March 14th:

* 9:00 AM - 11:00 AM: Quality Assurance and Improvement (Room 205)
* 12:00 PM - 2:00 PM: Safety Procedures Training (Training Room B)
* 3:00 PM - 5:00 PM: Staff Wellness and Self-Care (Gym)

Wednesday, March 15th:

* 9:30 AM - 11:30 AM: Policy and Procedure Review (Room 203)
* 12:30 PM - 2:30 PM: HIPAA Training (Conference Room C)
* 3:00 PM - 5:00 PM: Team Meetings and Collaboration (Breakout Rooms)

Thursday, March 16th:

* 8:30 AM - 10:30 AM: Equipment Maintenance Training (Maintenance Room)
* 11:00 AM - 1:00 PM: Emergency Preparedness and Response (Training Room A)
* 2:00 PM - 4:00 PM: Staff Development and Growth Opportunities (HR Office)

Friday, March 17th:

* 9:00 AM - 10:30 AM: Conflict Resolution and Communication Training (Room 204)
* 11:00 AM - 12:30 PM: Departmental Meetings and Updates (Conference Room B)

Please note that the schedule is subject to change and may be adjusted based on staff availability and departmental needs.",Public Administrative,PUBLIC,generated,staff training schedule
"Staff Training Schedule - Week of March 11th to March 17th

Monday, March 12th:

* 8:00 am - 9:00 am: Departmental Orientation for New Staff Members (Training Room A)
* 2:00 pm - 4:00 pm: Computerized System Training Session for Administrative Staff (Conference Room B)

Tuesday, March 13th:

* 10:00 am - 11:30 am: Emergency Response Procedures Training (Training Room C)
* 1:00 pm - 3:00 pm: Policies and Procedures Review for New Employees (Training Room A)

Wednesday, March 14th:

* 9:00 am - 12:00 pm: Staff Development Session on Conflict Resolution and Communication Skills (Conference Room B)
* 2:00 pm - 4:00 pm: Medical Records Management Training for Administrative Staff (Training Room C)

Thursday, March 15th:

* 10:00 am - 11:30 am: HIPAA Compliance Training (Conference Room A)
* 1:00 pm - 3:00 pm: Review of Hospital Policies and Procedures with New Employees (Training Room B)

Friday, March 16th:

* 9:00 am - 12:00 pm: Staff Development Session on Time Management and Productivity (Conference Room C)
* 2:00 pm - 4:00 pm: Computerized System Training for Nursing Staff (Training Room A)

All training sessions are open to all staff members. Please RSVP to the training coordinator by March 10th to confirm attendance.",Public Administrative,PUBLIC,generated,staff training schedule
"Staff Training Schedule - Week of April 15th

Week of April 15th, the hospital will conduct a comprehensive staff training program to ensure compliance with regulatory requirements and optimal operational efficiency. The following training sessions have been scheduled:

Monday, April 16th:
- 9:00 AM - 12:00 PM: New Staff Orientation (Room 304)
- 1:00 PM - 3:00 PM: HIPAA Training (Conference Room A)

Tuesday, April 17th:
- 8:00 AM - 10:00 AM: Electronic Medical Record System Training (Training Room B)
- 2:00 PM - 4:00 PM: First Aid and CPR Certification Update (Fitness Center)

Wednesday, April 18th:
- 9:30 AM - 11:30 AM: Patient Flow and Scheduling System Training (Office 212)
- 1:00 PM - 3:00 PM: Infection Control and Prevention Training (Conference Room C)

Thursday, April 19th:
- 10:00 AM - 12:00 PM: Quality Improvement Initiative Training (Training Room A)
- 2:00 PM - 4:00 PM: Employee Safety Protocol Training (Office 101)

Friday, April 20th:
- 9:00 AM - 11:00 AM: Review and Refresh Session for All Staff (Conference Room B)

All staff members are required to attend the designated training sessions. The hospital reserves the right to adjust or modify the training schedule as necessary.

Please confirm your attendance by signing and returning the attached confirmation form to the Training Coordinator by April 15th.",Public Administrative,PUBLIC,generated,staff training schedule
"Staff Training Schedule - Week of [Insert Date]

Monday, [Date]:

* 8:00 am - 12:00 pm: New Hire Orientation (Training Room)
* 1:00 pm - 3:00 pm: Point-of-Care Medical Device Training (Medical Devices Conference Room)
* 2:00 pm - 4:00 pm: HIPAA Compliance Review and Practice Exercises (Training Room)

Tuesday, [Date]:

* 9:00 am - 11:00 am: First Aid and CPR Certification Renewal (First Aid Training Room)
* 1:00 pm - 3:00 pm: Electronic Health Record System Navigation and User Guide (EHR Conference Room)
* 2:00 pm - 4:00 pm: Medical Coding and Billing Review (Training Room)

Wednesday, [Date]:

* 8:00 am - 12:00 pm: Staff Development Session: Conflict Resolution and Communication Skills (Training Room)
* 1:00 pm - 3:00 pm: Infection Control and Safety Protocols Training (Infection Control Conference Room)
* 2:00 pm - 4:00 pm: Medical Terminology Review and Practice Exercises (Training Room)

Thursday, [Date]:

* 9:00 am - 11:00 am: Quality Improvement and Performance Metrics Review (Training Room)
* 1:00 pm - 3:00 pm: Staff Wellness Initiative Overview and Health Promotion Resources (Training Room)
* 2:00 pm - 4:00 pm: Business Office Operations and Financial Management Review (Business Office Conference Room)

Friday, [Date]:

* 8:00 am - 12:00 pm: Clinical Operations and Workflow Optimization Session (Clinical Operations Conference Room)
* 1:00 pm - 3:00 pm: Risk Management and Liability Protocols Training (Training Room)",Public Administrative,PUBLIC,generated,staff training schedule
"Staff Training Schedule - Week of April 15th to April 21st

Monday, April 16th:

* 8:00 am - 12:00 pm: New Staff Orientation (Room 204)
* 1:00 pm - 3:00 pm: Mandatory IT Security Training (Conference Room A)

Tuesday, April 17th:

* 9:00 am - 10:30 am: Emergency Preparedness and Response Training (Training Room B)
* 2:00 pm - 4:00 pm: Compliance with HIPAA Regulations (Room 101)

Wednesday, April 18th:

* 10:00 am - 11:30 am: Medical Record Management and Retention Policy (Conference Room A)
* 1:00 pm - 3:00 pm: Continuing Education for Healthcare Professionals (Training Room B)

Thursday, April 19th:

* 9:00 am - 12:00 pm: Staff Conduct and Professionalism Training (Room 204)
* 2:00 pm - 4:00 pm: Crisis Management and Response Protocol (Conference Room A)

Friday, April 20th:

* 10:00 am - 11:30 am: Quality Improvement and Patient Safety Initiatives (Training Room B)
* 1:00 pm - 3:00 pm: New Staff Shadowing and Onboarding (Various Departments)

Monday, April 23rd:

* 8:00 am - 12:00 pm: Open Training Session for All Staff (Conference Room A)

All training sessions are mandatory and open to all staff members. Please ensure to attend the scheduled sessions or notify your supervisor in advance.

Note: This document is a sample and should be reviewed and modified according to the specific needs of your hospital or organization.",Public Administrative,PUBLIC,generated,staff training schedule
"Staff Training Schedule - Week of March 13th - 17th

Monday, March 13th:

* 8:00 AM - 12:00 PM: New Hire Orientation (Training Room)
* 2:00 PM - 4:00 PM: Data Entry System Training (IT Department)

Tuesday, March 14th:

* 9:00 AM - 10:30 AM: HIPAA Compliance Review (Conference Room A)
* 11:00 AM - 12:30 PM: Electronic Medical Record (EMR) Systems Training (Training Room)
* 2:00 PM - 4:00 PM: Medical Terminology Refresher Course (Library)

Wednesday, March 15th:

* 8:00 AM - 10:00 AM: Risk Management and Incident Reporting Training (Conference Room B)
* 11:00 AM - 12:30 PM: Quality Improvement Initiative Review (Training Room)
* 2:00 PM - 4:00 PM: Staff Safety Protocols Training (Fitness Center)

Thursday, March 16th:

* 9:00 AM - 10:30 AM: Medical Billing and Coding Training (IT Department)
* 11:00 AM - 12:30 PM: Patient Flow Optimization Workshop (Training Room)
* 2:00 PM - 4:00 PM: Staff Communication Protocols Review (Conference Room A)

Friday, March 17th:

* 8:00 AM - 10:00 AM: IT System Maintenance and Support Training (IT Department)
* 11:00 AM - 12:30 PM: Staff Wellness and Self-Care Initiative (Fitness Center)
* 2:00 PM - 4:00 PM: Review of Staff Handbooks and Policies (Training Room)

Please note that all training sessions are mandatory for all staff members. Please check with your supervisor or HR representative for more information on participation requirements.",Public Administrative,PUBLIC,generated,staff training schedule
"Staff Training Schedule - Week of March 11th

**Monday, March 11th**

* 9:00 AM - 12:00 PM: Staff Orientation (Room 204)
* 2:00 PM - 4:00 PM: HIPAA Compliance Review (Training Room A)

**Tuesday, March 12th**

* 10:00 AM - 11:30 AM: EMR System Update Training (Computer Lab B)
* 1:00 PM - 3:00 PM: Customer Service Skills Development (Room 201)

**Wednesday, March 13th**

* 9:00 AM - 12:00 PM: Staff Development Session (Training Room A)
* 2:00 PM - 4:00 PM: Crisis Management and Response Training (Conference Room C)

**Thursday, March 14th**

* 10:00 AM - 11:30 AM: Risk Management and Compliance Training (Computer Lab B)
* 1:00 PM - 3:00 PM: Team Meeting and Performance Feedback Session (Room 204)

**Friday, March 15th**

* 9:00 AM - 12:00 PM: Quality Improvement Initiative Training (Training Room A)
* 2:00 PM - 4:00 PM: New Hire Onboarding Process Review (Conference Room C)

All training sessions are mandatory and will be monitored by supervisors. Please arrive on time and be prepared to participate actively. If you have any conflicts or need accommodations, please notify your supervisor in advance.

Please note that this schedule is subject to change without notice.",Public Administrative,PUBLIC,generated,staff training schedule
"Staff Training Schedule - Week of April 10th - April 14th, 2023

Monday, April 10th:

* 8:00 AM - 12:00 PM: New Hire Orientation for Department A
* 1:00 PM - 4:00 PM: Staff Development Session: Effective Communication in the Workplace (Department B)
* 6:00 PM - 9:00 PM: Mandatory Safety Training for All Staff

Tuesday, April 11th:

* 9:00 AM - 12:00 PM: Quality Improvement Initiative Training (Department C)
* 1:00 PM - 3:00 PM: Staff Wellness Workshop (All Departments)

Wednesday, April 12th:

* 8:00 AM - 10:00 AM: Cybersecurity Awareness Training (Department D)
* 11:00 AM - 2:00 PM: Interdepartmental Collaboration Meeting

Thursday, April 13th:

* 9:30 AM - 12:30 PM: Medication Administration Training (Department E)
* 1:30 PM - 4:00 PM: Staff Evaluation and Feedback Session

Friday, April 14th:

* 8:00 AM - 10:00 AM: First Aid and CPR Training (All Staff)
* 10:30 AM - 12:30 PM: Departmental Meeting to Review Upcoming Initiatives

Please note that all staff members are required to attend the mandatory safety training on Monday, April 10th. Attendance will be taken, and staff who miss this session will need to complete an additional training session within the next two weeks.

Training sessions are open to all staff members, and participation is mandatory for all new hires. If you have any conflicts or concerns, please notify your supervisor or HR representative in advance.",Public Administrative,PUBLIC,generated,staff training schedule
"Staff Training Schedule - Week of March 11th

Monday, March 11th:

* 8:00 AM - 12:00 PM: New Staff Orientation (Room 201)
* 1:00 PM - 3:00 PM: Policy and Procedure Review for Administrative Staff (Room 202)

Tuesday, March 12th:

* 9:00 AM - 12:00 PM: Time Management and Prioritization Skills Training (Room 203)
* 2:00 PM - 4:00 PM: Microsoft Office Suite Training Session (Room 204)

Wednesday, March 13th:

* 10:00 AM - 12:00 PM: HIPAA Compliance and Confidentiality Training (Room 205)
* 1:30 PM - 3:30 PM: HR Generalist Training and Onboarding (Room 206)

Thursday, March 14th:

* 9:30 AM - 11:30 AM: Budgeting and Financial Management Training (Room 207)
* 2:00 PM - 4:00 PM: Conflict Resolution and Communication Skills Training (Room 208)

Friday, March 15th:

* 10:00 AM - 12:00 PM: Staff Safety and Emergency Procedures Training (Room 209)

All training sessions are mandatory for all administrative staff. Please arrive 15 minutes prior to each session to check-in and get settled. If you have any conflicts or need to schedule an alternate, please notify the Training Coordinator by March 8th.

Note: Please be advised that the training schedule is subject to change based on departmental needs and priorities.",Public Administrative,PUBLIC,generated,staff training schedule
"Staff Training Schedule - Week of March 12th to March 18th

Monday, March 12th:

* 8:00 AM - 9:00 AM: New Staff Orientation (Department Heads)
* 10:00 AM - 11:30 AM: Patient Flow and Admission Procedures
* 2:00 PM - 4:00 PM: Review of Medical Records Management System

Tuesday, March 13th:

* 8:00 AM - 9:00 AM: Staff Meeting (Department Heads)
* 9:30 AM - 11:00 AM: Medical Equipment Maintenance and Safety Protocols
* 2:00 PM - 4:00 PM: Review of Hospital Policies and Procedures

Wednesday, March 14th:

* 8:00 AM - 12:00 PM: Clinical Skills Training (Nursing Staff)
* 1:30 PM - 3:00 PM: Review of Infection Control Protocols

Thursday, March 15th:

* 8:00 AM - 9:00 AM: Department Heads Meeting
* 10:00 AM - 11:30 AM: Review of HIPAA Compliance and Data Security
* 2:00 PM - 4:00 PM: Staff Feedback and Evaluation Session

Friday, March 16th:

* 8:00 AM - 9:00 AM: Staff Meeting (All Departments)
* 10:00 AM - 11:30 AM: Review of Hospital Safety and Emergency Protocols
* 2:00 PM - 4:00 PM: Final Preparations for New Staff Onboarding

Monday, March 19th:

* 8:00 AM - 9:00 AM: Review of Training Program Evaluation Results",Public Administrative,PUBLIC,generated,staff training schedule
"Staff Training Schedule - Week of March 12th to March 18th

Monday, March 12th:

* 8:00 AM - 9:00 AM: New Employee Orientation for Department A
* 10:00 AM - 11:00 AM: Staff Meeting for All Departments (Conference Room)
* 2:00 PM - 3:00 PM: Compliance Training Session for Department B (Training Room)

Tuesday, March 13th:

* 9:00 AM - 10:00 AM: Quality Improvement Initiative Presentation by Department C
* 11:00 AM - 12:00 PM: Staff Development Session for New Hire Orientation (Training Room)
* 2:30 PM - 3:30 PM: Risk Management Training Session for All Departments (Board Room)

Wednesday, March 14th:

* 8:00 AM - 9:00 AM: Team Building Activity for Department A
* 10:00 AM - 11:00 AM: Clinical Operations Meeting (Conference Room)
* 1:00 PM - 2:00 PM: HIPAA Training Session for New Employees (Training Room)

Thursday, March 15th:

* 9:30 AM - 10:30 AM: Technology Updates and System Maintenance (IT Department)
* 11:00 AM - 12:00 PM: Staff Wellness and Mental Health Initiative Presentation (Board Room)
* 2:00 PM - 3:00 PM: Peer Review and Feedback Session for All Departments (Training Room)

Friday, March 16th:

* 9:00 AM - 10:00 AM: New Hire Induction Session for Department B
* 11:00 AM - 12:00 PM: Leadership Development Workshop for Senior Staff (Conference Room)
* 1:30 PM - 2:30 PM: Continuing Education Session for All Departments (Training Room)

The above schedule is subject to change and will be updated as necessary.",Public Administrative,PUBLIC,generated,staff training schedule
"Staff Training Schedule - Quarter 1

The following training sessions have been scheduled for staff members across various departments:

Week 1 (January 3-7)

* Monday, January 3: Department of Radiology - New Equipment Familiarization (9:00 am - 12:00 pm)
* Wednesday, January 5: Clinical Laboratory - Quality Control and Assurance Training (2:00 pm - 4:00 pm)
* Friday, January 7: Administrative Team - IT System Updates and Security Measures (10:00 am - 11:30 am)

Week 2 (January 10-14)

* Tuesday, January 10: Nursing Staff - Medication Administration and Safety Protocols (8:00 am - 12:00 pm)
* Thursday, January 12: Department of Surgery - New Policy Implementation Training (1:00 pm - 3:00 pm)
* Friday, January 13: Human Resources Team - Conflict Resolution and Employee Relations (9:00 am - 10:30 am)

Week 3 (January 17-21)

* Monday, January 17: Department of Cardiology - Patient Safety and Care Best Practices (9:00 am - 12:00 pm)
* Wednesday, January 19: IT Department - Network Security and Data Backup Procedures (2:00 pm - 4:00 pm)
* Friday, January 20: Continuing Education Committee - Peer Review and Quality Improvement Methods (10:00 am - 11:30 am)

Week 4 (January 24-28)

* Tuesday, January 24: Department of Pediatrics - Child Safety and Developmental Care (8:00 am - 12:00 pm)
* Thursday, January 26: Facilities Management Team - Maintenance and Equipment Procedures (1:00 pm - 3:00 pm)
* Friday, January 27: Administrative Team - Emergency Preparedness and Business Continuity Planning (9:00 am - 10:30 am)

Please review the schedule and RSVP to the training sessions as needed.",Public Administrative,PUBLIC,generated,staff training schedule
"Staff Training Schedule - Week of March 11th to March 17th

Monday, March 12th:

* 8:00 AM - 12:00 PM: New Hire Orientation (Training Room)
* 1:00 PM - 3:00 PM: IT Department Training Session (IT Conference Room)

Tuesday, March 13th:

* 9:00 AM - 10:30 AM: Compliance and Risk Management (Board Room)
* 11:00 AM - 12:30 PM: Emergency Preparedness Training (Training Room)
* 2:00 PM - 4:00 PM: Departmental Meetings and Q&A (Department Conference Rooms)

Wednesday, March 14th:

* 10:00 AM - 12:00 PM: New Staff Induction Program (Training Room)
* 1:30 PM - 3:30 PM: Operations and Logistics Training Session (Operations Conference Room)

Thursday, March 15th:

* 9:00 AM - 11:00 AM: Human Resources and Policies (HR Conference Room)
* 2:00 PM - 4:00 PM: Quality Improvement and Patient Safety (Training Room)

Friday, March 16th:

* 10:00 AM - 12:00 PM: IT Department Training Session (IT Conference Room)
* 1:30 PM - 3:30 PM: Administrative Support Services Training (Administrative Conference Room)

Saturday, March 17th:

* No scheduled training sessions

Please check the hospital's intranet or consult with your supervisor for any updates on this schedule.",Public Administrative,PUBLIC,generated,staff training schedule
"STAFF TRAINING SCHEDULE - QUARTER 1, 2023

Training Objectives:

* Review of hospital policies and procedures
* Update on new technology and software systems
* Development of leadership and management skills

Staff Training Schedule:

Week 1 (Jan 2-6):

* Monday, Jan 2: New Employee Orientation (9:00 am - 12:00 pm)
* Wednesday, Jan 4: Policy Review Session (10:00 am - 11:30 am)
* Friday, Jan 5: Technology Update Workshop (2:00 pm - 4:00 pm)

Week 2 (Jan 9-13):

* Tuesday, Jan 10: Risk Management Training (1:00 pm - 3:00 pm)
* Thursday, Jan 12: Quality Assurance and Improvement Session (9:30 am - 11:30 am)
* Friday, Jan 13: Leadership Development Workshop (10:00 am - 12:00 pm)

Week 3 (Jan 16-20):

* Monday, Jan 16: Compliance Training (9:00 am - 10:30 am)
* Wednesday, Jan 18: Communication and Interpersonal Skills Session (1:00 pm - 2:30 pm)
* Friday, Jan 20: Clinical Procedure Review (10:30 am - 12:00 pm)

Week 4 (Jan 23-27):

* Monday, Jan 23: IT Support Session (9:00 am - 10:30 am)
* Wednesday, Jan 25: Safety and Security Training (1:00 pm - 3:00 pm)
* Friday, Jan 27: Team Building Exercise (10:00 am - 12:00 pm)

All training sessions are mandatory for all staff members. Please ensure you attend the scheduled sessions to meet your professional development requirements.",Public Administrative,PUBLIC,generated,staff training schedule
"Staff Training Schedule - Week of March 11th

Monday, March 11th:

* 9:00am - 12:00pm: New Employee Orientation for Department A
	+ Guest Speaker: HR Representative (Room 204)
	+ Review of Hospital Policies and Procedures
	+ Q&A Session
* 1:00pm - 3:00pm: Training on Electronic Medical Records System for Department B
	+ Instructor: IT Department (Training Room)

Tuesday, March 12th:

* 10:00am - 11:30am: Risk Management Course for All Staff
	+ Instructor: Risk Management Team (Boardroom)
	+ Review of Hospital Liability and Insurance Policies
	+ Case Studies and Group Discussion
* 2:00pm - 4:00pm: First Aid and CPR Certification Training for Department C
	+ Instructor: American Red Cross (Training Room)

Wednesday, March 13th:

* 9:30am - 12:00pm: Compliance Training for All Staff
	+ Instructor: HR Department (Room 204)
	+ Review of HIPAA Regulations and Confidentiality Policies

Thursday, March 14th:

* 10:00am - 11:30am: Fire Safety and Evacuation Procedures Training for All Staff
	+ Instructor: Fire Marshal's Office (Training Room)

Friday, March 15th:

* 2:00pm - 3:30pm: Update on Hospital Policies and Procedures Review for Department D
	+ Guest Speaker: Senior Management Team (Room 201)
	+ Review of Recent Changes and Updates",Public Administrative,PUBLIC,generated,staff training schedule
"Staff Training Schedule - Week of April 10th

Date | Trainee | Topic | Time |
-----|---------|--------|-------|
April 11 | Team A | HIPAA Compliance | 0800-1000 |
April 12 | Department B | Medical Record Management | 1400-1600 |
April 13 | All Staff | Emergency Preparedness Drill | 0900-1000 |
April 14 | Team C | Electronic Health Record (EHR) System | 1100-1300 |
April 15 | Faculty Development | Staff Professional Development Workshop | 1500-1700 |

Regular Training Sessions

* Every Thursday: Time Management and Prioritization
* Every Friday: Staff Wellness and Self-Care

Training Schedule Review and Revision:

* All staff are required to review the training schedule on a monthly basis.
* Any changes or updates to the schedule must be submitted to the Training Coordinator for approval.

Acknowledgement of Training:

* All staff members will acknowledge receipt of this training schedule by signing below.

Signature: ______________________________________
Date: _____________________________________________

Training Coordinator Approval:

I, [Name], have reviewed and approved the training schedule. This document is intended to ensure that all staff members receive the necessary training and support to perform their duties effectively.

Signature: ______________________________________
Date: _____________________________________________",Public Administrative,PUBLIC,generated,staff training schedule
"Staff Training Schedule - Week of March 11th to March 17th

Monday, March 11th:

* 8:00 am - 12:00 pm: Orientation for new staff members in Conference Room A
* 2:00 pm - 4:00 pm: Review of hospital policies and procedures for department managers in Training Room B

Tuesday, March 12th:

* 9:00 am - 11:00 am: Bloodborne Pathogen Training for all staff in Training Room C
* 1:00 pm - 3:00 pm: HIPAA Compliance Training for administrative staff in Conference Room A

Wednesday, March 13th:

* 10:00 am - 12:00 pm: CPR and First Aid Certification for all staff in Training Room B
* 2:00 pm - 4:00 pm: Review of electronic medical record systems for clinical staff in Training Room C

Thursday, March 14th:

* 9:00 am - 11:00 am: Emergency Preparedness and Response Training for all staff in Conference Room A
* 1:00 pm - 3:00 pm: Staff Development Workshop on Communication Skills in Training Room B

Friday, March 15th:

* 10:00 am - 12:00 pm: Review of hospital's Safety and Quality Metrics with department leads in Conference Room C
* 2:00 pm - 4:00 pm: Open House for staff to tour newly renovated areas of the hospital.

Saturday, March 16th & Sunday, March 17th:

No scheduled training sessions.",Public Administrative,PUBLIC,generated,staff training schedule
"Staff Training Schedule - Week of March 12th to March 16th

Monday, March 12th:

* 8:00 am - 12:00 pm: New Hire Orientation (Training Room)
* 1:00 pm - 3:00 pm: Basic Life Support Certification Renewal (Medical Education Center)

Tuesday, March 13th:

* 9:00 am - 10:30 am: HIPAA Compliance Review (Boardroom)
* 11:00 am - 12:30 pm: Electronic Medical Record System (EMRS) Training (Computer Lab)
* 2:00 pm - 4:00 pm: Staff Meeting and Open Forum (Conference Room)

Wednesday, March 14th:

* 10:00 am - 12:00 pm: Infection Control and Safety Procedures (Training Room)
* 1:30 pm - 3:30 pm: Advanced First Aid Certification Training (Medical Education Center)

Thursday, March 15th:

* 9:00 am - 11:00 am: Policy and Procedure Updates (Boardroom)
* 12:30 pm - 2:30 pm: Leadership Development Workshops (Conference Room)

Friday, March 16th:

* 10:00 am - 12:00 pm: Staff Wellness Initiative Training (Training Room)
* 1:00 pm - 3:00 pm: Quality Improvement and Patient Safety Initiatives (Medical Education Center)

All training sessions are open to all staff members. Please RSVP by 9:00 am on the day of each session.",Public Administrative,PUBLIC,generated,staff training schedule
"Staff Training Schedule - Week of March 6th

Monday, March 6th:

* 8:00 am - 12:00 pm: New Hire Orientation for Department 3
* 1:00 pm - 4:00 pm: Risk Management Training Session (all staff)
* 2:00 pm - 5:00 pm: Data Entry and Reporting Course (Department 2)

Tuesday, March 7th:

* 9:00 am - 11:00 am: HIPAA Compliance Review (all staff)
* 10:00 am - 12:00 pm: Medical Record Management Training Session (Department 1)
* 1:30 pm - 3:30 pm: Crisis Management and Response Training (all staff)

Wednesday, March 8th:

* 9:00 am - 11:00 am: Quality Improvement and Performance Measurement Course (all staff)
* 10:00 am - 12:00 pm: Medical Billing and Coding Training Session (Department 2)
* 1:30 pm - 3:30 pm: Patient Safety and Risk Reduction Training (all staff)

Thursday, March 9th:

* 8:00 am - 10:00 am: IT Systems and Network Security Training (all staff)
* 10:30 am - 12:30 pm: Financial Management and Accounting Course (Department 1)
* 2:00 pm - 4:00 pm: Medical Transcription and Scribing Training Session (Department 3)

Friday, March 10th:

* 9:00 am - 11:00 am: Emergency Preparedness and Response Training (all staff)
* 10:30 am - 12:30 pm: Human Resources and Employment Policies Course (all staff)
* 1:30 pm - 3:30 pm: Continuing Education and Professional Development Workshop (all staff)

Please note that this training schedule is subject to change and may be updated as needed.",Public Administrative,PUBLIC,generated,staff training schedule
"Staff Training Schedule - Quarter 1

The hospital will conduct training sessions for all staff members to ensure compliance with regulatory requirements and enhance job performance. The following schedule outlines the training dates, topics, and responsible personnel.

Week of January 3-7:

* Monday, January 3: New Hire Orientation (HR Representative)
* Tuesday, January 4: Computerized Medical Record System (CMRS) Training (IT Department)
* Wednesday, January 5: HIPAA Compliance Review (Compliance Officer)

Week of January 10-14:

* Monday, January 10: Emergency Response Procedure Training (Emergency Management Team)
* Tuesday, January 11: Bloodborne Pathogen Handling (Infection Control Department)
* Thursday, January 13: Medication Administration Policy Update (Pharmacy Department)

Week of January 17-21:

* Monday, January 17: Fire Safety and Evacuation Procedures (Facilities Management)
* Tuesday, January 18: Medical Supply Chain Management (Procurement Department)
* Wednesday, January 19: Staff Conduct and Behavior Expectations (HR Representative)

Week of January 24-28:

* Monday, January 24: CMRS User Support Training (IT Department)
* Tuesday, January 25: Patient Safety Policy Review (Patient Safety Officer)
* Thursday, January 27: First Aid and CPR Certification Renewal (Training Room)

All staff members are required to attend the mandatory training sessions. Training materials will be distributed at each session, and a follow-up quiz will be administered after the first week of training.

Please report any questions or concerns to your supervisor or HR representative.

Respectfully submitted,
[Your Name]
HR Representative",Public Administrative,PUBLIC,generated,staff training schedule
"Staff Training Schedule for Quarter 1

Date Range: January 1 - March 31

**Staff Training Requirements**

All staff members are required to complete the following training sessions:

* Mandatory Hospital Orientation (January 3-5): All new hires must attend this comprehensive session, which covers hospital policies, procedures, and safety protocols.
* Clinical Training for Support Staff (January 10-12): This training is designed for support staff such as dietary aides, housekeeping personnel, and maintenance workers. Topics include infection control, emergency response, and patient care policies.
* Leadership Development Program (February 1-3): This program is open to all staff members who have been with the hospital for at least six months. It focuses on leadership skills development, conflict resolution, and strategic planning.

**Training Schedule**

| Date | Training Session | Location |
| --- | --- | --- |
| January 3-5 | Hospital Orientation | Conference Room A |
| January 10-12 | Clinical Training (Support Staff) | Training Room B |
| February 1-3 | Leadership Development Program | Conference Room A |
| February 15-17 | Mandatory Computer Training | IT Department |
| March 1-3 | Compliance and Risk Management Training | Training Room C |

**Training Requirements for New Hires**

All new hires must complete the following training sessions within their first 30 days of employment:

* Hospital Orientation
* Clinical Training (as assigned by supervisor)
* Mandatory Computer Training

**Consequences of Non-Compliance**

 Failure to complete required training sessions may result in disciplinary action, up to and including termination.",Public Administrative,PUBLIC,generated,staff training schedule
"Staff Training Schedule - Month of March

Week 1 (March 1-7)

* Monday, March 2: All Staff - New Hire Orientation (9:00 am - 12:00 pm)
* Tuesday, March 3: Department Heads - Leadership and Management Skills (10:00 am - 5:00 pm)
* Wednesday, March 4: Nursing Staff - Electronic Medical Records (EMR) System Training
* Thursday, March 5: Administrative Staff - Compliance with HIPAA Regulations
* Friday, March 6: All Staff - Fire Safety and Emergency Procedures

Week 2 (March 8-14)

* Monday, March 9: Human Resources - Employee Onboarding Process
* Tuesday, March 10: IT Department - Computer System Maintenance and Updates
* Wednesday, March 11: Medical Records Staff - Data Security and Confidentiality
* Thursday, March 12: Quality Assurance Team - Patient Safety Protocols
* Friday, March 13: All Staff - First Aid and CPR Training

Week 3 (March 15-21)

* Monday, March 16: Facilities Management - Building Maintenance and Upkeep
* Tuesday, March 17: Clinical Staff - New Procedure Training
* Wednesday, March 18: Administrative Staff - Budgeting and Financial Management
* Thursday, March 19: IT Department - Cybersecurity Measures
* Friday, March 20: All Staff - Time Management and Productivity Strategies

Week 4 (March 22-28)

* Monday, March 23: Human Resources - Employee Relations and Conflict Resolution
* Tuesday, March 24: Medical Records Staff - HIPAA Compliance Review
* Wednesday, March 25: Quality Assurance Team - Performance Evaluation Process
* Thursday, March 26: Facilities Management - Environmental Sustainability Initiatives
* Friday, March 27: All Staff - Staff Recognition and Appreciation Program

Note: Dates and times are subject to change as per the hospital's administration.",Public Administrative,PUBLIC,generated,staff training schedule
"Staff Training Schedule - Weekly Update

Week of [insert dates], staff training sessions will be conducted as follows:

Monday, [date]:
- Department of Medical Records: Orientation to electronic medical record systems (9:00 am - 12:00 pm)
- Department of Radiology: Review of imaging protocols and procedures (1:00 pm - 4:00 pm)

Tuesday, [date]:
- Department of Pharmacy: Safety and handling procedures for medications (10:00 am - 11:30 am)
- Department of Medical Records: Implementation of new HIPAA guidelines (2:00 pm - 3:30 pm)

Wednesday, [date]:
- All Staff: Mandatory safety training session (9:00 am - 12:00 pm)

Thursday, [date]:
- Department of Surgery: Review of surgical site selection and patient positioning procedures (10:00 am - 11:30 am)
- Department of Medical Records: Practice using electronic medical record systems (1:00 pm - 4:00 pm)

Friday, [date]:
- All Staff: Quality improvement committee meeting to discuss hospital-wide initiatives (2:00 pm - 3:30 pm)

Saturday and Sunday:
- No scheduled training sessions

Please note that this schedule is subject to change based on operational needs. It is recommended to check the hospital's intranet or staff email for any updates.

Training materials and session summaries will be available on the hospital's shared drive under the ""Staff Training"" folder.",Public Administrative,PUBLIC,generated,staff training schedule
"Staff Training Schedule - Week of April 3rd

Date | Time | Department | Staff Member | Role | Topic |
-----|------|------------|-------------|-------|--------|
April 3 | 9:00 AM | HR | R. Johnson | Trainer | New Employee Onboarding |
April 3 | 10:30 AM | IT | K. Lee | Instructor | Cybersecurity Best Practices |
April 4 | 2:00 PM | Marketing | J. Patel | Presenter | Social Media Management for Healthcare Professionals |
April 5 | 8:00 AM | Nursing | M. Brown | Mentor | Nurse Leadership Development |
April 6 | 11:30 AM | Facilities | S. Kim | Supervisor | Building Maintenance and Safety Procedures |
April 7 | 3:00 PM | Administration | R. Davis | Trainer | HIPAA Compliance for Staff |

Course Descriptions:

* New Employee Onboarding: An overview of hospital policies, procedures, and benefits.
* Cybersecurity Best Practices: A review of best practices for protecting sensitive information.
* Social Media Management for Healthcare Professionals: Strategies for creating engaging content on social media platforms.

Training Objectives:

* Complete new employee orientation within 30 days of hire
* Demonstrate proficiency in cybersecurity protocols
* Develop effective social media management skills
* Understand hospital policies and procedures

Note: Please arrive 15 minutes prior to each training session. Light refreshments will be provided.",Public Administrative,PUBLIC,generated,staff training schedule
"Staff Training Schedule - Week of March 11th to March 17th

Monday, March 12th:

* 8:00 am - 12:00 pm: Orientation for new administrative staff (room 304)
* 1:00 pm - 3:00 pm: IT department training session on hospital network security (conference room A)

Tuesday, March 13th:

* 9:00 am - 11:00 am: HR representative will conduct a review of employee benefits and policies (room 203)
* 2:00 pm - 4:00 pm: Training on hospital-wide emergency procedures for administrative staff (training room B)

Wednesday, March 14th:

* 10:00 am - 12:00 pm: Departmental orientation for new administrative staff in the finance department (room 206)
* 3:00 pm - 5:00 pm: Session on compliance with hospital regulations and policies (boardroom C)

Thursday, March 15th:

* 9:30 am - 11:30 am: Training on data management and record-keeping procedures for administrative staff (training room A)
* 2:00 pm - 4:00 pm: Meeting with the quality improvement team to discuss hospital-wide initiatives (conference room B)

Friday, March 16th:

* 10:00 am - 12:00 pm: Training on patient flow management and workflow optimization for administrative staff (room 204)
* 2:00 pm - 4:00 pm: Review of hospital policies and procedures with the department heads (boardroom C)

Please note that all training sessions are mandatory for participating staff members. Any absences must be approved in advance by the designated supervisor or HR representative.",Public Administrative,PUBLIC,generated,staff training schedule
"NOTICE OF HOSPITAL EVENTS AND ACTIVITIES

As part of our ongoing efforts to provide excellent service to our community, we would like to inform you about some upcoming events and activities taking place at our hospital.

Upcoming Events:

* On April 12th, a guest lecture on ""Advances in Medical Technology"" will be held in the conference room from 2 PM to 4 PM. The speaker is Dr. Jane Smith from XYZ University and is open to the public.
* Our annual Charity Golf Tournament will take place on May 15th at the local golf course. Registration is now open and all proceeds will benefit our hospital's community outreach program.
* A health fair will be held on June 17th in the hospital's main lobby, featuring free health screenings, wellness workshops, and information booths from local health organizations.

Staff Recognition:

We would like to take this opportunity to recognize some of our outstanding staff members who have demonstrated exceptional dedication and service. These individuals include John Doe, a certified nurse practitioner; Emily Johnson, a licensed practical nurse; and Michael Brown, a medical technologist. Their hard work and commitment to excellence have not gone unnoticed.

Hospital Tours:

We are excited to announce that we will be offering guided tours of our hospital campus starting next month. These tours will provide an opportunity for visitors to learn about our facilities, services, and mission. To schedule a tour, please contact our admissions department at least 24 hours in advance.

If you have any questions or would like more information about these events, please do not hesitate to reach out to us. We look forward to seeing you soon!",Public Administrative,PUBLIC,generated,hospital events and activities notice
"Hospital Events and Activities Notice

The hospital will host a Community Health Fair on Saturday, March 18th from 10am to 2pm. The event aims to promote health awareness and provide opportunities for individuals to connect with local healthcare services.

A free health screening clinic will be available during the fair, where attendees can receive basic health checks, including blood pressure monitoring, BMI calculation, and vision testing. Additionally, a variety of health education booths will be set up by local organizations, offering information on healthy living, disease prevention, and wellness programs.

The hospital's Rehabilitation Services department will also be participating in the event, providing demonstrations on exercise equipment and showcasing adaptive sports equipment for individuals with disabilities. Furthermore, a nutrition counseling station will offer free consultations on healthy eating habits.

This event is open to the public and is intended to promote a culture of health and wellness within our community. Attendees can expect an engaging and interactive experience, featuring live music, refreshments, and prizes.

Staff from various departments of the hospital will be present throughout the event, providing information on our services and answering questions about our facilities and programs. We encourage everyone to attend and participate in this exciting event.

For more information about the Community Health Fair or to learn about any of the available services, please visit our website or contact our customer service department at (555) 123-4567.

We look forward to seeing you there!",Public Administrative,PUBLIC,generated,hospital events and activities notice
"NOTICE OF HOSPITAL EVENTS AND ACTIVITIES

The hospital will be observing a moment of silence on Friday, March 17th at 2:00 PM to honor Healthcare Workers' Day. This annual observance recognizes the dedication and tireless efforts of our hospital staff who work tirelessly to provide quality patient care.

Additionally, we are pleased to announce that our hospital's annual Health Fair will take place on Saturday, April 1st from 9:00 AM to 1:00 PM. The event will feature free health screenings, wellness seminars, and exhibits showcasing the latest medical advancements. This community outreach program aims to promote healthy living and provide educational resources to patients and their families.

Our hospital is also proud to host a charity golf tournament on Thursday, May 11th at the local country club. The event, which benefits our hospital's Foundation, will bring together golf enthusiasts from the community to raise funds for charitable initiatives.

Furthermore, we will be celebrating National Nurses Week (May 6-12) with a special ceremony in the hospital atrium. We invite all staff members and visitors to join us in recognizing the valuable contributions of our nursing team.

If you would like to volunteer or participate in any of these events, please contact the hospital's Community Outreach department at x1234. We look forward to seeing you at one of these exciting events!

Please note that all scheduled events are subject to change. For the most up-to-date information, please visit our website or follow us on social media.

Thank you for your continued support.

Sincerely,
[Your Hospital's Name]",Public Administrative,PUBLIC,generated,hospital events and activities notice
"Hospital Events and Activities Notice

The hospital will be hosting a community outreach event on Saturday, March 17th from 10am to 2pm in the main lobby. This event aims to promote health education and provide resources for local residents.

A panel discussion on nutrition and healthy eating will take place at 11:30am, featuring local healthcare experts and registered dietitians. The discussion will cover topics such as meal planning, portion control, and mindful eating.

In addition to the panel discussion, a health fair will be held with various vendors providing information on health-related products and services. Participants can expect to learn about wellness programs, fitness options, and disease prevention strategies.

The hospital's volunteer group will also be on hand to distribute free health screenings and educational materials. The event is open to all members of the community and is free of charge.

To accommodate attendees with disabilities, wheelchair accessibility and accommodations will be provided upon request. For those unable to attend in person, a live stream of the panel discussion will be available on our hospital's website.

This event is part of our ongoing commitment to improve health outcomes in our community. We invite everyone to join us for this informative and engaging event.

For more information about the event, please contact our community outreach department at (555) 123-4567 or visit our website at [www.hospitalwebsite.com](http://www.hospitalwebsite.com).",Public Administrative,PUBLIC,generated,hospital events and activities notice
"NOTICE OF HOSPITAL EVENTS AND ACTIVITIES

The hospital will be hosting a series of events and activities throughout the month to promote community health and wellness. On March 12th, our department will be participating in a regional healthcare conference at the local convention center. The event will feature presentations on various topics such as disease prevention, nutrition, and stress management.

In conjunction with this event, we are also launching a new volunteer program aimed at engaging local residents in our hospital's mission to provide quality patient care. Interested individuals can register for a volunteer orientation session scheduled for March 19th at 2 PM in the hospital's conference room.

Additionally, the hospital's cafeteria will be serving a free community lunch on March 26th from 12-1 PM. This event is part of our ongoing efforts to promote healthy eating habits and provide resources for those in need.

Our hospital's employee recognition program will also be taking place on April 2nd at 4 PM, where we will be honoring staff members who have demonstrated exceptional dedication and service to our patients. The ceremony will include a presentation and cake cutting.

We invite all members of the community to attend these events and participate in our efforts to promote health and wellness. For more information, please contact our community outreach department at extension 1234 or visit our website at [hospital website].

The hospital would also like to remind everyone that our annual charity event will take place on May 10th at 6 PM. All proceeds from this event will go towards supporting local healthcare initiatives and patient services.

We look forward to seeing you at one of these events!",Public Administrative,PUBLIC,generated,hospital events and activities notice
"Hospital Events and Activities Notice

As part of our ongoing commitment to providing exceptional patient care, we are pleased to announce the following hospital events and activities:

Upcoming Hospital Events:

* Annual Charity Golf Tournament: Our annual charity golf tournament will take place on Friday, May 19th at the local country club. The event aims to raise funds for our hospital's community outreach program and is open to all staff members.
* Medical Staff Awards Ceremony: We are pleased to announce that this year's medical staff awards ceremony will be held on Thursday, June 15th at 3:00 PM in the hospital auditorium. This annual event recognizes the outstanding contributions of our healthcare professionals.
* Hospital Volunteer Appreciation Day: Our dedicated volunteer program is celebrating its 10-year anniversary with a special appreciation day on Wednesday, April 26th. We invite all staff members to join us in expressing our gratitude to our valued volunteers.

Staff Training and Development:

* Mandatory Safety Orientation: All new hires are required to attend a mandatory safety orientation session on Tuesday, March 21st at 9:00 AM.
* Quality Improvement Workshop: Our quality improvement team will be hosting a workshop on Wednesday, May 10th to discuss best practices for patient care. The event is open to all staff members.

Community Involvement:

* Hospital Partnerships Meeting: Our hospital partnerships committee will be meeting on Thursday, April 20th at 2:00 PM to discuss ongoing community outreach initiatives.

We look forward to celebrating these special events and sharing them with our staff and the community.",Public Administrative,PUBLIC,generated,hospital events and activities notice
"Notices of Hospital Events and Activities

The hospital would like to inform staff and visitors of several upcoming events and activities.

On Friday, March 17th, the hospital will be hosting a Blood Drive in conjunction with local blood banks. This event is open to all staff members and their families. Volunteers are needed to assist with setup, registration, and donation process. If you are interested in participating or would like more information, please contact the Human Resources department.

The next Staff Appreciation Luncheon will take place on Wednesday, March 22nd at 11:30am in the hospital cafeteria. This event is a wonderful opportunity for staff to connect with colleagues from other departments and enjoy some refreshments. Please RSVP by March 15th to let us know if you can attend.

The Annual Hospital Volunteer Awards ceremony will be held on Saturday, April 1st at 2pm in the hospital auditorium. This event recognizes and rewards the dedication and hard work of our volunteer program. All staff members are invited to attend and show their appreciation for our volunteers.

Additionally, please note that the hospital's Spring Health Fair will be taking place on Saturday, April 15th from 9am-1pm in the hospital lobby. This event is open to the public and features health screenings, educational exhibits, and activities for children.

For more information or to RSVP, please contact the Human Resources department at [insert contact information]. We look forward to seeing you at these upcoming events!",Public Administrative,PUBLIC,generated,hospital events and activities notice
"NOTICE OF HOSPITAL EVENTS AND ACTIVITIES

The Hospital Administration would like to inform staff, patients, and visitors of upcoming events and activities scheduled for the coming weeks.

**Upcoming Events**

* Annual Staff Appreciation Day: The hospital will be hosting a staff appreciation day on Friday, March 19th. A catered lunch will be provided in the cafeteria at 12:00 PM, followed by an awards ceremony to recognize outstanding staff achievements.
* Health Fair: On Saturday, April 17th, the hospital will host a community health fair, featuring free health screenings, educational booths, and refreshments. The event will take place from 9:00 AM to 1:00 PM in the hospital's main atrium.
* Staff Training Workshops: A series of staff training workshops will be held throughout March, focusing on topics such as patient safety, HIPAA guidelines, and emergency preparedness. Dates and times will vary; please check with your department for specific schedules.

**Hospital Celebrations**

* National Nurses Week (May 6-12): The hospital will celebrate National Nurses Week with a special ceremony and reception in the cafeteria.
* Hospital Anniversary Celebration (June 1st): The hospital will mark its anniversary with a ribbon-cutting ceremony, followed by a tour of the facilities and refreshments.

**Important Reminders**

* The hospital's annual charity golf tournament will take place on Friday, June 18th. Registration forms are available in the hospital's administration office.
* The hospital's volunteer program is currently recruiting new volunteers. For more information, please contact the volunteer coordinator at x1234.

Please note that all events and activities are subject to change, and we appreciate your understanding and cooperation.",Public Administrative,PUBLIC,generated,hospital events and activities notice
"NOTICE OF HOSPITAL EVENTS AND ACTIVITIES

The hospital will be hosting a series of events and activities throughout the month of March, as follows:

* A seminar on ""Improve Your Team's Communication Skills"" will be held on March 1st at 2 PM in Conference Room A. The presentation will cover effective communication techniques, active listening, and conflict resolution.
* On March 8th, the hospital will observe National Nurses Day with a cake-cutting ceremony and a recognition of outstanding nursing staff members at 3 PM in the Hospital Lobby.
* The hospital's annual Charity Run will take place on March 15th, starting at 9 AM. Participants can register online or in-person on the day of the event. All proceeds will benefit local children's hospitals.
* A workshop on ""Hospital Safety and Security"" will be held on March 22nd at 10 AM in Conference Room B. The presentation will cover best practices for ensuring patient safety, emergency procedures, and security protocols.
* On March 25th, the hospital will host a Blood Drive from 8 AM to 2 PM in the Hospital Lobby. Donors can register online or on-site.

Additionally, the following events have been scheduled:

* A visit from local dignitaries on March 12th at 10 AM
* A meeting of the Hospital Board of Directors on March 19th at 6 PM
* A staff recognition ceremony on March 24th at 4 PM in the Hospital Lobby

Please note that these events are open to hospital staff, visitors, and the public. Dates and times are subject to change, so please check with the relevant department or event coordinator for updates.",Public Administrative,PUBLIC,generated,hospital events and activities notice
"NOTICE OF HOSPITAL EVENTS AND ACTIVITIES

The Hospital Management Team is pleased to announce a series of upcoming events and activities designed to enhance the overall patient experience and promote community engagement. As part of our ongoing commitment to excellence, we invite you to join us for the following events:

* On February 10th, at 2:00 PM, we will be hosting a free health education seminar on nutrition and wellness, featuring a renowned expert in the field. This interactive session is open to all members of the community and promises to provide valuable insights into maintaining a healthy lifestyle.
* Our annual charity fundraiser, ""Healing Hands,"" will take place on March 15th at 6:00 PM. This event aims to raise funds for local healthcare initiatives and features live music, raffle prizes, and a silent auction.
* On April 1st, we will be hosting a grand reopening celebration of our newly renovated hospital wing. The event, which begins at 10:00 AM, will feature guided tours, refreshments, and an opportunity to meet with hospital staff.

Additionally, we are pleased to announce the launch of our new employee recognition program, which aims to acknowledge and reward the hard work and dedication of our hospital staff members. A special ceremony will take place on May 1st at 3:00 PM to recognize outstanding contributions.

We look forward to sharing these exciting events with you and hope that you can join us in celebrating the exceptional care and service provided by our hospital team.

If you have any questions or would like more information about these events, please contact our Events Coordinator at extension 1234.",Public Administrative,PUBLIC,generated,hospital events and activities notice
"NOTICE OF HOSPITAL EVENTS AND ACTIVITIES

As part of our ongoing commitment to excellence, we are pleased to announce the following events and activities taking place within our hospital:

* A series of workshops will be held on March 1st and 2nd to educate staff members on new policies and procedures related to patient safety and quality improvement. These sessions will cover topics such as falls prevention, medication management, and patient-centered care.
* On March 15th, we will be hosting a training session for our volunteers, where they will learn about our hospital's mission, values, and policies. This is an opportunity for them to get involved in the community and contribute to the delivery of exceptional patient care.
* In celebration of National Nurses Week (May 6-12), we will be recognizing the hard work and dedication of our nursing staff through a special ceremony and gift-giving event. We are grateful for their tireless efforts in providing compassionate and high-quality care to our patients.
* Our hospital's community outreach program will be launching a new initiative aimed at promoting health and wellness among local residents. This program will include workshops, screenings, and educational events that will help individuals make informed decisions about their health.
* A committee meeting has been scheduled for February 22nd to discuss the upcoming budget and operational plans for the year.

These events and activities are designed to promote a culture of excellence, teamwork, and patient-centered care within our hospital. We invite all staff members and volunteers to participate and contribute to these initiatives. If you have any questions or would like more information, please do not hesitate to reach out to our department of community outreach and engagement.

Date: February 28th
Time: 2 PM
Location: Conference Room A",Public Administrative,PUBLIC,generated,hospital events and activities notice
"NOTICE OF HOSPITAL EVENTS AND ACTIVITIES

As part of our ongoing commitment to excellence and community engagement, we would like to announce the following events and activities taking place at St. Michael's Hospital:

Upcoming Workshops:

* A series of workshops on ""Effective Communication in Healthcare"" will be held on March 15th and 22nd, open to all hospital staff.
* A workshop on ""Patient Safety and Quality Improvement"" is scheduled for April 12th, targeted towards department heads.

Hospital Tours:

* Guided tours of the hospital facilities will be conducted every Thursday at 2 PM, led by our Hospital Administrator. Interested staff members are welcome to attend.
* New hires are invited to participate in a mandatory orientation program on their first day of employment, which includes a tour of the hospital and an overview of our policies and procedures.

Charity Events:

* The hospital will be participating in the annual ""Walk for Health"" charity event on April 20th. Staff members are encouraged to register and raise funds for this noble cause.
* A food drive is currently underway, with donations collected in the hospital cafeteria until March 31st.

Community Outreach:

* Our hospital has partnered with local schools to provide health education programs for students. We will be hosting a workshop on ""Healthy Lifestyle Choices"" on April 10th.
* The hospital will also be participating in the upcoming ""Health Fair"" event on May 1st, where we will offer free health screenings and educational materials.

All staff members are welcome to attend these events and activities. For more information, please contact our Community Outreach department at x1234 or [email address].",Public Administrative,PUBLIC,generated,hospital events and activities notice
"NOTICE OF HOSPITAL EVENTS AND ACTIVITIES

The hospital is pleased to announce the following upcoming events and activities:

Upcoming Staff Development Workshops

* Date: March 12th
* Topic: Effective Communication in High-Pressure Environments
* Time: 2:00 pm - 4:00 pm
* Location: Conference Room A

The Human Resources Department will be providing a workshop on effective communication skills, focusing on strategies for improving patient care and staff collaboration. All hospital staff are invited to attend.

Staff Recognition Awards Ceremony

* Date: March 25th
* Time: 3:00 pm - 4:30 pm
* Location: Hospital Auditorium

The hospital will be recognizing outstanding staff members who have demonstrated exceptional commitment to providing high-quality patient care. A ceremony will take place to honor these individuals, and all staff are encouraged to attend.

Hospital Volunteer Appreciation Event

* Date: April 1st
* Time: 12:00 pm - 2:00 pm
* Location: Hospital Cafeteria

The hospital will be hosting an appreciation event for its dedicated volunteers. A catered lunch will be provided, and a recognition ceremony will take place to express gratitude for their hard work and dedication.

Annual Spring Fling Celebration

* Date: April 15th
* Time: 2:00 pm - 5:00 pm
* Location: Hospital Grounds

The hospital will be hosting its annual Spring Fling celebration, featuring games, food, and activities for staff and families. All are welcome to attend.

For more information about these events, please contact the Human Resources Department at x5000.",Public Administrative,PUBLIC,generated,hospital events and activities notice
"NOTICE OF HOSPITAL EVENTS AND ACTIVITIES

The Hospital Management Team is pleased to announce the following events and activities taking place in the upcoming month:

* On February 10th, a ribbon-cutting ceremony will be held at 2 PM to mark the official opening of our newly renovated ICU department. A light refreshment reception will follow immediately after.
* Our Hospital Volunteers Program has partnered with the local non-profit organization, ""Helping Hands,"" to organize a community outreach event on February 24th. The event aims to provide essential healthcare services and educational workshops to underserved populations in the area.
* In recognition of National Nurses Week, we invite all staff members to attend an employee appreciation ceremony scheduled for March 8th at 4 PM. A cake cutting ceremony, award presentations, and a special performance by local musicians will be part of the festivities.
* On April 1st, our Hospital's Board of Directors will host a quarterly meeting to discuss hospital policies and update members on current initiatives.
* The annual Spring Fundraising Gala will take place on May 12th at 6 PM. This event aims to raise funds for our Hospital Foundation's charitable programs.

Additionally, we would like to remind all staff members that our Hospital's annual Wellness Fair will be held on June 15th from 9 AM to 2 PM. The event features a variety of health and wellness activities, including health screenings, fitness classes, and educational workshops.

We encourage all employees, visitors, and community members to participate in these events and activities. For more information, please contact the Hospital Events Office at (555) 123-4567 or visit our website at [www.hospitalwebsite.com](http://www.hospitalwebsite.com).",Public Administrative,PUBLIC,generated,hospital events and activities notice
"NOTICE OF HOSPITAL EVENTS AND ACTIVITIES

The hospital will host a community health fair on Saturday, March 17th from 9am to 1pm. The event will take place in the hospital's main lobby and will feature free health screenings, educational booths, and refreshments.

Additionally, the hospital's board of directors will meet on Thursday, March 22nd at 2pm in the conference room to discuss quarterly performance metrics and strategic planning initiatives. All hospital staff are invited to attend and provide input.

The hospital's annual charity event, ""Healing Hands,"" will take place on Friday, April 12th from 6pm to 10pm. The event will raise funds for the hospital's community outreach programs and feature a silent auction, live music, and a guest speaker.

The hospital's patient satisfaction survey results will be shared with staff during the weekly staff huddle on Wednesday, March 21st at 8am. Staff are encouraged to provide feedback and suggestions on how to improve patient care.

The hospital's quality improvement committee will meet on Tuesday, April 2nd from 1pm to 3pm to discuss ongoing projects and initiatives. All staff are welcome to attend and participate in the discussion.

Please note that any changes or updates to these events will be communicated through the hospital's internal communication channels.",Public Administrative,PUBLIC,generated,hospital events and activities notice
"To: All Hospital Staff

Notice of Upcoming Events and Activities

We would like to inform staff of several upcoming events and activities taking place throughout the hospital. These include:

On March 15th, we will be hosting a facility-wide safety training session for all employees. The session will cover updated safety protocols and procedures, including fire evacuation drills and emergency response planning.

Additionally, our annual staff appreciation event will take place on April 1st at 2 PM in the hospital cafeteria. This event is a wonderful opportunity to mingle with colleagues from other departments and enjoy some refreshments.

The hospital's annual charity fundraiser, ""Healing Hands,"" will be held on April 15th at 6 PM in the grand ballroom. All staff members are encouraged to participate by volunteering their time or making a donation.

In conjunction with our accreditation renewal process, we will be conducting a series of quality improvement workshops throughout the month of March. These sessions will focus on improving patient satisfaction and reducing readmissions.

Please note that these events may require some adjustments to your regular schedule. We kindly request that all staff members make every effort to attend these events, as they are an important part of our ongoing commitment to excellence in healthcare.

If you have any questions or would like more information about these events, please do not hesitate to reach out to the hospital's administration office.

Thank you for your continued dedication and hard work.

Sincerely,
[Hospital Administration]",Public Administrative,PUBLIC,generated,hospital events and activities notice
"NOTICE OF HOSPITAL EVENTS AND ACTIVITIES

The hospital will be hosting a series of events and activities over the coming weeks to promote community engagement and staff well-being. These initiatives are designed to foster a culture of collaboration, teamwork, and patient satisfaction.

On February 22nd, the hospital's annual Charity Gala will take place at 6:00 PM in the Grand Ballroom. This event aims to raise funds for local charities and organizations that support vulnerable populations. Tickets can be purchased online or by contacting the hospital's events department.

In conjunction with this event, the hospital has partnered with a local culinary school to offer a free cooking demonstration series. The first session will take place on March 1st at 2:00 PM in the hospital's community room and will feature a guest chef discussing healthy meal options for seniors.

Additionally, the hospital's staff recognition program will be awarding its annual Staff Excellence Awards on March 15th at 4:30 PM in the auditorium. These awards recognize outstanding contributions to patient care, safety, and quality improvement.

All employees are invited to attend these events and participate in our community outreach programs. We encourage all staff members to volunteer for charity events throughout the year and provide their feedback on hospital initiatives.

For more information about these events or to RSVP, please contact the hospital's events department at extension 5555.",Public Administrative,PUBLIC,generated,hospital events and activities notice
"NOTICE OF HOSPITAL EVENTS AND ACTIVITIES

The hospital will be hosting a series of events and activities to promote community health and wellness. On March 12th, our annual Health Fair will take place in the hospital's main lobby from 10am-2pm. The event will feature free health screenings, educational booths, and interactive exhibits highlighting various healthcare services.

On April 15th, we are hosting a Charitable Giving Day, where donations will be collected to support local charities and non-profit organizations. All proceeds from this event will go towards supporting these organizations and making a positive impact in our community.

Additionally, the hospital's Employee Recognition Awards Ceremony will be held on May 1st at 2pm in the hospital's auditorium. This annual event recognizes and rewards employees for their dedication and hard work towards providing exceptional patient care.

We are also excited to announce that we have partnered with a local health organization to offer a free wellness workshop series, starting on March 26th. The workshops will focus on topics such as stress management, nutrition, and fitness, and will be led by certified instructors.

These events and activities are designed to promote community engagement and support the hospital's mission of providing high-quality patient care. We invite all members of our community to participate and join us in celebrating the importance of health and wellness.",Public Administrative,PUBLIC,generated,hospital events and activities notice
"Hospital Events and Activities Notice

The hospital will host a community health fair on Saturday, March 18th from 9am to 1pm. The event is open to the public and will feature various health screenings, educational booths, and activities for all ages.

As part of our ongoing commitment to improving patient care, we will be conducting a series of quality improvement initiatives throughout the month of March. These efforts include staff training sessions on best practices in patient safety and environmental sustainability. The first session will take place on Tuesday, March 14th at 2pm in Conference Room A.

The hospital's nutrition department will be launching a new menu plan featuring locally sourced ingredients and healthy options for patients and visitors. The menu will debut on Monday, March 20th and can be viewed online or by visiting our cafeteria during business hours.

In recognition of National Employee Appreciation Week, we will be hosting a staff appreciation breakfast on Wednesday, March 15th at 8am in the hospital café. All hospital employees are invited to attend.

Additionally, the hospital's volunteer program is seeking new members to join our team. If you're interested in volunteering, please contact our volunteer coordinator at (555) 123-4567 or via email at [volunteer@hospital.org](mailto:volunteer@hospital.org).

Please note that all events are subject to change and may be cancelled due to unforeseen circumstances. For the most up-to-date information on hospital events and activities, please visit our website or contact the hospital's events department at (555) 901-2345.",Public Administrative,PUBLIC,generated,hospital events and activities notice
"NOTICE OF HOSPITAL EVENTS AND ACTIVITIES

The hospital will be hosting a series of events and activities throughout the month to promote community health and wellness.

On March 10th, the hospital's annual Health Fair will take place in the main auditorium. The event will feature exhibits from local healthcare providers, fitness classes, and health screenings. Representatives from various organizations will also be on hand to provide information on disease prevention and management.

Additionally, the hospital's Continuing Education department will be hosting a seminar on ""Emerging Trends in Healthcare"" on March 17th at 2 PM in Room 204. The speaker will discuss current developments in healthcare policy and their impact on patient care.

The hospital's Volunteers-in-Medicine program is also planning a charity golf tournament, scheduled for April 15th. Proceeds from the event will be donated to local charities that support healthcare services for underserved populations.

Furthermore, the hospital's Environmental Sustainability Committee has launched a recycling initiative to reduce waste in the facility. The goal of the initiative is to minimize the hospital's carbon footprint and promote environmentally responsible practices among staff members.

All employees are encouraged to participate in these events and activities by volunteering their time or spreading the word about the benefits of community involvement.",Public Administrative,PUBLIC,generated,hospital events and activities notice
"NOTICE OF HOSPITAL EVENTS AND ACTIVITIES

As part of our ongoing commitment to providing excellent care to our community, we are pleased to announce the following events and activities at our hospital:

Upcoming CME Conference:
On February 10th-11th, our hospital will host a Continuing Medical Education (CME) conference featuring renowned experts in various medical specialties. The event will take place at the Grand Ballroom and will provide opportunities for healthcare professionals to engage in meaningful discussions, networking, and education.

New Program Launch:
We are excited to announce the launch of our new rehabilitation program, designed to support patients with chronic conditions such as arthritis, diabetes, and heart disease. This innovative program aims to enhance patient outcomes through comprehensive care, counseling, and lifestyle modification.

Staff Appreciation Day:
To show appreciation for our dedicated staff, we will be hosting a Staff Appreciation Day on March 15th. The event will feature a catered lunch, gift-giving, and recognition of outstanding service contributions.

Community Outreach Programs:
Our hospital is proud to offer various community outreach programs aimed at promoting health awareness, disease prevention, and education. Upcoming events include health fairs, blood drives, and nutrition seminars.

For more information about these events and activities, please visit our website or contact our marketing department directly.

We look forward to celebrating these milestones with our valued partners and stakeholders.

Please note that all event details are subject to change, and we will provide updates as necessary.",Public Administrative,PUBLIC,generated,hospital events and activities notice
"NOTICE OF HOSPITAL EVENTS AND ACTIVITIES

The Hospital Administrative Team is pleased to announce the following events and activities taking place at our facility in the coming weeks:

* On March 12th, we will be hosting a staff appreciation day to celebrate the hard work and dedication of our team members. A catered lunch and cake cutting ceremony will take place at 11:30am in the hospital's conference room.
* Our annual charity golf tournament is scheduled for April 15th. This event raises funds for our hospital's community outreach programs and attracts teams from local businesses and healthcare organizations.
* On April 22nd, we will be hosting a health fair in conjunction with the American Heart Association. The event will feature free health screenings, educational workshops, and interactive exhibits on cardiovascular health.
* Our monthly staff meeting will take place on May 10th at 9:00am in the hospital's auditorium. The meeting will cover updates on hospital initiatives, new policies, and recognition of employee achievements.
* We are excited to announce that our hospital has been selected as a recipient of the ""Hospital of the Year"" award for its commitment to quality patient care and community service.

All staff members, patients' families, and visitors are welcome to attend these events. For more information or to RSVP, please contact the hospital's events coordinator at (555) 123-4567 or email [events@hospital.org](mailto:events@hospital.org).

We look forward to celebrating our community's health and wellness with you!",Public Administrative,PUBLIC,generated,hospital events and activities notice
"NOTICE OF HOSPITAL EVENTS AND ACTIVITIES

The hospital will be hosting a series of events and activities for the community, furthering its commitment to providing quality healthcare services. On March 12th, we will be launching our new community outreach program, which aims to promote health awareness and education among local residents.

Additionally, our hospital's annual charity event, ""Healing Hands,"" will take place on April 15th. This event brings together hospital staff, volunteers, and community members for a day of fundraising, volunteering, and fun activities. Proceeds from the event will support our hospital's charity fund, which supports patients in need.

We are also excited to announce that our hospital's art therapy program has been recognized as one of the best in the region. Our art therapist, Ms. Smith, will be presenting a workshop on ""The Therapeutic Benefits of Art"" on March 22nd.

Furthermore, our hospital's Continuing Medical Education (CME) department will be hosting a conference on ""Innovations in Healthcare Technology"" on May 1st-2nd. This event will feature presentations and discussions from industry experts on the latest advancements in healthcare technology.

These events are open to the public and we invite everyone to join us. We look forward to sharing these experiences with our community and continuing to serve the needs of those around us.

Please contact our community outreach department at (123) 456-7890 for more information about any of these events.",Public Administrative,PUBLIC,generated,hospital events and activities notice
"NOTICE OF HOSPITAL EVENTS AND ACTIVITIES

The hospital is pleased to announce a series of upcoming events and activities that are open to all staff, patients, and their families. These events are designed to promote patient-centered care, enhance the overall hospital experience, and foster a sense of community among our stakeholders.

On March 12th, we will be hosting a ""Celebrate Our Staff"" recognition ceremony, where we will acknowledge the dedication and hard work of our front-line staff members who have made significant contributions to delivering high-quality patient care. A reception will follow immediately after the ceremony, providing an opportunity for attendees to mingle and celebrate with their colleagues.

Additionally, on March 25th, we will be launching a new volunteer program aimed at engaging more community members in supporting our patients and families. Our Volunteer Orientation Session will take place from 2-4 pm in Conference Room A, and is open to all interested individuals.

We are also excited to announce the upcoming ""Hospital Open House"" event on April 15th, where we invite all visitors to explore our facilities, meet with departmental representatives, and learn more about our hospital's history and mission. Light refreshments will be provided throughout the event.

For more information about these events, please visit our hospital website or contact the Events Department at x5555. We look forward to celebrating with you!",Public Administrative,PUBLIC,generated,hospital events and activities notice
"NOTICE OF HOSPITAL EVENTS AND ACTIVITIES

The hospital will be hosting a series of events and activities throughout the upcoming month to promote community engagement, staff wellness, and patient care.

On March 12th, the hospital's annual charity golf tournament will take place at the local country club. This event aims to raise funds for the hospital's charity foundation, which supports local health initiatives and programs. All hospital staff are encouraged to participate or volunteer.

Additionally, the hospital's wellness committee will be hosting a series of workshops on stress management and mindfulness techniques. These sessions will be open to all hospital employees and will take place every Wednesday from 2-3 pm in the hospital's conference room.

The hospital's annual cultural festival will also be held on April 15th, featuring traditional music, dance, and food from diverse cultures. This event is designed to celebrate the rich diversity of our community and promote cross-cultural understanding.

Staff members are invited to participate in the planning and execution of these events, or simply attend as a guest. All hospital staff will receive more information about these events through their usual channels, including email and internal newsletters.

If you would like to volunteer or participate in any of these events, please contact the hospital's volunteer coordinator at [insert contact information]. We look forward to seeing you there!

Please note that all events are subject to change due to unforeseen circumstances.",Public Administrative,PUBLIC,generated,hospital events and activities notice
"NOTICE OF HOSPITAL EVENTS AND ACTIVITIES

The hospital will be hosting a charity gala on Friday, March 17th at 6:00 PM in the Grand Ballroom. The event will raise funds for our hospital's community outreach program and will feature live music, auctions, and a silent raffle.

The hospital will also be celebrating National Hospital Week from May 15th to May 21st with various activities and events throughout the week. These include tours of the facility, educational seminars on healthy living, and recognition of hospital staff and volunteers who have made significant contributions to patient care.

A major equipment upgrade is currently underway in our surgery department. The new equipment will improve efficiency and enhance the overall quality of care for patients undergoing surgical procedures.

Our hospital's annual gala for healthcare professionals will take place on October 1st at 5:00 PM in the Grand Ballroom. The event will feature a keynote speaker, networking opportunities, and an awards ceremony to recognize outstanding contributions to the field of healthcare.

Additionally, our hospital is partnering with local organizations to provide health screenings and education programs to underserved communities. These events are free and open to the public.

The hospital's annual staff appreciation day will take place on November 22nd at 10:00 AM in the Grand Ballroom. The event will feature a catered meal, awards, and recognition of hospital staff who have gone above and beyond in providing exceptional patient care.

These events are open to the public and we encourage everyone to attend.",Public Administrative,PUBLIC,generated,hospital events and activities notice
"NOTICE OF HOSPITAL EVENTS AND ACTIVITIES

The hospital will host a Community Health Fair on Saturday, March 17th from 9am to 1pm. The event will be held in the hospital's main lobby and will feature exhibits from local health organizations, as well as free health screenings and educational workshops.

Additionally, our hospital's Quality Improvement Committee will be presenting their annual report at the upcoming Hospital Governance Meeting on Wednesday, March 21st at 2pm. The meeting will be held in Conference Room A and is open to all hospital staff and board members.

A staff appreciation ceremony will be held in the hospital's cafeteria on Friday, March 23rd at 12pm to recognize employee service anniversaries and years of service. All staff are invited to attend and celebrate with their colleagues.

The hospital's Board of Directors will meet on Tuesday, March 27th at 10am in the Conference Room to discuss ongoing hospital initiatives and policies. The meeting is open to all board members and hospital staff who wish to observe.

Our hospital's Foundation will be hosting a fundraising event, ""Step into Health,"" on Saturday, April 14th from 9am to 12pm. Participants will embark on a 5K walk/run around the hospital campus while raising money for our foundation's charitable programs.

For more information about these events and activities, please contact the hospital's Events Coordinator at [insert contact information].",Public Administrative,PUBLIC,generated,hospital events and activities notice
"Hospital Events and Activities Notice

The hospital will observe a mandatory Staff Wellness Day on Friday, March 17th. The event aims to promote staff well-being and provide opportunities for relaxation and rejuvenation. From 12:00 PM to 4:00 PM, the hospital's conference center will be closed to regular activities.

In lieu of the normal lunch break, all staff members are invited to attend a complimentary meditation session led by a certified instructor from 11:30 AM to 12:15 PM. This session is designed to reduce stress and improve mental clarity. Refreshments will be provided.

Additionally, the hospital's recreation department has organized a series of free yoga classes throughout the month of March. These sessions are open to all staff members and will take place on Tuesdays and Thursdays from 2:00 PM to 3:30 PM in the fitness center.

The hospital will also be celebrating National Healthcare Worker Appreciation Day on Wednesday, April 12th. A special recognition ceremony will be held at 9:30 AM in the auditorium to honor the dedication and hard work of our staff members.

All events are open to all hospital staff members and their families. If you would like to attend any of these events, please RSVP to the human resources department by March 10th.

We look forward to seeing you at these events and promoting a culture of wellness and appreciation within our hospital community.

Sincerely,
Hospital Administration",Public Administrative,PUBLIC,generated,hospital events and activities notice
"NOTICE OF HOSPITAL EVENTS AND ACTIVITIES

As part of our ongoing efforts to enhance patient care and experience, we would like to announce the following upcoming events and activities at our hospital:

Upcoming Events:

* Medical Staff Conference: Our medical staff will be convening on March 12th for a conference focused on best practices in patient care. The event will feature presentations from renowned experts in various fields of medicine.
* Quality Improvement Committee Meeting: On April 2nd, our Quality Improvement Committee will meet to discuss ongoing initiatives aimed at improving patient outcomes and safety.
* Grand Reopening of the Hospital Cafeteria: Our new and improved cafeteria will be officially reopened on March 25th, featuring a modern menu and enhanced dining amenities.

Departmental Updates:

* The hospital's Radiology department is expanding its services to include advanced imaging technologies. We anticipate this expansion to be completed by the end of Q2.
* The Pharmacy department has implemented a new inventory management system, ensuring efficient tracking and ordering of medications.
* Our Environmental Services department has been recognized for its outstanding commitment to maintaining a clean and safe environment for patients and staff.

Staff Training:

* All hospital staff are required to attend a mandatory training session on April 15th, focusing on patient safety protocols and emergency procedures.
* The Nursing Staff Education Committee will be offering a series of workshops on best practices in wound care during the month of May.

We hope you find this information helpful and look forward to seeing you at one of our upcoming events. If you have any questions or concerns, please do not hesitate to reach out to your departmental liaison.",Public Administrative,PUBLIC,generated,hospital events and activities notice
"NOTICE OF HOSPITAL EVENTS AND ACTIVITIES

As part of our ongoing commitment to providing exceptional patient care, we would like to inform you of several upcoming events and activities scheduled at our hospital.

This Saturday, April 15th, from 9am-12pm, we will be hosting a Community Health Fair in the hospital's main lobby. Local health organizations, wellness experts, and community groups will be on hand to provide information on various health-related topics, including nutrition, exercise, and disease prevention. Admission is free and open to the public.

On April 22nd, our hospital's Volunteers of America program will be hosting a charity fundraiser in the hospital's cafeteria. A silent auction, raffle prizes, and a bake sale will take place from 11am-3pm. All proceeds will benefit local charities serving vulnerable populations.

Additionally, we would like to announce that our hospital's art therapy program will be featuring a new exhibit of paintings created by patients who have participated in the program. The exhibit, titled ""Healing through Art,"" will be on display in the hospital's main lobby from April 1st to May 15th.

We are also proud to announce that our hospital has been recognized as one of the top hospitals in the region for its commitment to quality patient care and safety. This recognition is a testament to the hard work and dedication of our staff and volunteers.

If you have any questions or would like more information about these events, please contact our Public Relations department at (555) 123-4567 or [publicrelations@hospital.org](mailto:publicrelations@hospital.org).",Public Administrative,PUBLIC,generated,hospital events and activities notice
"Notice of Upcoming Hospital Events and Activities

The hospital will be hosting several events and activities in the coming weeks, including:

* A medical conference on ""Advances in Patient Care"" scheduled for March 12th-14th at the Grand Ballroom. The conference will feature keynote speakers from renowned medical institutions and provide opportunities for networking among healthcare professionals.
* A staff wellness fair on March 19th at the hospital's main lobby. The event will offer free health screenings, fitness classes, and information booths promoting healthy living.
* A community outreach program scheduled for April 2nd at the hospital's community center. The program aims to raise awareness about cancer screening and prevention among local residents.

Additionally, the hospital will be hosting a charity gala on March 25th at the Grand Ballroom, in support of our hospital's foundation. The event will feature a silent auction, live music, and a special performance by a renowned artist. Tickets are now available for purchase online or at the hospital's ticket office.

The hospital's annual picnic will also take place on April 15th at the nearby park. Staff members and their families are invited to enjoy food, games, and outdoor activities.

All events and activities are open to staff members, patients, and community members. For more information, please visit our website or contact the hospital's events department at [hospital phone number].

We look forward to seeing you at one of these upcoming events!",Public Administrative,PUBLIC,generated,hospital events and activities notice
"NOTICE OF HOSPITAL EVENTS AND ACTIVITIES

The hospital will be hosting a series of events and activities in the coming weeks, designed to promote patient satisfaction, staff well-being, and community engagement.

On Friday, March 17th, our hospital will host a ""Healthy Living Fair"" from 9am-1pm in the main lobby. This event will feature health screenings, nutrition workshops, and informational booths from local healthcare providers and wellness services.

The hospital's annual Staff Appreciation Day will take place on Thursday, April 13th, with a catered breakfast, award presentations, and a recognition ceremony for outstanding staff members. All hospital employees are invited to attend.

In May, our hospital will be participating in the American Heart Association's Heart Walk, which aims to promote cardiovascular health and raise awareness about heart disease prevention. We invite all patients, families, and community members to join us on this important event.

Additionally, we will be launching a new volunteer program in partnership with local organizations, providing opportunities for individuals to give back to their communities through service and compassion. Interested volunteers can contact our volunteer coordinator at (555) 123-4567 for more information.

We are proud of the excellent care we provide to our patients and strive to create a positive and supportive environment for everyone involved in our hospital community. If you have any questions or would like to get involved in these events, please do not hesitate to reach out to us at (555) 901-2345.",Public Administrative,PUBLIC,generated,hospital events and activities notice
"NOTICE OF HOSPITAL EVENTS AND ACTIVITIES

The Hospital Management Team is pleased to announce the following events and activities for the upcoming month:

* A complimentary health seminar on ""Healthy Eating Habits"" will be held on March 10th at 6:00 PM in the Hospital Auditorium. The seminar, led by a renowned nutritionist, aims to educate attendees on making informed food choices for optimal well-being.
* On March 15th, our hospital will host a charity fundraiser event, ""Step into Health,"" a fun run and walk that promotes physical activity and raises funds for local health initiatives.
* As part of our commitment to staff wellness, we invite all employees to participate in the annual Wellness Fair on April 1st. The fair features an array of health-related activities, including yoga demonstrations, health screenings, and information booths showcasing various wellness programs.
* Our Hospital Foundation is proud to announce a new partnership with local community organizations to provide educational resources and support services for underserved populations.
* A hospital-wide staff appreciation event will take place on March 25th at 2:00 PM in the Hospital Cafeteria. This event aims to recognize and reward staff members' dedication and hard work, as well as provide an opportunity for socialization and camaraderie.

These events are open to the public and invite all community members to participate. We look forward to welcoming you to our hospital and sharing these exciting opportunities with you.

For more information about these events or to get involved in supporting our charity fundraisers, please contact our Hospital Events Coordinator at [insert contact information].

Thank you for your continued support of our hospital's mission to provide exceptional healthcare services to our community.",Public Administrative,PUBLIC,generated,hospital events and activities notice
"NOTICE OF HOSPITAL EVENTS AND ACTIVITIES

The Hospital will observe the following events and activities:

* A staff training session on Electronic Health Record (EHR) systems will be conducted by our IT department from March 1st to March 31st, 2023. The sessions will take place in Conference Room A at 9:00 AM and 2:00 PM daily.
* On March 15th, 2023, the Hospital will host a health fair for the community, featuring free health screenings, wellness seminars, and informational booths about our hospital's services.
* From April 1st to May 31st, 2023, the Hospital's volunteer program will be offering monthly charity events, including a blood drive on April 15th, a food drive on May 1st, and a toy drive on May 31st.
* Our Hospital's sustainability committee will be hosting an Earth Day celebration on March 21st, featuring eco-friendly initiatives, recycling workshops, and a community clean-up event.

The following staff training sessions have been scheduled:

* April 12th to 14th: Pharmacy Technician Certification Program
* April 19th to 21st: Nursing Staff Development Conference
* May 3rd to 5th: Medical Billing and Coding Training

Staff members are encouraged to attend these events to enhance their skills and knowledge. For more information or to RSVP, please contact the Hospital's Human Resources department.

The Hospital's community outreach program will also be hosting a series of workshops on healthy eating and nutrition in April and May. These workshops will be open to the public and will cover topics such as meal planning, cooking techniques, and managing chronic diseases through diet.

We invite all members of the community to participate in these events and activities.",Public Administrative,PUBLIC,generated,hospital events and activities notice
"NOTICE OF HOSPITAL EVENTS AND ACTIVITIES

The hospital will observe the following events and activities:

Upcoming Charity Event: On Friday, March 19th, the hospital's auxiliary committee will host a fundraising gala at the downtown convention center. The event aims to support local charities and promote community engagement. Representatives from various departments have been invited to participate and show their support.

Staff Training Session: A mandatory staff training session has been scheduled for Tuesday, March 23rd at 9:00 AM in Room 304. All department heads are required to attend this session, which will cover updates on hospital policies and procedures.

New Equipment Installation: The installation of new medical equipment is currently underway. The IT department will be conducting a series of training sessions for staff members who will be using the new equipment. These sessions will take place from Monday, March 22nd to Wednesday, March 24th in Room 201.

Hospital-wide Safety Drill: On Thursday, April 1st at 2:00 PM, a hospital-wide safety drill will be conducted to test our emergency response procedures. All staff members are required to participate and report to their designated assembly points during the drill.

Employee Recognition Awards: The hospital's employee recognition committee will be presenting awards to deserving employees during an upcoming ceremony. The ceremony is scheduled for Friday, April 15th at 3:00 PM in the grand auditorium.

If you have any questions or concerns regarding these events and activities, please do not hesitate to reach out to your department head or the hospital's administration office.",Public Administrative,PUBLIC,generated,hospital events and activities notice
"NOTICE OF HOSPITAL EVENTS AND ACTIVITIES

As part of our ongoing efforts to enhance patient care and promote community engagement, we are pleased to announce the following events and activities taking place at our hospital:

Upcoming Workshops:

* A comprehensive review of hospital policies and procedures for department heads will be held on March 12th from 2 PM to 4 PM.
* A training session on infection control measures for hospital staff will take place on April 15th from 10 AM to 12 PM.

Special Events:

* Our annual community health fair will be held on May 1st at the hospital's main entrance. This event is open to the public and will feature health screenings, educational workshops, and resources for local residents.
* A charity golf tournament benefiting our hospital's foundation will be held on June 20th at a nearby golf course.

Staff Recognitions:

* The hospital's Quality Improvement Team has been recognized with an award for outstanding achievement in patient safety.
* Our Dietary Department has received recognition for its innovative approach to meal planning and nutrition services.

Hospital Announcements:

* The hospital's pharmacy will be closed on March 22nd and 23rd for a scheduled maintenance period.
* A new patient registration process will be implemented on April 1st, effective immediately.

We invite all hospital staff, patients, and community members to participate in these events and activities. If you have any questions or would like more information, please contact our Customer Service Department at [insert contact information].",Public Administrative,PUBLIC,generated,hospital events and activities notice
"NOTICE OF HOSPITAL EVENTS AND ACTIVITIES

The Hospital Management Team is pleased to announce a series of upcoming events and activities designed to enhance patient care, staff well-being, and community engagement.

**Upcoming Events**

* A complimentary workshop on ""Enhancing Patient Safety"" will be held on March 12th from 2 PM to 4 PM in Conference Room A. This interactive session will provide participants with insights into best practices for reducing medical errors.
* On March 19th, the Hospital's annual Health Fair will take place in the Main Lobby from 10 AM to 3 PM. Local health organizations and vendors will be on hand to offer free health screenings, educational materials, and wellness services.

**Staff Recognition Program**

The Hospital is proud to announce its Staff Recognition Program, which aims to acknowledge and reward outstanding contributions made by our dedicated staff members. The first recipients of the program's quarterly awards will be announced during a special ceremony on April 16th at 11:30 AM in the Grand Ballroom.

**Community Outreach Initiative**

As part of our ongoing commitment to community engagement, we are launching a new initiative to provide support services for local residents. A team of Hospital volunteers will begin offering meal delivery and companionship services to seniors in need starting on April 1st.

All hospital staff are invited to participate in these events and activities, which are designed to promote teamwork, collaboration, and a culture of excellence. For more information or to RSVP, please contact the Hospital's Community Outreach Department at extension 1234.",Public Administrative,PUBLIC,generated,hospital events and activities notice
"To: All Hospital Staff

From: Administration Department

Subject: Upcoming Hospital Events and Activities Notice

As we continue to strive for excellence in patient care, we would like to bring to your attention some important hospital events and activities that will take place in the coming weeks.

On February 15th, our hospital will be hosting a ""Welcome Spring"" event, which will feature a charity bake sale, plant giveaways, and a staff recognition ceremony. This is a wonderful opportunity for us to come together as a team and celebrate the start of a new season.

Additionally, on March 1st, we will be launching our new Employee Assistance Program (EAP), which provides confidential support services for employees dealing with personal or work-related issues. We encourage all staff members to take advantage of this valuable resource.

We would also like to remind you that our annual Spring Fling fundraising event is scheduled for April 10th. This year's theme will be ""A Night Under the Stars,"" and we invite all staff, volunteers, and community partners to join us for an evening of entertainment, food, and fun.

In conjunction with these events, we will also be conducting a hospital-wide safety training session on February 22nd. This important seminar will cover topics such as falls prevention, fire safety, and emergency preparedness.

Please mark your calendars for these exciting events and activities, and we look forward to seeing you there!

Sincerely,
Administration Department",Public Administrative,PUBLIC,generated,hospital events and activities notice
"NOTICE OF HOSPITAL EVENTS AND ACTIVITIES

The Hospital Administration would like to inform all staff members of upcoming events and activities that may affect their schedules or workflow. The following items are noteworthy:

On Friday, March 17th, the hospital will be hosting a Community Health Fair at the main entrance of our facility. This event is expected to draw a large crowd and may cause some disruptions to normal operations. As such, all non-essential services will be suspended during this time.

Additionally, on April 1st, we will be conducting a Staff Training Day, where all departments will participate in interactive training sessions. This day is mandatory for all staff members, and attendance will be taken.

The Hospital's annual Charity Golf Tournament will take place on May 15th at the local golf course. A team of hospital representatives will be participating in this event, and we encourage other staff members to join us in supporting this worthy cause.

Furthermore, the Hospital's Board of Directors will be meeting on June 1st to discuss various operational matters. All departments are welcome to attend, and a separate invitation will be sent out to those who wish to participate.

Please note that any changes to your schedule or workflow should be made through the normal channels, as we strive to maintain continuity in our operations.

If you have any questions or concerns regarding these events, please reach out to your supervisor or HR representative.",Public Administrative,PUBLIC,generated,hospital events and activities notice
"NOTICE OF HOSPITAL EVENTS AND ACTIVITIES

The Hospital Events and Activities Committee is pleased to announce the following upcoming events:

On April 15th, a free community health fair will be held at the hospital's main auditorium. The event will feature free health screenings, health education workshops, and exhibits from local healthcare providers. Members of the public are invited to attend.

On May 1st, the hospital will host its annual Employee Appreciation Day. Staff members will have the opportunity to enjoy lunch on us, take part in a charity auction, and participate in a raffle with prizes donated by local businesses.

Additionally, the hospital's Patient Family Advisory Council (PFAC) will be hosting a meeting on May 10th at 2 PM in room 304. The PFAC provides a forum for patients and their families to share their experiences and provide feedback on hospital policies and procedures.

The hospital's Quality Improvement Committee will also be conducting a series of training sessions for staff members on April 22nd and 23rd, focusing on patient safety and quality initiatives.

Furthermore, the Hospital Events and Activities Committee is pleased to announce that it has been awarded the ""Hospital of the Year"" award by the local healthcare association. We would like to extend our gratitude to the members of the committee for their hard work and dedication to our hospital's mission.

Please note that all events are open to the public, except for the training sessions, which are restricted to staff members only. For more information about any of these events, please contact the Hospital Events and Activities Office at (555) 123-4567 or email [events@hospital.org](mailto:events@hospital.org).",Public Administrative,PUBLIC,generated,hospital events and activities notice
