transcription,medical_specialty,access_level,source,doc_type
"Here's a fictional patient admission form:

Emily Wilson  
123 Oakwood Drive  
Springfield, CO 80909  
(555) 234-5678  
emilywilson@email.com  

Personal History:  
Mrs. Emily Wilson was admitted to our hospital on February 10, 2023, at 12:00 PM after experiencing severe abdominal pain and difficulty breathing. She was referred by her primary care physician, Dr. David Kim.

Medical History:  
Mrs. Wilson has a history of hypertension and hyperlipidemia. She is allergic to penicillin and cephalosporins.

Social Insurance Number: 92-87-6543  

Financial Information:  
For insurance purposes, the following information was provided:

- Employer: GreenTech Inc.
- Employee ID: GW123456
- Bank Account: Wells Fargo Bank  
Account Number: 0047-8765-6321  
Routing Number: 122900772  
Bank Address: 1010 Main St. Anytown, USA 12345  

Next of Kin:  
Mr. John Taylor (father)  
Address: 456 Maple Ave. Springfield, CO 80909  
Phone: (555) 901-2345  

Emergency Contact:  
Mrs. Jane Doe  
Address: 789 Pine St. Springville, UT 84651  
Phone: (801) 987-6543  
jane.doe@email.com  

Patient's Wish List:  
Do Not Resuscitate: Yes  
Intubation: No  
Cardiopulmonary Resuscitation: No",Patient Administrative,RESTRICTED,generated,patient admission form with personal details
"John Smith
123 Main Street
Anytown, USA 12345
(555) 0100 | (555) 2345 | john.smith@email.com

Personal Details:
- Date of Birth: March 12, 1992
- Social Security Number: 92-34-5678
- Height: 6'1""
- Weight: 190 lbs
- Hair Color: Brown
- Eye Color: Blue

Contact Information:
- Primary Contact: Jane Doe
- Phone: (555) 4567
- Email: jane.doe@email.com
- Address: 456 Elm Street, Anytown, USA 12345

Bank Information:
- Checking Account: 9876-5432-1098-3210
- Bank Name: First National Bank of Anytown
- Routing Number: 012345678

Medical History:
- Allergic to penicillin
- Current medications: Zocor 20mg daily, Lisinopril 10mg daily
- Previous surgeries: Tonsillectomy (2015), Wisdom tooth extraction (2007)

Emergency Contact:
- Name: Bob Johnson
- Phone: (555) 9012
- Relationship: Father

Personal Preferences:
- Food allergies: Gluten-free
- Favorite hobby: Reading",Patient Administrative,RESTRICTED,generated,patient admission form with personal details
"Patient Admission Form

Name: Emily J. Wilson
Address: 456 Oakwood Drive, Apt 3B
City: Springsville
State: NV
Zip: 89032
Phone: 702-765-4121
Email: [ewilson@email.com](mailto:ewilson@email.com)

Date of Birth: February 12, 1995
Social Security Number: 923-48-2198

Bank Information for Payment:

Account Type: Checking
Account Number: 9876543210
Routing Number: 121000358
Bank Name: Valley National Bank

Insurance Information:
- Health Insurance: UnitedHealthcare
- Plan ID: UHC12345
- Premium Amount: $500.00

Emergency Contact:
Name: Michaela K. Johnson
Address: 789 Maple Street, Apt 2A
City: Springdale
State: NV
Zip: 89015
Phone: 702-555-0198
Email: [mjohns@email.com](mailto:mjohns@email.com)

Medical History:
Patient has a history of minor allergies and asthma.

Medications Prescribed:
- Albuterol (Ventolin) for Asthma
- Benadryl for Allergies

Family Information:
- Married to John D. Wilson
- Two children, ages 10 and 12

This document is entirely fictional and not intended for any real-world use or individual identity verification.",Patient Administrative,RESTRICTED,generated,patient admission form with personal details
"Patient Admission Form

Name: Ethan Patel
Address: 456 Oakwood Drive
City: Springsville
State: NV
Zip: 89032
Phone: 702-123-4567
Email: [ethanpatel@email.com](mailto:ethanpatel@email.com)

Date of Birth: 12/25/1995
Social Security Number: 892-34-1278

Bank Information for Payment:
Account Name: Ethan Patel
Account Type: Checking
Account Number: 1234567890
Routing Number: 121000088
Bank Name: Valley Bank and Trust

Emergency Contact:
Name: Ava Morales
Address: 901 Maple Street
City: Henderson
State: NV
Zip: 89002
Phone: 702-987-6543
Email: [avamorales@email.com](mailto:avamorales@email.com)

Insurance Information:
Policy Name: Nevada Health Plan
Policy Number: NHP12345
Group Number: G001234

Medications: 
- Lipitor (10mg)
- Glucophage (500mg)
- Omeprazole (20mg)

Allergies: 
- Penicillin
- Latex

Medical History:
Ethan was diagnosed with high cholesterol and type 2 diabetes. He has a history of hypertension.

Physician Signature: Dr. Lisa Nguyen
Date: February 10, 2023",Patient Administrative,RESTRICTED,generated,patient admission form with personal details
"John Smith
123 Main Street, Apt 456
Anytown, CA 12345
(555) 0100 | (800) 234-5678 | john.smith@email.com

Personal Details:

* Date of Birth: February 12, 1992
* Social Security Number: 92-78-2198
* Marital Status: Single
* Occupation: Software Engineer
* Insurance Provider: Sunshine Health Services
* Policy Number: SHS12345

Medical History:
The patient has a history of mild hypertension and hyperlipidemia. He has been taking Lisinopril 10mg twice daily and Atorvastatin 20mg once daily for the past five years.

Presenting Complaints:
The patient presents with symptoms of acute bronchitis, cough, and shortness of breath. He reports a one-week history of worsening respiratory symptoms after exposure to pollution during his morning commute.

Allergies:
The patient is allergic to penicillin and shellfish.

Medications:
* Lisinopril 10mg twice daily
* Atorvastatin 20mg once daily
* Albuterol inhaler as needed

Financial Information:
Bank Account: First National Bank of Anytown, 456 Main Street, Anytown, CA 12345
Account Number: FNB12345
Routing Number: 012345678
Checkbook Number: 987654321

Signature: ______________________________________ Date: February 22, 2023",Patient Administrative,RESTRICTED,generated,patient admission form with personal details
"John Smith, male, DOB: 02/12/1995, Social Security Number: 923-54-8276, resides at 123 Main Street, Apartment 456, Anytown, CA 12345.

Patient Name: Emily J. Wilson
Address: 345 Oak Drive, Apt 789, Othertown, CO 98765

Phone: (555) 010-2345 | Fax: (555) 456-7890
Email: [ewilson@fakeemail.com](mailto:ewilson@fakeemail.com)

Medical History:
Patient presents with a history of hypertension and hyperlipidemia. Patient has been taking Lisinopril 20mg once daily for blood pressure management and Atorvastatin 40mg once daily for cholesterol control.

Emergency Contact Information:
- Parent/Guardian: Jane Doe, Phone: (555) 567-8901
- Emergency Contact Alternate: John Lee, Phone: (555) 234-5678

Patient's Bank Account Information (for insurance purposes):
- Insurance Provider: ABC Healthcare
- Policy Number: FGH1234567
- Bank Name: XYZ Savings Bank
- Account Number: CBA9876543
- Routing Number: 001011111",Patient Administrative,RESTRICTED,generated,patient admission form with personal details
"Patient Admission Form

Name: Emily J. Wilson
Date of Birth: 12/25/1998
Address: 876 Oakdale Drive, Apt 3B, Springfield, IL 62704
Phone Number: (917) 854-2198
Email: [emilyjwilson92@gmail.com](mailto:emilyjwilson92@gmail.com)

Social Security Number: 924-54-8231
Employer: GreenTech Inc.
Occupation: Software Engineer

Bank Account Information:
Account Type: Checking
Account Number: 3456789012
Routing Number: 0227890123
Bank Name: First National Bank of Springfield

Insurance Information:
Health Insurance Plan: Blue Cross Blue Shield
Policy Number: BCBS-123456
Dental Insurance Plan: Delta Dental

Medical History:
Allergies: None
Medications: None
Past Medical Conditions: Hypertension, Asthma

Emergency Contact:
Name: David Lee
Phone Number: (503) 654-9821
Relationship: Father",Patient Administrative,RESTRICTED,generated,patient admission form with personal details
"Patient Admission Form

Name: Emily J. Wilson
Address: 901 Oakdale Drive
City: Springfield
State: IL
Zip Code: 62704
Phone: 555-8765
Email: ewilson@email.com

Date of Birth: March 12, 1992
Social Security Number: 492-88-1234
Place of Birth: Des Moines, IA

Marital Status: Single
Occupation: Data Analyst
Income: $55,000.00 per year

Insurance Information:
- Insurance Provider: Springville Health Services
- Policy Number: SHS-123456
- Primary Contact Name: Jane Doe

Emergency Contact:
Name: Michael Brown
Phone: 555-7890
Relationship: Father

Next of Kin (if applicable):
Name: Karen White
Phone: 555-3210
Address: 234 Maple Street

Medical History:
- Allergies: Penicillin, Latex
- Medications: Lisinopril, Metformin
- Surgical History: None

Physician's Contact Information:
Name: Dr. Lisa Nguyen
Phone: 555-5678
Email: lnguyen@email.com",Patient Administrative,RESTRICTED,generated,patient admission form with personal details
"John Smith
123 Main Street
Anytown, CA 95323
(555) 0100 ext. 1234
john.smith@email.com
(john.smith@fakebank.com)

Date of Birth: March 12, 1995
Social Security Number: 923-54-2198

Patient Information:
Name: John Smith
Age: 27
Sex: Male
Weight: 170 lbs
Height: 72 in
Blood Type: A+

Admission Reason: Minor Injury - Fall

Medical History:
None notable

Emergency Contact:
Name: Jane Doe
Address: 456 Elm Street, Anytown, CA 95323
Phone: (555) 0200 ext. 5678
Email: jane.doe@email.com

Insurance Information:
Policy Number: FAKED-1234
Provider: Fake Healthcare Inc.
Bank Account:
Account Type: Checking
Account Number: 9876543210
 Routing Number: 111000011
 Bank Name: Fake National Bank",Patient Administrative,RESTRICTED,generated,patient admission form with personal details
"Jane Doe
123 Oakdale Drive
Apartment 456
Anytown, CA 12345
(555) 812-3456
jane.doe@email.com
Personal Contact: John Smith
 Phone: (555) 765-4321

Patient Name: Emily Wilson
Address: 789 Maple Street
City: Springdale
State: IL
Zip Code: 62701
Phone Number: (309) 456-8900
Date of Birth: February 12, 1992
Social Security Number: 921-87-6543
Employer: ABC Corporation

Bank Account Information:
Account Holder: Emily Wilson
Account Type: Checking
Account Number: 9876-5432-1098
Routing Number: 1223456789
Bank Name: XYZ Bank and Trust

Emergency Contact Information:
Name: Michael Brown
Relation: Brother
Phone Number: (555) 901-2345
Address: 456 Pine Street
City: Springdale
State: IL
Zip Code: 62704",Patient Administrative,RESTRICTED,generated,patient admission form with personal details
"Here is a fictional patient admission form:

Brentley F. Winters
123 Oakdale Drive
Apt 4B, Springdale, CO 81234
(719) 345-2198 | brentley.winters@email.com

Date of Birth: March 22, 1995

Social Security Number: 942-85-6321

Emergency Contact: 
Name: Ms. Janessa K. Jensen
Address: 142 Maple Street, Apt 7B, Greenfield, KS 67544
Phone: (620) 456-9823 | janessa.jensen@email.net

Insurance Information:
Policy Number: HI00123456
Insurance Company: Golden State Health Plan
Group Membership: Family A

Medical History:
None notable

Presenting Symptoms:
Right lower quadrant abdominal pain and nausea.

Medications:
Loratab (Tylenol with codeine) 2 tablets three times a day as needed for pain. 

Special Requirements: 
No driving until further review.

Signature of Admitting Doctor: Dr. Jeraldine K. Wilson

Date of Admission: February 12, 2024",Patient Administrative,RESTRICTED,generated,patient admission form with personal details
"Patient Admission Form

Name: Reginald P. Bottomsworth
Address: 456 Elm Street, Apt 3B
City: Oakdale
State: CA
Zip Code: 91234
Phone Number: (714) 876-5432
Email: [rbbottomsworth@email.com](mailto:rbbottomsworth@email.com)

Date of Birth: February 12, 1985
Social Security Number: 342-98-7654

Bank Information for Insurance and Billing:

Account Name: Reginald P. Bottomsworth
Account Number: 9876543210
Routing Number: 121000027
Bank Name: Oakdale Community Bank

Insurance Information:

Health Insurance Plan: Blue Cross Blue Shield of California
Policy Number: BCBS-CA-1234567
Premium Payment Method: Electronic Funds Transfer (EFT) from bank account above

Patient's Medical History:
The patient has a history of hypertension and hyperlipidemia. He is currently taking Lipitor 20mg once daily and enalapril 10mg twice daily.

Reason for Admission: The patient was admitted to the hospital due to chest pain and shortness of breath, which were later diagnosed as acute coronary syndrome (ACS).

Medications:
- Lipitor 20mg
- Enalapril 10mg
- Aspirin 81mg

Allergies:
- None known

Responsible Party: Jane Doe, Wife

Emergency Contact: John Smith, Father (555) 0100",Patient Administrative,RESTRICTED,generated,patient admission form with personal details
"Patient Admission Form

Name: Emily J. Wilson
Address: 421 Oakwood Drive
City: Springdale
State: IL
Zip Code: 62704
Phone: 555-8765
Email: ewilson123@gmail.com
Date of Birth: February 12, 1992

Social Security Number: 842-34-2198
Medicare Number: G1234567
Employer Identification Number (EIN): 14-7654321

Bank Account Information:
Checking Account: ABC Bank, Account Number: 1234567890, Routing Number: 0012345678
Savings Account: XYZ Savings, Account Number: 9876543210, Routing Number: 7654321098

Marital Status: Single
Occupation: Marketing Specialist
Income: $60,000 per year
Health Insurance: Private Plan through Springdale Health Insurance Co.

Emergency Contact:
Name: David K. Brown
Address: 123 Maple Street
City: Springfield
State: IL
Zip Code: 62711
Phone: 555-5678

Next of Kin:
Name: Sarah E. Johnson
Address: 456 Pine Street
City: Belleville
State: IL
Zip Code: 62220

Medications: None
Allergies: Penicillin, Latex

Signature: Emily J. Wilson

Date of Admission: March 15, 2023",Patient Administrative,RESTRICTED,generated,patient admission form with personal details
"Emily J. Wilson
123 Maplewood Drive
Apartment 456
Springfield, IL 62704
(555) 123-4567 | emilyjwilson@email.com

Patient Admission Form

Date of Birth: March 12, 1995
Age: 28

Address: 789 Oakdale Avenue
Apartments 321
Rochester, MN 55902
(987) 654-3210 | emilyjwilson@yahoo.com

Employment Information:
- Job Title: Marketing Manager
- Company Name: GreenTech Inc.
- Duration of Employment: October 2018 - Present

Medical History:
- No Known Allergies or Conditions
- Hypertension and High Cholesterol Managed with Medication

Medications Currently Being Taken:

1. Lisinopril (10mg, once daily)
2. Atorvastatin (20mg, once daily)

Emergency Contact Information:
- Name: David M. Wilson
- Relationship to Patient: Father
- Phone Number: (555) 234-5678

Insurance Information:
- Insurance Provider: Blue Cross Blue Shield of Illinois
- Policy Number: BCBS-1234567
- Bank Account Information: Bank of America,
Account Number: 9876543210, Routing Number: 0111012625",Patient Administrative,RESTRICTED,generated,patient admission form with personal details
"Here is a fictional patient admission form with personal details:

Bryan Reynolds
123 Maplewood Drive
Apt 304
Springfield, IL 62704
(555) 876-5432
bryan.reynolds@email.com

Date of Birth: March 12, 1995

Social Security Number: 923-54-1321

Marital Status: Married to Emily Reynolds

Occupation: Software Engineer at TechCorp

Emergency Contact:
Emily Reynolds
(555) 789-0123
emily.reynolds@email.com

Insurance Provider: BlueCrossBlueShield of Illinois
Policy Number: BR001234
Group Plan: HMO

Bank Information:
Checking Account: BankOfSpringfield Savings 1234567890
Routing Number: 111000025
ATM Card: Visa 1234-5678-9012-3456

Medical History: Hypertension, High Cholesterol
Allergies: None Known
Medications: Lisinopril 10mg, Atorvastatin 20mg",Patient Administrative,RESTRICTED,generated,patient admission form with personal details
"Patient Admission Form

Name: Zara Patel
Address: 456 Elm Street, Apt 3B
City: Oakdale
State: CA
Zip: 92841
Phone: 909-8765
Email: [zarapatel@email.com](mailto:zarapatel@email.com)

Date of Birth: 02/12/1998

Marital Status: Single
Occupation: Software Engineer
Income: $80,000/year
Insurance: UnitedHealthcare
Primary Care Physician: Dr. Maria Rodriguez

Medical History:
- Hypertension (controlled)
- Hyperlipidemia (managed)

Medications:
- Lisinopril 20mg
- Atorvastatin 40mg
- Simvastatin 20mg

Special Instructions:
- Patient requires gluten-free diet
- Avoid exposure to pollen

Emergency Contact:
- Name: Rohan Patel
- Relationship: Brother
- Phone: 555-1234
- Address: 789 Oak Street, Apt 2A

Bank Information for Payment:
- Bank Name: First National Bank of Oakdale
- Account Number: 1234567890
- routing number: 121000178
- Checking Balance: $1,245.50",Patient Administrative,RESTRICTED,generated,patient admission form with personal details
"Here is a fictional patient admission form with personal details:

Emily J. Wilson
123 Oakwood Drive, Apt 304
Anytown, CA 01234
(555) 876-5432
emily.j.wilson@email.com

Emergency Contact: David M. Lee
456 Maple Street, Anytown, CA 01234
(555) 901-2345
david.m.lee@email.com

Insurance Information:
Policy Number: WILSON1234
Insurance Company: SecureCare Inc.
Group Plan: Silver Plus

Employment and Education:
Current Employer: XYZ Corporation
Job Title: Marketing Manager
Date of Hire: March 1, 2020

Education:

* Bachelor's Degree in Business Administration, Anytown University (2018)
* Master's Degree in Marketing, Anytown Graduate School (2022)

Medical History:
Allergies: None
Medications: None
Previous Surgical Procedures: Appendectomy in 2015

Social Security Number: 987-65-4321

Bank Information for Payment of Services:

Account Type: Checking Account
Account Number: 1234567890
Routing Number: 0123456789
Bank Name: SecureBank of Anytown",Patient Administrative,RESTRICTED,generated,patient admission form with personal details
"John Smith, Male, 32 years old, married, has two children.
Residency Address: 123 Main Street, Apartment 4A, Anytown, CA 12345
Phone: (555) 0100
Email: [john.smith@email.com](mailto:john.smith@email.com)

Date of Birth: February 12, 1991
Social Security Number: 92-78-2198

Employment Information:
Current Employer: ABC Corporation, Software Engineer
Job Title: Senior Software Engineer
Annual Salary: $125,000.00
Benefits: Health Insurance, 401(k), Paid Vacation Time

Bank Account Information (for billing purposes only):
Account Name: John Smith
Account Number: 1234567890
Routing Number: 9876543210
Bank Name: Bank of Anytown

Emergency Contact:
Name: Jane Doe
Relationship: Wife
Phone: (555) 2345
Address: 123 Main Street, Apartment 4A, Anytown, CA 12345",Patient Administrative,RESTRICTED,generated,patient admission form with personal details
"Patient Admission Form

Name: Emily J. Wilson
Address: 421 Oakdale Drive
City, State ZIP Code: Denver, CO 80210
Phone Number: (720) 555-1234
Email: [ewilson@email.com](mailto:ewilson@email.com)

Date of Birth: February 12, 1995

Marital Status: Single
Occupation: Marketing Specialist
Employer: ABC Corporation
Income: $75,000/year

Bank Information:

Account Type: Checking
Account Number: 9876543210
Routing Number: 011-234-5678
Bank Name: First National Bank of Colorado Springs

Insurance Information:

Health Insurance: United Healthcare
Policy Number: UHC1234567
Dental Insurance: Delta Dental
Policy Number: DD0012345

Emergency Contact:
Name: Ryan Thompson
Phone Number: (303) 987-6543
Relationship: Father

Medical History:

None reported

Allergies:
None reported

Medications:
 None reported

Patient's own statement regarding admission and reason for hospital stay:

""I am experiencing severe abdominal pain and nausea. I was in a car accident last night and I'm not feeling well.""",Patient Administrative,RESTRICTED,generated,patient admission form with personal details
"John P. Wilson
123 Oakwood Drive
Apt 304
Springfield, IL 62704
(555) 876-2345
john.p.wilson@email.com

Patient Information:

Name: John P. Wilson
Date of Birth: March 12, 1992
Address: 123 Oakwood Drive, Apt 304, Springfield, IL 62704
Phone Number: (555) 876-2345
Email: john.p.wilson@email.com
Social Security Number: 842-34-2198

Medical History:
None reported

Emergency Contact:
Name: Emily J. Lee
Address: 456 Maple Street, Apt 212, Springfield, IL 62704
Phone Number: (555) 321-9876
Email: emily.j.lee@email.com

Financial Information:

Insurance Provider: Springdale Health Insurance
Policy Number: SPR-001234
Bank Account: Bank of America
Account Number: 1234567890
Routing Number: 0112345678
Check Payment Method: Check

Medications:
 None reported

Special Needs:
None reported

Signature:
 john.p.wilson@email.com

Please note that this document is completely fictional and should not be used for any real-world purposes.",Patient Administrative,RESTRICTED,generated,patient admission form with personal details
"Patient Admission Form

Patient Name: Emily Wilson
Date of Birth: 12/25/1992
Address: 456 Elm Court, Apt 3B, Springfield, CO 80203
Phone Number: 555-8765
Email: emilywilson@email.com

Emergency Contact: Mr. David Kim
Address: 789 Oak Drive, Denver, CO 80246
Phone Number: 303-444-1111

Insurance Information:
- Insurance Provider: SecureCare HealthPlan
- Policy Number: SCHP123456
- Group ID: GRP001234
- Coverage Date: 01/01/2022 - 12/31/2023

Bank Account Information (for billing purposes only):
- Checking Account: 98765-4321-0987-6543
- Bank Name: First National Bank of Springfield
- Routing Number: 1123456789

Medical History:
- Pre-existing conditions: Hypertension, Allergies to penicillin
- Current medications: Lisinopril, Claritin
- Previous surgeries: C-section on 02/10/2018

Next of Kin: Ms. Rachel Patel
Address: 901 Maple Street, Boulder, CO 80301
Phone Number: 303-901-0987",Patient Administrative,RESTRICTED,generated,patient admission form with personal details
"Patient Admission Form

Name: Reginald P. Bottomsworth
Address: 456 Elm Street, Apt 3B
City: Oakdale
State: CA
Zip Code: 90210
Phone Number: (555) 123-4567
Email: [rp.bottomsworth@gmail.com](mailto:rp.bottomsworth@gmail.com)

Date of Birth: February 12, 1985
Social Security Number: 92-34-2198
Employer: Acme Inc.
Occupation: Software Engineer

Bank Information:
Account Type: Checking
Account Number: 1234567890
Routing Number: 123456789
Bank Name: Oakdale Bank & Trust

Insurance Information:
Health Insurance Plan: Blue Cross Blue Shield
Plan ID: BCBS-001234
Dental Insurance Plan: Delta Dental

Emergency Contact:
Name: Bertrand P. Bottomsworth
Relationship: Father
Phone Number: (555) 876-5432

Medical History: Hypertension, Hyperlipidemia
Medications: Lisinopril, Atorvastatin

Special Instructions: Please administer 1mg of Metformin twice daily.

Signature: Reginald P. Bottomsworth

Date: March 12, 2023",Patient Administrative,RESTRICTED,generated,patient admission form with personal details
"Patient Admission Form

Date of Birth: 02/15/1995
Social Security Number: 812-34-1957
Emergency Contact Name: Emily Wilson
Emergency Contact Phone: 817-876-2198
Emergency Contact Email: emily.wilson@email.com

Name: Ethan Michael Patel
Address: 234 Maple Avenue, Apt 101
City, State Zip: Oakdale, MN 55110
Phone: 555-456-7890
Email: ethanpatel@email.com
Employer: XYZ Corporation
Occupation: Software Engineer

Bank Information:
Account Type: Checking
Account Number: 9876-5432-1098
Routing Number: 012345678
Bank Name: First National Bank of Oakdale

Medical History: Hypertension, High Cholesterol
Medications: Lisinopril 20mg, Atorvastatin 20mg
Allergies: Penicillin, Latex

Insurance Information:
Insurance Carrier: Blue Cross
Policy Number: BC123456
Coverage Start Date: 02/01/2022

Next of Kin: Emily Wilson
Relationship: Mother",Patient Administrative,RESTRICTED,generated,patient admission form with personal details
"John Smith
123 Main Street
Anytown, CA 12345
(555) 0100 ext. 4567
john.smith@email.com

Date of Birth: March 12, 1990
Social Security Number: 092-78-2198
Driver's License Number: CA-987654

Emergency Contact:
Jane Doe
456 Elm Street
Anytown, CA 12345
(555) 0202
jane.doe@email.com

Medical History:
Hypertension, mild; allergic to penicillin; previous knee surgery in 2015.

Insurance Information:
Policy Number: HMO-001234
Provider Name: Anytown Medical Group
Group Plan: GoldenCare

Bank Account Information (for billing purposes only):
Account Type: Checking
Account Number: 9876543210
Routing Number: ghklmnopqwertyuiop
IBAN Code: US123456789

Reason for Admission:
Sudden onset of chest pain and shortness of breath. ECG shows signs of myocardial infarction.

Primary Diagnosis:
Acute Coronary Syndrome

Medications Prescribed:
Aspirin 81mg daily; lisinopril 20mg twice daily; metformin 500mg once daily.

Signature: ________________________
Date: February 22, 2023",Patient Administrative,RESTRICTED,generated,patient admission form with personal details
"Emily J. Wilson
123 Oakbrook Drive
Apt 3B
Springfield, IL 62704
(555) 234-5678 | emilyjwilson@email.com

Personal Information:

Date of Birth: 02/15/1992
Place of Birth: Spokane, WA
Occupation: Marketing Specialist
Marital Status: Single
Residence since: 2018
Social Security Number: 923-48-2197

Insurance Information:
Health Insurance: Springfield Medical Insurance Plan
Policy Number: SMP123456789
Deductible: $500.00
Coinsurance: 20%

Financial Information:
Bank Account: Wells Fargo Bank Account #12345
Routing Number: 121000358
Account Type: Checking
Account Balance: $1,432.50

Emergency Contact:
Name: David K. Brown
Phone: (555) 012-3456
Address: 456 Maple Street, Apt 2C, Springfield, IL 62701

Medical Information:
Current illness: Sinusitis
Allergies: Penicillin
Medications: Azithromycin and Claritin",Patient Administrative,RESTRICTED,generated,patient admission form with personal details
"Patient Admission Form

Name: Emily Chen
Address: 456 Oakdale Drive
City, State ZIP: Greenfield, MA 01108
Phone: 508-123-4567
Email: emily.chen@email.com

Date of Birth: February 12, 1995
Social Security Number: 654-23-9876
Marital Status: Single
Occupation: Software Engineer

Insurance Information:
- Insurance Company: New Horizon Health
- Policy Number: NH-123456
- Primary Card Holder: Emily Chen
- Secondary Card Holder: None

Bank Account Information:
- Checking Account: Wells Fargo Bank
- Account Number: 9876543210
- Routing Number: 022010274
- Bank Address: 789 Main Street, Greenfield, MA 01108

Medical History:
Emily Chen presented to the emergency department with complaints of severe chest pain and shortness of breath. ECG revealed signs of acute coronary syndrome, and she was immediately admitted for further evaluation.

Medications:
- Aspirin
- Clopidogrel
- Metoprolol succinate

Allergies:
- None documented

Family Medical History:
Emily's father suffers from hypertension, and her mother has type 2 diabetes.",Patient Administrative,RESTRICTED,generated,patient admission form with personal details
"Patient Admission Form

Name: Zara Patel
Address: 456 Elm Street, Apt 3B, Portland, ME 04102
Phone: 802-876-5432
Email: [zapatel92@gmail.com](mailto:zapatel92@gmail.com)

Date of Birth: February 12, 1998
Social Security Number: 923-54-8234
Employer: Green Tech Inc.
Occupation: Software Engineer

Marital Status: Single
Relationship: N/A
Resident Alien Status: Yes

Emergency Contact Name: Dr. Sofia Rodriguez
Address: 123 Oak Street, Apt 2C, Providence, RI 02903
Phone: 401-384-2100

Bank Account Information:
Account Type: Checking
Account Number: 4567890123
Routing Number: 021370265
Bank Name: FictiBank of America

Medical History: Hypertension, Allergies to penicillin and shellfish

Reason for Admission: General wellness checkup

Medications: Lisinopril 10mg daily
Vitamin D supplement 2000 IU daily

Next of Kin: Mr. Zain Patel
Address: 789 Maple Street, Apt 4A, Bangor, ME 04401
Phone: 207-876-9012",Patient Administrative,RESTRICTED,generated,patient admission form with personal details
"Patient Admission Form

Name: Emily Wilson
Date of Birth: 12/25/1990
Address: 456 Elm Street, Apt 3B
City: Oakdale
State: NJ
Zip: 07726
Phone: 732-1234
Email: ewilson90@gmail.com

Bank Account Information (for billing purposes):
Account Name: Emily Wilson
Account Number: 9876543210
 routing number: 211000027
 Bank Institution: First National Bank of Oakdale

Medical History:
Ms. Wilson has a history of minor headaches and fatigue, which she attributes to allergies. She has been taking Tylenol as needed for the past year.

Emergency Contact:
Mr. David Patel
Address: 789 Maple Street
City: Oakdale
State: NJ
Zip: 07726
Phone: 732-5678

Social Security Number (for insurance purposes):
123456789

Medications:
None currently prescribed, however she has taken ibuprofen for headaches in the past.

Special Instructions for Care:
Please ensure that all medications are kept out of reach of children. If Emily experiences any worsening symptoms, please call 911 immediately.

Digital signature: ______________________",Patient Administrative,RESTRICTED,generated,patient admission form with personal details
"Patient Admission Form

Name of Patient (as per ID): Zara P. Patel
Date of Birth: 12th February 1995
Address: 432 Maple Avenue, Apt 3B, Springfield, CO 80904
Phone Number: (720) 987-6542
Email Address: zapatel@email.com

Resident Alien Status: Yes
Citizenship: United States of America
Marital Status: Single
Occupation: Freelance Graphic Designer

Emergency Contact Name: Jamie Lee Reed
Relation to Patient: Aunt
Phone Number: (917) 853-2198
Address: 1457 S. Colorado Boulevard, Denver, CO 80210

Previous Medical Conditions:
- Hypertension
- Type II Diabetes Mellitus

Allergies:
- Peanuts
- Tree Nuts

Medications:
- Lisinopril 20mg (once a day)
- Metformin SR 500mg (twice a day)

Bank Account Information (for Billing and Insurance):
Account Name: Zara P. Patel
Routing Number: 0117655678
Account Type: Checking
 Bank Name: Community State Bank of Denver

Insurance Details:
Health Insurance Plan: Blue Cross Blue Shield CO
Policy Number: BCBS-0123456",Patient Administrative,RESTRICTED,generated,patient admission form with personal details
"Patient Admission Form

Name: Zara P. Patel
Date of Birth: 12/02/1995
Address: 214 Oakwood Drive, Apt 3B, Springfield, IL 62704
Phone: 555-8765
Email: [zapatel@outlook.com](mailto:zapatel@outlook.com)

Emergency Contact Name: Rachel K. Brown
Emergency Contact Phone: 555-2346

Bank Account Information:
Account Type: Checking
Account Number: 9428134567
Routing Number: 0210000123
Bank Name: Springfield Community Bank and Trust

Insurance Information:
Health Insurance Plan: Blue Cross Blue Shield
Policy Number: BCBS12345
Provider ID: 987654321

Medical History:
The patient has a history of hypertension and hyperlipidemia. She is currently taking medication as prescribed by her doctor.

Allergies:
The patient is allergic to penicillin and shellfish.

Family History:
The patient's mother has diabetes, and her father has high blood pressure.

Medications:
The patient is currently taking:

* Lisinopril 10mg twice daily
* Atorvastatin 20mg once daily

Release of Information:
I, Zara P. Patel, hereby grant permission for my medical information to be shared with the healthcare providers and staff at Springdale Hospital.

Signature: _____________________________",Patient Administrative,RESTRICTED,generated,patient admission form with personal details
"Patient Admission Form

Name: Emily J. Wilson
Address: 142 Oakdale Drive, Apt 3B, Springville, CO 81234
Date of Birth: February 12, 1995
Phone Number: (908) 765-4321
Email: ewilson@email.com

Bank Account Information for Insurance Payment:
Account Holder: Emily J. Wilson
Account Type: Checking
Account Number: 9876543210
Routing Number: 0210035678

Emergency Contact:
Name: David M. Lee
Address: 456 Maple Street, Denver, CO 80211
Phone Number: (720) 234-5897
Email: dlee@email.com

Medical History:
The patient has a history of mild hypokalemia and hypercholesterolemia. She is also allergic to penicillin and shellfish.

Presenting Complaints:
Patient presented with acute right lower quadrant pain, fever, and chills.

Medications:
- Aleve (naproxen) 500mg twice daily
- Imodium (loperamide) 2 tablets per day as needed

Social Security Number: 987-65-4321",Patient Administrative,RESTRICTED,generated,patient admission form with personal details
"Here is a fictional patient admission form:

Bryan Welch
123 Oakwood Drive
Apt 456
Springfield, IL 62704
(217) 876-5432
bryan.welch@gmail.com

Patient Information:
Name: Bryan Welch
Date of Birth: February 12, 1995
Address: 123 Oakwood Drive, Apt 456, Springfield, IL 62704
City: Springfield
State: IL
Zip: 62704
Phone: (217) 876-5432
Email: bryan.welch@gmail.com

Emergency Contact:
Name: Karen Jenkins
Relation: Mother
Address: 789 Maple Street
City: Springfield
State: IL
Zip: 62701
Phone: (217) 123-4567

Medical History:
None reported

Insurance Information:
Policy Number: WELCH001234
Provider: Springtown Health Insurance
Bank Account: Wells Fargo Bank, Account #WFG1234567890, Routing # 041000358
Payment Method: Credit Card (Visa)

Reason for Admission: Acute Appendicitis - Exploratory Laparotomy

Medications Prescribed:
- Amoxicillin 500mg (3 times daily)
- Zantac 150mg (1 time before bed)

Allergies:
None reported

Additional Information:
Patient is a college student and has no known drug allergies. Patient has been experiencing severe abdominal pain for the past 24 hours.

 Signature: Dr. Sarah Lee",Patient Administrative,RESTRICTED,generated,patient admission form with personal details
"John Smith, DOB: 02/12/1995, SSN: 923-85-4321, Place of Birth: Lima, Peru, Country of Citizenship: United States
Address: 123 Main Street, Apt 456, Springville, UT 84606, Phone: (555) 0100, Fax: (777) 0007, Email: [john.smith@email.com](mailto:john.smith@email.com)
Marital Status: Single, Occupation: Software Engineer, Employer: TechCorp Inc., Annual Income: $120000
Referring Doctor: Dr. Jane Doe, MD

Insurer: Blue Cross Blue Shield, Policy Number: 1234567890, Group Plan Code: BCBS-P-1234, Effective Date: 01/01/2022
Bank Account: Wells Fargo Bank, Routing Number: 043011177, Checking Account Number: 0123456789, Account Type: Checking

Medical History: Hypertension, Hyperlipidemia, History of Heart Attack, Allergies to Penicillin and Shellfish.

Personal Emergency Contacts: Mother - Mrs. Maria Rodriguez, (555) 1111; Father - Mr. John Lee, (444) 2222.

Family Members: Wife - Emily Chen, DOB: 08/25/1998, SSN: 987-65-4321
Children: Jackson Smith, DOB: 03/15/2015, SSN: 567-80-9012

Medical Conditions: Chronic Kidney Disease, History of Deep Vein Thrombosis.

Medications: Lisinopril, Atorvastatin",Patient Administrative,RESTRICTED,generated,patient admission form with personal details
"Patient Admission Form

Name: Emily J. Wilson
Address: 456 Oakdale Drive, Apt 3B, Springfield, CO 82064
Phone: 720-214-0521
Email: [ewilson95@gmail.com](mailto:ewilson95@gmail.com)

Date of Birth: February 12, 1992
Marital Status: Single
Occupation: Marketing Specialist

Bank Account Information:
Account Number: 1234567890
Routing Number: 111000025
Bank Name: First National Bank of Springfield

Insurance Information:
Health Insurance Plan: Springfield Health Plan A
Policy Number: SP-001234
Dental Insurance Plan: HealthySmile Plus
Policy Number: HS+0123

Medical History:
None known
Allergies: None
Medications: None

Emergency Contact:
Name: David Lee
Phone: 303-876-4321
Relationship: Father

Next of Kin:
Name: Karen Brown
Phone: 555-0987
Relationship: Mother

Patient's Social Security Number (for tax purposes): 987-65-4321",Patient Administrative,RESTRICTED,generated,patient admission form with personal details
"Patient Admission Form

Name: Ethan Patel
Address: 456 Elm Street, Apt 3B, Oakdale, CO 80504
Phone: 720-553-8172
Email: [ethan.patel123@gmail.com](mailto:ethan.patel123@gmail.com)

Date of Birth: February 12, 1995
Social Security Number: 852-98-7654

Marital Status: Single
Occupation: Software Engineer
Employer: NovaTech Inc.
Income: $85,000/year

Bank Information:
Account Type: Checking
Account Number: 9876-5421-1098-3829
Routing Number: 1214-0285
Bank Name: First National Bank of Denver",Patient Administrative,RESTRICTED,generated,patient admission form with personal details
"Patient Admission Form

Name: Emily J. Wilson
Address: 147 Oakdale Drive
City, State, Zip: Denver, CO 80210
Phone: (720) 555-2198
Email: [ewilson@example.com](mailto:ewilson@exampl.com)

Date of Birth: February 12, 1995
Social Security Number: 842-35-0198

Bank Information for Payment:
Account Type: Checking
Account Holder Name: Emily J. Wilson
Account Number: 1234567890
Routing Number: 081278949
Bank Name: First City Bank of Denver

Emergency Contact:
Name: Rachel Lee
Phone: (303) 654-0123
Address: 234 Maple Street, Apt 4B
City, State, Zip: Denver, CO 80203",Patient Administrative,RESTRICTED,generated,patient admission form with personal details
"Patient Admission Form

Name: Emily Wilson
Address: 456 Elm Street, Apt 3B, Springfield, IL 62704
Phone: 555-8765
Email: ewilson123@gmail.com

Date of Birth: February 12, 1992
Social Security Number: 432-98-7654
Employee ID: HSP-001234
Employer: Springdale General Hospital

Marital Status: Married
Occupation: Registered Nurse

Next of Kin: David Lee
Address: 789 Oak Street, Springfield, IL 62701
Phone: 555-5678
Email: dlee456@yahoo.com

Emergency Contact Information:

* Name: Sarah Taylor
* Address: 123 Maple Street, Springfield, IL 62702
* Phone: 555-9012
* Email: staylor789@gmail.com

Insurance Information:
- Health Insurance Plan: Springdale General Hospital Blue Shield
- Policy Number: HG-012345
- Premium Payment Method: Automatic Bank Withdrawal (Bank Account #1234-5678-9012)
- Bank Name: First National Bank of Springfield
- Branch Location: 789 Main Street, Springfield, IL 62701

Medical History:
- Hypertension
- Diabetes Type II
- Hyperlipidemia

Allergies:
- Peanuts
- Tree Nuts
- Milk

Medications:
- Lisinopril 20mg
- Metformin 500mg
- Atorvastatin 10mg

Signature: _____________________________",Patient Administrative,RESTRICTED,generated,patient admission form with personal details
"Emily J. Wilson
123 Oakwood Drive
Apartment 456
Anytown, CA 12345
(555) 234-5678 | ewilson@email.com

Personal Details:

* Date of Birth: March 22, 1995
* Social Security Number: 92-34-2198
* Emergency Contact: Dr. Lisa Nguyen, (555) 901-1111

Medical History:
Allergic to penicillin. Current medications include Lipitor 20mg and Xanax 0.5mg.

Insurance Information:
United Healthcare - Policy #123456, Premium $500/month
Bank Account: Wells Fargo - Checking Account #0098765432 | Debit Card #4117-1234-5678-9

Family Members:
* Father: James Wilson, 456 Maple Street, Anytown, CA 12345 (555) 567-8901 | jwilson@email.com
* Mother: Sarah Wilson, 789 Pine Drive, Othertown, CA 90210 (555) 111-2222 | swilson@email.com

Emergency Contact Information:
Primary: Dr. Lisa Nguyen, Anytown General Hospital (555) 901-1111
Secondary: John Smith, (555) 567-8901 | jsmith@email.com",Patient Administrative,RESTRICTED,generated,patient admission form with personal details
"Patient Admission Form

Name: Emily Wilson
Address: 456 Elm Street
City, State ZIP: Oakdale, CA 94536
Phone: 925-765-4321
Email: [emiliewilson@email.com](mailto:emiliewilson@email.com)

Date of Birth: February 12, 1995
Social Security Number: 923-54-8321
Driver's License Number: CA-823456

Bank Account Information for Insurance Payments:
Account Holder Name: Emily Wilson
Account Type: Individual
Account Number: 123456789
Bank Name: Oakdale Bank and Trust
Routing Number: 0123456789

Emergency Contact Information:
Name: Michael Davis
Phone: 925-098-7654
Address: 123 Maple Street, Oakdale, CA 94536

Medical History:
The patient has a history of hypertension and hyperlipidemia. She is currently taking lisinopril and atorvastatin.

Allergies:
None known

Family Members:
Spouse: John Smith
Children: Olivia Wilson (age 10), Ethan Wilson (age 7)

Medications:
Lisinopril 20mg daily, atorvastatin 40mg daily

Special Instructions:
Please notify me if my medication is not filled promptly.

Signature of Patient (Emily Wilson): ______________________ Date: March 12, 2023",Patient Administrative,RESTRICTED,generated,patient admission form with personal details
"John P. Bottomsworth
123 Main Street Apt 456
Anytown, CA 12345
(555) 0100 ext. 7421
john.bottomsworth@email.com

Date of Birth: March 12, 1992
Social Security Number: 92-78-2198
Driver's License State: California
Address Verified: Yes

Current Residence:
123 Main Street Apt 456
Anytown, CA 12345

Permanent Residence:
456 Oak Street
Othertown, NY 11111

Employment Information:
Job Title: Marketing Coordinator
Company: BigCo Inc.
Address: 789 Park Avenue
New York, NY 10022
Phone: (212) 555-5678
Email: john.bottomsworth@bigcoinc.com

Bank Account Information:
Bank Name: First National Bank of Anytown
Account Number: 1234567890
Routing Number: 0123456789
Bank Address: 901 Broadway
Anytown, CA 12345

Emergency Contact:
Name: Sarah K. Bottomsworth
Phone: (555) 567-8901",Patient Administrative,RESTRICTED,generated,patient admission form with personal details
"Patient Admission Form

Name: Emily Wilson
Address: 456 Elm Street, Apt 3B, Springfield, CO 80210
Phone: 720-567-8192
Email: [ewilson123@gmail.com](mailto:ewilson123@gmail.com)

Date of Birth: February 12, 1995
Social Security Number: 812-34-5678

Bank Account Information (for billing purposes only):
Account Name: Emily Wilson
Account Number: 345678901
Routing Number: 021003005

Insurance Information:
Insurance Company: NovaCare Insurance
Policy Number: NC123456
Group ID: G001234

Emergency Contact:
Name: David Lee
Address: 789 Oak Street, Apt 4A, Denver, CO 80211
Phone: 303-456-0987
Email: [dlee567@gmail.com](mailto:dlee567@gmail.com)

Medical History:
The patient has a history of seasonal allergies and asthma.

Medications:
The patient is currently taking Advair and Flonase.

Chief Complaint:
The patient complains of persistent cough and difficulty breathing.

Reason for Admission:
The patient was admitted for further evaluation and treatment of their respiratory issues.

Admission Status: Active

Discharge Instructions:
The patient will need to follow up with their primary care physician in 2 weeks.",Patient Administrative,RESTRICTED,generated,patient admission form with personal details
"Patient Admission Form

Name: Ethan Patel
Address: 456 Oakbrook Drive, Apt 3B
City: Springville
State: NV
Zip: 89104
Phone: 702-876-2198
Email: [ethan.patel@outlook.com](mailto:ethan.patel@outlook.com)

Date of Birth: 12/25/1992
Social Security Number: 923-54-8276
Employment Status: Full-time
Occupation: Software Engineer

Bank Information:
Account Type: Checking
Account Number: 9876543210
Routing Number: 123456789
Bank Name: Springville Community Bank

Emergency Contact:
Name: Maya Jensen
Address: 789 Maple Street, Apt 2A
City: Oakdale
State: CA
Zip: 95201
Phone: 925-345-6789
Email: [maya.jensen@email.com](mailto:maya.jensen@email.com)

Medical History:
None reported

Medications: None

Allergies: Penicillin

Next of Kin:

Name: Ava Kim
Address: 1234 Pineview Drive, Apt 1B
City: Sunnyville
State: TX
Zip: 75001
Phone: 214-567-8901
Email: [ava.kim@netzero.com](mailto:ava.kim@netzero.com)

Relationship to Patient: Daughter

Patient is admitted with a diagnosis of minor flu.",Patient Administrative,RESTRICTED,generated,patient admission form with personal details
"Patient Admission Form

Name: Reginald P. Bottomsworth
Address: 432 Oakdale Drive, Apt 3B, Springfield, IL 62704
Phone: 555-1234
Email: [reggie.bottomsworth@email.com](mailto:reggie.bottomsworth@email.com)

Date of Birth: March 12, 1995
Social Security Number: 92-78-2198

Insurance Information:
Policy Holder: Reginald P. Bottomsworth
Policy Number: SPB-001234
Insurance Company: Springfield Health Assurance (SHA) - 123 Main St, Springfield, IL 62701
Bank Account: SHA-Bank, 4567 Banker's Blvd, Springfield, IL 62711
Account Number: 9876543210
Routing Number: 12-345-6789

Employment Information:
Job Title: Data Analyst
Employing Company: Bottomsworth & Associates - 1111 Corporate Dr, Springfield, IL 62701

Personal Details:
Marital Status: Married to Sandra K. Bottomsworth
Number of Children: 2 (Emily and Benjamin)
Occupation: Full-time Data Analyst

Referring Physician: Dr. Jane Smith, MD
Hospital: Mercy General Hospital - 2345 Medical Center Dr, Springfield, IL 62701",Patient Administrative,RESTRICTED,generated,patient admission form with personal details
"John Smith, Male, DOB: 12/07/1990, Social Security Number: 932-54-8234, Driver's License Number: CA-3421-2109

Address: 123 Main Street, Apt 456, Anytown, CA 12345

Phone: 555-0100, Fax: 555-0101

Email: [john.smith@email.com](mailto:john.smith@email.com), Alternate Email: [john.smith2@email.com](mailto:john.smith2@email.com)

Bank Information:
- Bank Name: First National Bank of Anytown
- Account Type: Checking
- Account Number: 4567890123
- Routing Number: 123456789
- Address: 123 Main Street, Anytown, CA 12345

Emergency Contact Information:
- Name: Jane Doe
- Relationship: Mother
- Phone: 555-0200
- Address: 456 Elm Street, Anytown, CA 12345

Insurance Information:
- Health Insurance Provider: XYZ Insurance Company
- Policy Number: X123456789
- Coverage Start Date: 01/01/2022

Medications: None

Allergies: Peanuts, Shellfish

Family Members: Wife (Jane Smith), Children (Emily and Michael Smith)

Marital Status: Married

Occupation: Software Engineer

Education: Bachelor's Degree in Computer Science, Anytown University (2015-2019)",Patient Administrative,RESTRICTED,generated,patient admission form with personal details
"Patient Admission Form

Name: Emily J. Wilson
Address: 214 Oakwood Drive, Apt 3B
City: Riverview Heights
State: CA
Zip: 94028
Phone: 555-0198
Email: [ewilson92@outlook.com](mailto:ewilson92@outlook.com)

Date of Birth: March 12, 1995
Social Security Number: 827-54-1234

Employment Information:
Occupation: Marketing Coordinator
Employer: GreenTech Inc.
Job Title: Junior Manager
Salary: $55,000/year

Personal Details:

* Marital Status: Married to John D. Wilson
* Children: 2 (son and daughter)
* Education: Bachelor's degree in Business Administration from California University

Bank Account Information:
Account Type: Checking
Account Number: 9876543210
Routing Number: 123456789
Bank Name: Riverview Bank & Trust

Insurance Information:
Health Insurance: BlueCross BlueShield
Plan Number: BCBS1234
Dental Insurance: Delta Dental
Plan Number: DD1234

Emergency Contact:

* Name: John D. Wilson (spouse)
* Phone: 555-0198",Patient Administrative,RESTRICTED,generated,patient admission form with personal details
"This patient admission form is for John F. Smith, who was admitted to the hospital on 01/02/2023 at 10:00 AM.

John F. Smith
123 Main Street Apt 4
Anytown, CA 12345
(555) 0100 ext 4567
john.smith@email.com

The patient has been treated for a minor injury sustained during a recreational activity and is expected to make a full recovery.

Patient Information:
Name: Emily J. Lee
Date of Birth: 12/25/1995
Address: 789 Oak Drive Apt 3
Anytown, CA 12345
(555) 0278

Medical History:
The patient has a history of hypertension and hyperlipidemia.

Medications:
- Lisinopril 10mg twice daily
- Atorvastatin 20mg once daily

Bank Information for Billing:
Account Number: 9876543210
Routing Number: ghij12345678
Bank Name: New Horizon Bank

Insurance Information:
Insurance Company: Pacific Healthcare Insurance
Policy Number: PHI123456789
Coverage Date: 01/01/2022 - 12/31/2023

Payment Methods Accepted:
Cash, Credit Cards (Visa, Mastercard, Amex), Check",Patient Administrative,RESTRICTED,generated,patient admission form with personal details
"Patient Admission Form

Name of Patient: Emily Wilson
Address: 456 Elm Street, Apt 3B
City: Oakdale
State: CA
Zip Code: 94501
Phone Number: 714-8765-2198
Email: ewilson123@email.com

Date of Birth: February 12, 1997
Marital Status: Single
Occupation: Marketing Specialist
Insurance Provider: Golden State Health Plan
Policy Number: GSHP001234

Bank Information (for payment purposes only):
Account Type: Checking
Account Number: GHSP4567890
Routing Number: 123456789
Bank Name: Oakdale Community Bank

Medical History:
Emily Wilson was referred to our hospital by her primary care physician, Dr. David Lee, for evaluation and treatment of a recurring case of bronchitis.

Presenting Symptoms:
Shortness of breath
Coughing up yellow phlegm
Fatigue

Allergies:
None
Medications: None

Emergency Contact Information:
Name: Michael Davis
Phone Number: 858-2345-6789
Relationship: Brother",Patient Administrative,RESTRICTED,generated,patient admission form with personal details
"**Patient Admission Form**

Name: Emily J. Wilson
Address: 456 Oakdale Drive
City: Springville
State: NV
Zip Code: 89111
Phone Number: 702-345-0198
Email: ewilson@email.com

Date of Birth: February 12, 1995
Social Security Number: 923-87-6543
Marital Status: Single
Occupation: Graphic Designer
Insurance Provider: Springville Healthcare Alliance (Policy #SHL-1234)

Emergency Contact Name: Rachel Lee
Relationship to Patient: Sister
Phone Number: 702-901-8765

Medical History: Hypertension, hyperlipidemia

Presenting Complaint: Chest pain radiating to left arm.

Allergies: Penicillin

Medications: Lisinopril 10mg daily, atorvastatin 20mg daily

Financial Information:
- Insurance Company: Springville Healthcare Alliance
- Policy Number: SHL-1234
- Premium Paid: $150.00 per month (for January to March 2023)
- Outstanding Balance: $0.00

Signature of Patient (Mother): Not Applicable
Signature of Authorized Representative: Dr. Michael T. Brown, MD",Patient Administrative,RESTRICTED,generated,patient admission form with personal details
"Patient Admission Form

Name: Emily J. Wilson
Address: 456 Elm Street
City: Oakdale
State: CA
Zip Code: 91234
Phone Number: 555-1234
Email: ewilson@example.com

Date of Birth: February 12, 1995
Social Security Number: 923-47-2198
Insurance Provider: SecureCare Insurance Company
Policy Number: SCIC-123456

Employment Information:
Occupation: Software Engineer
Company: TechCorp
Address: 789 Oak Street
City: Oakdale
State: CA
Zip Code: 91234

Contact Information (in case of emergency):
Name: Michael T. Brown
Relationship: Father
Phone Number: 555-5678
Email: mbrown@example.com

Medications:
- Lipitor 20mg daily
- Advair Diskus 500/50mcg twice a day

Allergies:
- Penicillin

Family Medical History:
Hypertension in parents, high cholesterol in siblings.

Bank Information for Payment Purposes:
Account Type: Checking
Account Number: 1234567890
Routing Number: 111000025
Bank Name: Oakdale Community Bank",Patient Administrative,RESTRICTED,generated,patient admission form with personal details
"Patient Admission Form

Name of Patient: Emily J. Wilson
Address: 456 Oakdale Drive, Apt 3B
City, State ZIP Code: Springfield, IL 62704
Phone Number: (217) 123-4567
Email Address: ewilson92@gmail.com

Date of Birth: February 12, 1998
Social Security Number: 923-34-5678
Driver's License Number: ILX4321

Bank Information for Co-Pay:
Bank Name: First National Bank of Springfield
Account Number: 1234567890
Routing Number: 021000102
Check Payable to: Emily J. Wilson

Insurance Information:
Health Insurance Plan: United Healthcare
Plan ID: UHC-001234
Group Number: G123456

Emergency Contact Information:
Name: Michael D. Lee
Address: 789 Maple Street, Apt 2A
City, State ZIP Code: Springfield, IL 62701
Phone Number: (217) 901-2345
Email Address: mleehospital@gmail.com",Patient Administrative,RESTRICTED,generated,patient admission form with personal details
"Patient Admission Form

Name: Emily J. Wilson
Address: 432 Oakwood Drive
City: Springfield
State: IL
Zip Code: 62704
Phone Number: 555-8120
Email: ewilson@email.com
Date of Birth: February 12, 1995
Social Security Number: 923-48-2198

Emergency Contact:
Name: David M. Lee
Address: 143 Maple Street
City: Springfield
State: IL
Zip Code: 62702
Phone Number: 555-3100
Email: dlee@email.com

Insurance Information:
Policy Number: SPR-123456
Provider Name: Springfield Regional Hospital Network
Group Plan: Premier Care
Premium Amount: $250.00/month

Medical History:
Mr. Wilson has a history of hypertension and hyperlipidemia. He was recently diagnosed with type 2 diabetes.

Presenting Complaint:
Mr. Wilson presented to the emergency department with severe abdominal pain and nausea.

Allergies:
None known

Medications:
Metformin, atorvastatin, lisinopril

Special Requests:
The patient requests a vegetarian meal plan and a quiet room due to anxiety.

Physician's Signature: ______________________________
Date: January 10, 2023",Patient Administrative,RESTRICTED,generated,patient admission form with personal details
"Patient Admission Form

Name of Patient: Emily Wilson
Address: 456 Oakdale Drive
City: Springfield
State: IL
Zip Code: 62704
Phone Number: 555-3512
Email: ewilson@email.com

Date of Birth: February 12, 1995
Social Security Number: 923-87-6543
Marital Status: Single
Occupation: Software Engineer
Employer: GreenTech Inc.
Employee ID: E12345

Bank Information (for payment purposes only):
Account Type: Checking
Account Number: 9876-5432-1098
Routing Number: 123456789
Bank Name: Springdale Bank & Trust

Insurance Information:
Health Insurance Plan: SpringCare
Plan Number: SC12345
Provider ID: SPR1234

Emergency Contact:
Name: Rachel Patel
Phone Number: 555-7654
Relationship: Mother",Patient Administrative,RESTRICTED,generated,patient admission form with personal details
"Patient Admission Form

Name: Emily Wilson
Address: 456 Elm Street, Apt 3B
City: Oakdale
State: CA
Zip: 95233
Phone: 714-555-0198
Email: [emily.wilson@email.com](mailto:emily.wilson@email.com)

Date of Birth: February 12, 1995
Social Security Number: 923-87-6543
Insurance Provider: Green Valley Health Plans
Policy Number: GVHP-001234

Employment Information:
Position: Marketing Specialist
Company: EcoCycle Inc.
Salary: $60,000/year

Medical History:
Allergies: None
Medications: Synthroid 50mcg daily
Current Conditions: Hypertension, mild

Emergency Contacts:
Name: David Lee
Phone: 978-765-4321
Relationship: Husband

Bank Information:
Account Type: Checking
Account Number: 9876543210
Routing Number: 123456789
Bank Name: Oakdale Bank & Trust",Patient Administrative,RESTRICTED,generated,patient admission form with personal details
"Patient Admission Form

Name of Patient: Emily Wilson
Date of Birth: 12/25/1992
Address: 875 Oakwood Drive, Apt 3B, Springfield, CO 80903
Phone: (720) 553-2198
Email: [ewilson95@gmail.com](mailto:ewilson95@gmail.com)

Account Information:
Name of Account Holder: Emily Wilson
Social Security Number: 983-52-1478
Bank Routing Number: 123456789
Bank Account Number: 1234567890

Emergency Contact Information:
Name of Emergency Contact: David Lee
Phone: (555) 012-3456
Email: [dlee98@yahoo.com](mailto:dlee98@yahoo.com)

Medical History:
The patient has a history of hypertension and high cholesterol. She is currently taking Lipitor and Crestor.

Allergies:
The patient is allergic to penicillin and shellfish.

Medications:
The patient is currently taking the following medications: Lipitor, Crestor, and Zocor.

Insurance Information:
Patient's insurance provider is Blue Cross Blue Shield.
Policy Number: B0001234
Group Number: G0012345",Patient Administrative,RESTRICTED,generated,patient admission form with personal details
"Here is a fictional patient admission form:

Emily Chen 
1234 Oakwood Drive 
Apartment 456, 
San Francisco, CA 94105 

(415) 235-0198 | emily.chen@email.com

Date of Birth: February 12, 1995
Social Security Number: 923-84-8765
Driver's License Number: CA1234567890

Bank Account Information:
Account Type: Checking
Account Number: 4567890123
Routing Number: 123456789
Bank Name: Pacific Coast Bank and Trust

Insurance Information:
Health Insurance: XYZ Health Plan
Policy Number: PC001234
Dental Insurance: ABC Dental Insurance
Policy Number: AD12345

Emergency Contact:
Name: Sarah Lee 
Address: 5678 Maple Street, Apt 101
Phone Number: (925) 456-7890 | sarah.lee@email.com

Medical History:
Allergies: Penicillin
Medications: Lisinopril, Metformin
Previous Hospitalizations: None

Reason for Admission: 
Hip Replacement Surgery",Patient Administrative,RESTRICTED,generated,patient admission form with personal details
"Patient Admission Form

Name: Emily Chen
Address: 456 Elmwood Drive
City: Springdale
State: NV
Zip Code: 89002
Phone Number: 702-8765-4321
Email: emilychen92@gmail.com

Date of Birth: February 12, 1998
Social Security Number: 8923-8279-0256
Marital Status: Single
Occupation: Software Engineer

Emergency Contact:
Name: Michael Davis
Address: 901 Oakdale Drive
City: Springdale
State: NV
Zip Code: 89002
Phone Number: 702-4567-2198

Bank Information:
Account Holder: Emily Chen
Bank Name: First National Bank of Nevada
Account Number: 12345-6789-0123-4567
Routing Number: 234567-8901

Medical History:
None reported

Allergies: None reported

Medications: None reported

Signature: _______________________________

Date: March 12, 2023",Patient Administrative,RESTRICTED,generated,patient admission form with personal details
"Patient Admission Form

Name: Ethan Patel
Address: 142 Oak Street, Apt 3B
City: Riverview
State: CA
Zip Code: 90210
Phone Number: 714-876-2198
Email: [epatel@outlook.com](mailto:epatel@outlook.com)

Date of Birth: February 12, 1995
Social Security Number: 432-87-6543

Employment Information:
Current Employer: XYZ Corporation
Job Title: Software Engineer
Salary: $85,000/year

Marital Status: Married
Spouse's Name: Maya Patel
Spouse's Occupation: Doctor

Emergency Contact:
Name: Rachel Lee
Relationship to Patient: Sister
Phone Number: 818-555-0123
Email: [rlee@example.com](mailto:rlee@example.com)

Insurance Information:
Health Insurance Provider: Blue Cross
Policy Number: BC123456
Dental Insurance Provider: Delta Dental
Policy Number: DD789012

Bank Account Information:
Account Type: Checking
Account Number: 1234567890
Routing Number: 0112345678
Bank Name: Riverview Bank and Trust",Patient Administrative,RESTRICTED,generated,patient admission form with personal details
"Patient Admission Form

Name: Emily J. Wilson
Address: 912 Oakdale Drive, Apartment 3B, Springfield, CO 80501
Phone Number: (985) 654-2198
Email: ewilson95@gmail.com

Date of Birth: February 12, 1992
Social Security Number: 842-38-0198
Employer: GreenTech Inc., 1234 Corporate Drive, Denver, CO 80230
Insurance Provider: SpringField Health Insurance Co.
Policy Number: SFHI-001234

Marital Status: Single
Occupation: Software Engineer
Education: Bachelor's Degree in Computer Science, University of Colorado Boulder

Emergency Contact:
Name: Mr. David K. Lee
Address: 1427 Maple Street, Apartment 4A, Colorado Springs, CO 80903
Phone Number: (987) 654-5678

Bank Information for Payment:
Account Type: Checking Account
Account Number: 0123456789
Routing Number: 111000027
Bank Name: First National Bank of Springfield",Patient Administrative,RESTRICTED,generated,patient admission form with personal details
"Patient Admission Form

Name: Reginald P. Bottomsworth
Address: 456 Elmwood Drive
City: Oakdale
State: CA
Zip: 90210
Phone: 555-8765
Email: [rbbottomsworth@gmail.com](mailto:rbbottomsworth@gmail.com)

Date of Birth: February 12, 1978
Social Security Number: 843-21-9876

Emergency Contact:
Name: Bertrand J. Wembly
Address: 789 Maple Street
City: Oakdale
State: CA
Zip: 90210
Phone: 555-1234
Email: [bjwembly@yahoo.com](mailto:bjwembly@yahoo.com)

Medical History:
Reginald P. Bottomsworth was admitted to our hospital with a primary diagnosis of chronic bronchitis and secondary diagnosis of hypertension. He has a history of smoking two packs per day for the past 20 years.

Medications:
- Albuterol inhaler (inhaled) as needed
- Metoprolol tartrate (oral) once daily
- Lisinopril (oral) once daily

Bank Information:
Account Type: Checking
Account Number: 9876543210
Routing Number: 123456789
Bank Name: Oakdale Community Bank

 Insurance Information:
Insurance Carrier: Pacifica Health Insurance
Policy Number: P00123456
Coverage Start Date: January 1, 2020",Patient Administrative,RESTRICTED,generated,patient admission form with personal details
"Patient Admission Form

Name: Emily Wilson
Address: 456 Oakdale Drive
City: Springfield
State: IL
Zip Code: 62704
Phone Number: 555-3512
Email: ewilson@example.com

Date of Birth: February 12, 1992
Social Security Number: 892-34-2198
Employer: ABC Corporation
Occupation: Marketing Manager

Personal History:
Mr. Wilson has a history of minor injuries, including sprains and strains. He is also prone to allergic reactions.

Medical History:
Mr. Wilson has been diagnosed with mild hypertension and high cholesterol.

Allergies:
None known

Medications:
- Lisinopril 20mg
- Atorvastatin 20mg

Insurance Information:
Policy Number: SWIL1234
Provider: XYZ Insurance Company
Bank Account Information:
Account Type: Savings
Account Number: 3456789012
Routing Number: 1111223344
Bank Name: First National Bank of Springfield

Emergency Contact:
Name: David Lee
Phone Number: 555-0198
Relationship: Brother",Patient Administrative,RESTRICTED,generated,patient admission form with personal details
"John Smith (SSN: 456-87-2198)
123 Main Street, Apartment 456
Anytown, CA 12345
(555) 0100 | john.smith@email.com

Policy Number: 001234567
Coverage Period: January 1, 2022 - December 31, 2023

Premium Payment History:

* Last Payment Date: February 28, 2023
* Payment Method: Check #0001, Bank of Fakeia (Account #1234567890)
* Last Payment Amount: $500.00

Billing Information:

* Policy Type: Major Medical
* Deductible: $2,000.00
* Copay: 20%
* Coinsurance: 80%

Claims History:

* Claim #001: Date of Service: March 12, 2022; Charges: $100.00; Paid Amount: $50.00
* Claim #002: Date of Service: June 15, 2023; Charges: $200.00; Paid Amount: $150.00

Bank Information:

* Bank Name: First National Bank of Anytown
* Account Number: 9876543210
* Routing Number: 111000025
* Check Payment Method: ACH

Policyholder Contact:
John Smith
(555) 0100 | john.smith@email.com",Patient Administrative,RESTRICTED,generated,patient insurance and billing record
"John P. Bottoms
123 Main Street
Anytown, CA 12345
(555) 0100 ext. 4567
john.bottoms@email.com

Insurance Policy Number: ABCDEFGH1234
Policy Type: Individual
Coverage Amount: $100,000

Patient Information:
Name: Emily J. Wilson
Date of Birth: 02/12/1992
Social Security Number: 923-48-2198

Services Rendered:
Date | Service Code | Description
-----|-------------|-----------
01/01/2023 | 12345      | Primary Care Visit
01/15/2023 | 67890      | Specialist Consultation
02/20/2023 | 34567       | Imaging Procedure

Charges:
Date | Charge Amount | Payment Method
------|--------------|-------------
01/01/2023 | $50.00     | Credit Card (Visa: 1234-5678-9012)
01/15/2023 | $200.00   | Check (#123456789)

Balance: $0.00

Payment History:
Payment Date | Payment Method | Amount Paid
-------------|---------------|-----------
02/28/2023 | Cash        | $50.00",Patient Administrative,RESTRICTED,generated,patient insurance and billing record
"Patient Insurance and Billing Record

Policy Number: INS-123456
Policy Holder: Emily J. Wilson
Address: 789 Oakdale Drive, Apt 3B, Springfield, IL 62704
Phone: 555-8765
Email: [ewilson@email.com](mailto:ewilson@email.com)

Date of Birth: 02/12/1992

Insurer: Nova Health Insurance
Policy Type: Individual

Covered Services: Primary care visits, specialist consultations, hospital stays, prescription medications

Billing Information:

* Account Balance: $1,425.00
* Payment Method: Checking Account (Account # 123456789)
* Bank Name: First National Bank of Springfield
* Routing Number: 0112345678
* Bank Address: 456 Elm Street, Springfield, IL 62701

Payment History:
- Payment 1: $500.00 (Due Date: 02/20/2023)
- Payment 2: $300.00 (Due Date: 03/15/2023)

Claims History:

* Claim 1: Hospital stay (Days 1-5) - Payer: Nova Health Insurance (Approved)
* Claim 2: Specialist consultation - Payer: Nova Health Insurance (Pending)
* Claim 3: Prescription medication refill - Payer: Patient Responsibility

Next Payment Due Date: April 10, 2023",Patient Administrative,RESTRICTED,generated,patient insurance and billing record
"John Smith (SSN: 888-08-0001) residing at 123 Main Street, Anytown, CA 12345, is a patient of Springdale Hospital. He was admitted on February 10, 2023, for surgical procedures and has incurred charges totaling $25,000.

Policy Details:
- Policy Number: SPR-001234
- Coverage Type: Individual Plan
- Premium Amount: $150/month

Insurance Information:
- Insurance Provider: Golden Oaks Health Insurance
- Group ID: GOHI-G12345
- Primary Contact: Karen Brown (555-4567)
- Email: kbrown@gohenic.com

Billing Information:
- Account Balance: $15,000.00
- Payment Method: Electronic Funds Transfer (EFT) - Bank of Anytown, ACH# 9876-5432-1098

Bank Details:
- Bank Name: First National Bank of Anytown
- Routing Number: 0112345678
- Account Number: 9876543210
- Check Payment Method: Payable to Springdale Hospital
- Address for Funds Transfer: Attn: Hospital Billing, 456 Elm Street, Anytown, CA 12345

Patient Information:
- Date of Birth: August 12, 1992
- Occupation: Engineer
- Phone Number: (555) 0100",Patient Administrative,RESTRICTED,generated,patient insurance and billing record
"Patient Insurance and Billing Record

Policy Holder Information:
Mr. Reginald P. Bottomsworth
123 Oakbrook Drive
Anytown, CA 01234
(555) 456-7890
reggie.bottomsworth@email.com

Coverage Period: January 1, 2022 - December 31, 2023

Insurance Policy Number: BP-001234
Policy Type: Major Medical
Premium Payment Method: Automatic Bank Draft

Account Information:
Account Name: Reggie Bottomsworth
Bank Account Number: 9876543210
Bank Institution: First National Bank of Anytown
Routing Number: 123456789
Check Date: February 10, 2022

Services Rendered:
- Emergency Room Visit (January 15, 2022) - $500.00
- Doctor's Office Visit (February 20, 2022) - $200.00
- Prescription Medication (March 1, 2022) - $150.00

Total Charges: $850.00
Paid Amount: $750.00
Balance Due: $100.00",Patient Administrative,RESTRICTED,generated,patient insurance and billing record
"John Smith (SSN: 987654321)
123 Main Street
Anytown, CA 12345
(555) 0100 | john.smith@email.com | smithj@fakebank.com

Patient Insurance and Billing Record

Policy Number: INSP-123456
Policy Type: Individual
Effective Date: 02/15/2022
Expiring Date: 02/14/2032

Insured Name: Emily J. Lee (SSN: 555123456)
Address: 456 Elm Street, Apt 3B
Anytown, CA 12345
(555) 0120 | emily.lee@email.com | leeyJ@fakebank.com

Coverages:

- Primary Insurance: FakeBank Insurance Co.
- Secondary Insurance: Anytown Health Plan

Claims:
1. Doctor Visit - $50.00 (Date: 01/20/2022)
2. Prescription Medication - $10.00 (Date: 02/01/2022)

Balance Due: $0.00

Payment Methods:
- Credit Card: Visa ( Exp. Date: 12/2025 ) - last4: 4242
- Direct Payment Method: Bank Transfer to FakeBank Insurance Co.

Please note that all communications and payments should be sent to the address listed above or via email. Any discrepancies in this record should be reported to our billing department immediately.",Patient Administrative,RESTRICTED,generated,patient insurance and billing record
"Patient Insurance and Billing Record

Patient Name: Emily Chen
Address: 456 Elm Street, Apt 3B
City: Oakdale
State: CA
Zip Code: 95201
Phone Number: 714-8765
Email: emily.chen123@gmail.com

Policy Holder Information:
Name: David Patel
Address: 789 Oak Drive
City: Sunnyville
State: FL
Zip Code: 32245
Phone Number: 904-3210
Email: david.patel456@yahoo.com

Insurance Policy Details:
Policy Number: HP123456
Coverage Period: January 1, 2022 - December 31, 2023
Primary Care Physician: Dr. Karen Brown
Medical Group: Oakdale Medical Associates
Specialty: Internal Medicine

Patient Services Provided:
- Primary Care Visit: $150.00
- Laboratory Tests: $75.00
- Prescription Medication: $50.00
Subtotal: $275.00
Tax (8%): $22.00
Total: $297.00

Payment Terms:
Payment is due within 30 days of invoice date.
 Accepted payment methods include:
- Check (payable to Oakdale Medical Associates)
- Electronic Fund Transfer (EFT)

Payment Status: Paid in Full",Patient Administrative,RESTRICTED,generated,patient insurance and billing record
"Patient Insurance and Billing Record

Patient Name: Emily Wilson
Address: 456 Elm Street, Apt 3B
City: Oakdale
State: CA
Zip: 95331
Phone: 555-8765
Email: emily.wilson123@gmail.com

Insurance Information:
Policy Number: WI-12345
Provider: Oakdale Medical Group
Coverage Start Date: 02/15/2022
Coverage End Date: 02/14/2024

Billing Information:
Patient Balance: $750.00
Due Date: 03/15/2023
Payment Method: Checking (Account # 9876-5432-1098)

Eligible Procedures:
- MRI Scan: $500.00
- ECG Test: $200.00
- Flu Shot: $30.00

Prescription Information:
Medication Name: Celebrex
Dosage: 400mg
Frequency: Daily

Payment History:
Last Payment Date: 01/15/2023
Amount Paid: $200.00

Refund Information:
Patient Received Refund of: $50.00
Date Refund Issued: 02/10/2023",Patient Administrative,RESTRICTED,generated,patient insurance and billing record
"John P. Bottomsworth
123 Main Street
Apt 456
Springfield, CO 81234
(555) 0100 ext. 3827
john.bottomsworth@springfield.org

Insurance Information:

Policy Number: SPR-123456
Insurer: Greenview Health Insurance
Coverage Type: Individual

Billing Information:

Date of Birth: 02/15/1975
Social Security Number: 987-65-4321
Employer Identification Number (EIN): 12-3456789

Claims History:
Date | Description
-----|-------------
2020-01-01 | Initial coverage activation
2022-06-15 | Prescription refill claim denied due to medication interaction

Payment Details:

Method: Electronic Funds Transfer (EFT)
Bank Name: Springdale Community Bank
Account Number: 1234567890
Routing Number: 0123456789

Address on File:
123 Main Street, Apt 456, Springfield, CO 81234

Please note that this document is for testing purposes only and should not be used for actual billing or insurance-related activities.",Patient Administrative,RESTRICTED,generated,patient insurance and billing record
"Patient Insurance and Billing Record

Name: Emily Chen
Address: 456 Elm Street, Apartment 3B
City: Oakdale
State: CA
Zip: 95201
Phone: 925-3456
Email: [emily.chen123@gmail.com](mailto:emily.chen123@gmail.com)

Date of Birth: February 12, 1995
Social Security Number: 923-87-6543

Policy Information:
Policy Number: PC123456
Policy Type: Primary
Effective Date: January 1, 2022
Expiry Date: December 31, 2024

Coverage Amount: $500,000
Deductible: $1000
Copayment: 20% for services

Claim History:

* Service Date: March 10, 2023
* Service Provider: Oakdale Medical Center
* Charges: $250.00
* Paid Amount: $200.00
* Balance: $50.00

Bank Account Information:
Account Type: Checking
Account Number: 9876543210
Routing Number: 0123456789
Bank Name: Pacific Coast Bank",Patient Administrative,RESTRICTED,generated,patient insurance and billing record
"Patient Insurance and Billing Record

Insurance Policy Number: INS-4567890

Name of Insured: Emily Chen
Address: 456 Elm Street, Apartment 3B, Springfield, IL 62701
City: Springfield
State: IL
Zip Code: 62701
Phone: 555-1234
Email: [emilychen@gmail.com](mailto:emilychen@gmail.com)

Date of Birth: February 12, 1995
Social Security Number: 923-87-6543

Insurance Carrier: Springfield Health Insurance Company

Policy Type: Individual Major Medical

Effective Date: January 1, 2022
Expiry Date: December 31, 2024

Patient Information:

Name: Emily Chen
Date of Birth: February 12, 1995
Address: 456 Elm Street, Apartment 3B, Springfield, IL 62701

Billing Information:

Account Number: 1234567890
Patient Name: Emily Chen
Service Date: January 10, 2022
Service Code: 12345
Charge Amount: $150.00

Payment Details:
Bank Account: 9876543210 (Chase Bank)
Routing Number: 021000027
Account Type: Savings
Check Number: 001

Note: Payment is due within 30 days of service date.

Payment Status: Paid in full on February 20, 2022.",Patient Administrative,RESTRICTED,generated,patient insurance and billing record
"John P. Wilson
123 Main Street, Apt 456
Anytown, CA 01234
(555) 0100 ext. 1234 | (800) 123-4567 | jwilson@fakeemail.com

Policy Information:

This is a summary of the patient insurance and billing record for John P. Wilson, effective from February 10, 2022 to present.

Patient Information:
Name: John P. Wilson
Date of Birth: March 12, 1985
Social Security Number: 92-78-2198

Insurance Coverage:
Policy Number: FAKE123456
Provider: Anytown Health Services
Coverage Period: February 10, 2022 to present

Billing Information:
Account Number: 001234
Due Date: Last day of each billing cycle

Payment History:

| Payment Date | Amount Paid |
| --- | --- |
| March 15, 2022 | $1,000.00 |
| June 20, 2022 | $500.00 |

Outstanding Balance: $800.00

Bank Account Information:
Account Type: Checking
Account Number: 9876543210
Routing Number: 123456789
Bank Name: Fakebank of Anytown

Payment Instructions:
Payments can be made by mailing a check to the address above or by transferring funds directly to the account listed.",Patient Administrative,RESTRICTED,generated,patient insurance and billing record
"Patient Insurance and Billing Record

John S. Doe, SSN: 123-45-6789
Address: 456 Elm Street, Apt 101, Springfield, IL 62704
Phone: 555-2345 ext. 0123
Email: [jsdoe@email.com](mailto:jsdoe@email.com)

Patient Information:
Name: John S. Doe
Date of Birth: February 12, 1990
Insurance Provider: Springdale Health Insurance

Coverage Details:
Policy Number: SDH123456
Effective Date: January 1, 2022
Maximum Coverage Amount: $100,000 per year

Services Provided:
- Office Visit: $75.00
- X-Ray: $250.00
- Lab Tests (5): $150.00
Total Charges: $475.00

Payment Information:
Payment Method: Check
Bank Account Number: 9876-5432-1098-3210
Routing Number: 12-3456-7890
Check Date: February 15, 2023

Balance Due: $0.00

Note: Please make checks payable to Springdale Health Insurance.

Authorization for Payment:
This payment is authorized by John S. Doe.

Verification Code: 123456",Patient Administrative,RESTRICTED,generated,patient insurance and billing record
"John Smith (SSN: 882-12-3456)
123 Main Street, Apt 456
Anytown, CA 12345
(555) 0100 | john.smith@email.com

Patient Information:
Name: John Smith
Date of Birth: 02/12/1992
Insurance Provider: XYZ Insurance Co.
Policy Number: ZP001234

Services Provided:

* Office Visit: $100.00
* Lab Test: $50.00
* X-Ray: $75.00
Total Charges: $225.00

Billing Information:
Patient Balance: $0.00
Insurance Coverage: 80%
Patient Responsibility: $45.00

Payment Method: Check #001234 | Bank of Fake America, 456 Elm Street, Anytown, CA 12345

Payment Status: Paid in Full

Notes: Patient has been seen for routine check-up and test results are pending.

Dr. Jane Doe, MD
Anytown Hospital
(555) 5678 | janedoe@email.com",Patient Administrative,RESTRICTED,generated,patient insurance and billing record
"Patient Insurance and Billing Record

Policy Number: HI-001234
Date of Birth: 02/12/1995
Social Security Number: 982-53-0198
Name: Emily J. Wilson
Address: 456 Elm Street, Apt 3B, Springfield, IL 62704
Phone: 555-876-5432
Email: [ewilson@springfield.com](mailto:ewilson@springfield.com)

Coverage Period: January 1, 2020 - December 31, 2022

Patient Information:

Name: Emily J. Wilson
Date of Birth: 02/12/1995
Address: 456 Elm Street, Apt 3B, Springfield, IL 62704
Phone: 555-876-5432

Insurance Company: Springdale Insurance Agency
Policy Type: Individual Health Plan
Premium Amount: $250/month

 Billing Information:

Provider Name: Dr. Jane Smith
Services Rendered: Primary Care Visit
Service Date: March 10, 2021
Service Location: Springdale Clinic, 789 Oak Street, Springfield, IL 62701
Service Cost: $100.00
Payment Method: Check #001234 ( Bank of Springdale, Account #123456)

Outstanding Balance: $25.50

Next Billing Date: April 10, 2021",Patient Administrative,RESTRICTED,generated,patient insurance and billing record
"John Smith (SSN: 882-01-8907)
123 Main Street, Apt 456
Anytown, CA 12345
(555) 0100 | john.smith@email.com

Patient Information:
Name: John Smith
Date of Birth: 02/12/1992
Medical Record ID: MR-001234

Insurance Information:
Policy Holder: John Smith
Insurance Company: HealthyCare Inc.
Policy Number: HC-123456
Coverage Amount: $100,000.00

Billing Information:
Account Type: Primary
Billing Address: 123 Main Street, Apt 456
City, State, Zip: Anytown, CA 12345

Bank Account Details (for payment):
Account Name: John Smith
Account Number: 9876543210
Routing Number: 0123456789
Bank Name: First National Bank of Anytown",Patient Administrative,RESTRICTED,generated,patient insurance and billing record
"Patient Insurance and Billing Record

Policy Number: INS-12345

Name: Emily J. Wilson
Address: 456 Elm Street, Apt 3B, Springfield, IL 62701
Phone: (217) 345-9876
Email: [ewilson93@gmail.com](mailto:ewilson93@gmail.com)

Date of Birth: February 12, 1992

Policy Holder Information:

* Social Security Number: 923-54-8192
* Driver's License Number: IL-1234567
* Insurance Provider: Liberty HealthCare

Insurance Coverage:
- Medical: $500,000.00
- Prescription: $200,000.00
- Dental: $100,000.00

Billing Information:

* Account Name: Emily J. Wilson
* Account Number: 001234
* Bank Account Information:
 + Checking Account: 1234567890 @ First National Bank of Springfield (Account Type: Personal)
 + Savings Account: 9876543210 @ First National Bank of Springfield (Account Type: High-Yield)

Due Date: March 15, 2023

Payment Method: Electronic Funds Transfer (EFT) from checking account.

Please make checks payable to Liberty HealthCare and mail to:

P.O. Box 1234
Springfield, IL 62701-1234",Patient Administrative,RESTRICTED,generated,patient insurance and billing record
"John Smith (SSN: 123-45-6789)
123 Main Street, Apt 456
Anytown, CA 98765
(555) 0100 ext. 2345
[john.smith@email.com](mailto:john.smith@email.com)

Patient Information:
Name: John Smith
Date of Birth: 02/12/1992
Insurance Carrier: Mainstay Health

Policy Details:
Policy Number: MH123456
Coverage Type: Primary
Premium Amount: $500.00/month
Deductible: $1000.00

Billing Information:
Account Balance: $200.00
Outstanding Balances: $150.00 (Eye Exam: $50.00, Lab Tests: $50.00)
Last Payment Date: 02/15/2023

Payment Methods:
- Checking Account: Mainstay Bank (12345 Main St, Anytown, CA 98765) ABA: 123456789
- Credit Card: Visa (4444-4422-4433-1111) Exp. 12/2025
- Payment Plan: 3 installments of $66.67 due every 2 weeks

Prescription Information:
Medication: Lactose-Free Milk, Dosage: 1 gal/day
Refills Remaining: 10

Please verify the accuracy of this information before processing any payments or claims.",Patient Administrative,RESTRICTED,generated,patient insurance and billing record
"John Smith
123 Main Street
Anytown, CA 12345
(555) 0100 | john.smith@email.com

Patient Insurance and Billing Record

Policy Number: INS-001234
Policy Type: Individual
Effective Date: 02/01/2022
Expiration Date: 02/01/2023

Patient Information:
Name: Emily Chen
Date of Birth: 12/25/1990
Social Security Number: 923-45-6789
Address: 456 Elm Street, Apt 101
Anytown, CA 12345

Coverage Details:

* Primary Insurance: Blue Cross
* Secondary Insurance: United Healthcare
* Maximum Out-of-Pocket: $5,000.00

Billing Information:
Account Number: BILL-001234
Billing Address: P.O. Box 1234, Anytown, CA 12345
Phone: (555) 567-8901 | billing@anytownhospital.com

Payment History:

* Claim Date: 02/15/2022
* Paid Amount: $100.00
* Balance: $0.00

Pre-Authorization Requirements:
No pre-authorizations are required for this patient.

Note: This document is a simulation and should not be used for actual billing or insurance purposes.",Patient Administrative,RESTRICTED,generated,patient insurance and billing record
"Patient Insurance and Billing Record

Policy Holder Information:

Name: Reginald Thornton-Furst
Address: 456 Elm Street, Apt 3B, Springfield, CO 80210
Phone: 303-876-2198
Email: [reggie.tf@outlook.com](mailto:reggie.tf@outlook.com)

Insurance Policy Details:

Policy Number: TRF-12345
Policy Type: Primary Individual
Premium Payment Method: Automatic Bank Draft

Billing Information:

Patient Name: Reginald Thornton-Furst
Date of Birth: 02/12/1995
Social Security Number: 923-54-7896
Medical Record Number: THF-001234

Claims History:

Claim Date: 01/15/2023
Claim Amount: $10,000.00
Payment Status: Paid in Full

Outstanding Balance: $0.00

Payment Methods Accepted:

* Credit Card (Visa)
* Check
* Bank Transfer (Wells Fargo)

Bank Account Information for Automatic Payments:

Account Type: Checking
Account Number: 0112198765432
Routing Number: 121000088
Bank Name: Wells Fargo Bank",Patient Administrative,RESTRICTED,generated,patient insurance and billing record
"Emily Chen
123 Oakwood Drive
Apt 456
Springfield, IL 62704
(555) 876-5432
emily.chen@example.com

Insurance Information:

Patient Name: Emily Chen
Policy Number: ECH-001
Insurance Company: NovaCare
Policy Type: Individual
Effective Date: February 10, 2022
Expiration Date: February 10, 2030

Billing Information:

Account Number: NC-1234
Patient Account Balance: $750.00
Outstanding Amount Due: $250.00
Payment Method: Auto-Pay via Bank Transfer
Bank Name: First Secure Bank
Account Number: FSB-001234
Routing Number: 011567876

Medical Services:
Procedure Date    Procedure Code   Charges
March 15, 2022     12345-GU       $100.00
June 20, 2023       67890-SL       $500.00
September 1, 2022   90123-MR       $200.00

Total Charges: $800.00
Patient Responsibility: $250.00",Patient Administrative,RESTRICTED,generated,patient insurance and billing record
"Patient Insurance and Billing Record

Name: Emily J. Wilson
Address: 456 Oakwood Drive, Apt 3B, Springfield, CO 81234
Phone: (987) 765-4321
Email: [ewilson92@gmail.com](mailto:ewilson92@gmail.com)

Account Information:
Policy Number: WHL-12345
Provider Name: Springdale Medical Center
Policy Type: Individual
Premium Payment Method: Automatic Bank Draft
Bank Account Details:
Bank Name: First National Bank of Springfield
Account Number: 0012345678
Routing Number: 0123456789
Check Date: February 10, 2023

Billing Information:
Services Rendered: Doctor Visit, X-Ray, Lab Tests
Service Dates: January 15, 2023 - February 28, 2023
Total Charges: $1,234.56
Payment Status: Partially Paid ($800.00) - Balance Due: $434.56

Insurance Details:
Insurance Provider: Springfield Health Insurance Plan
Policy Start Date: June 1, 2020
Policy End Date: May 31, 2025

Additional Information:
Patient is entitled to 20% of the total charges due back.
A follow-up phone call was made to patient on February 22, 2023.

Please make sure to verify all information before processing payment.",Patient Administrative,RESTRICTED,generated,patient insurance and billing record
"Patient Insurance and Billing Record

Policy Number: INS-123456
Name: Emily Johnson
Address: 456 Oak Drive, Apt 101
City: Springfield
State: IL
Zip: 62701
Phone: 555-9876
Email: [ejohnson@email.com](mailto:ejohnson@email.com)

Policy Type: Individual
Coverage Period: January 1 - December 31

Insurance Carrier: Golden Care Insurance Company
Account Manager: Michael Brown (mbrown@goldencareins.com)
Policy Date: February 10, 2022

Claims:

* Service Date: March 12, 2022
* Service Provider: Springfield Clinic
* Procedure Code: 12345
* Charges: $1,234.56
* Paid Amount: $500.00
* Balance Due: $734.56

Payment Methods:

* Bank Transfer: Checking Account #1234-5678-9012-3456 (Bank of America)
* Credit Card: Visa #4112-1234-5678-9012 (exp. 02/2025)

Deductible: $200.00
Copay: $50.00

Refills:

* Medication Name: Insulin
* Quantity: 120 capsules
* Refill Date: April 15, 2022

Prescription Information:

* Prescription Number: SPR-12345
* Medication Name: Metformin
* Dosage: 500mg x 3 times a day",Patient Administrative,RESTRICTED,generated,patient insurance and billing record
"Patient Insurance and Billing Record

Date of Birth: 02/15/1995
Social Security Number: 842-54-8234
Policy Number: HSP12345
Insurance Company: OmniCare

Patient Information:
Name: Zara P. Patel
Address: 456 Oakwood Drive, Apt 3B, Springfield, IL 62704
Phone: 555-8765
Email: [zapatel@outlook.com](mailto:zapatel@outlook.com)

Policy Details:
Coverage Type: Primary
Deductible Amount: $500.00
Co-Payment Rate: 20%
Maximum Benefit Limit: $200,000.00

Service History:

| Date | Service Provided | Charges |
| --- | --- | --- |
| 02/10/2022 | Doctor Visit | $150.00 |
| 05/15/2021 | Hospitalization | $75,000.00 |
| 08/20/2020 | Prescription Refill | $50.00 |

Account Information:
Account Type: Credit Account
Account Number: OMN1234567
Bank Name: First National Bank of Springfield
Routing Number: 111000025
Check Digit: 4

Payment History:

| Date | Payment Amount | Payment Method |
| --- | --- | --- |
| 02/20/2022 | $1,000.00 | Check |
| 05/01/2021 | $500.00 | Credit Card |

Balance Due: $0.00",Patient Administrative,RESTRICTED,generated,patient insurance and billing record
"Patient Insurance and Billing Record

Policy Number: HSP123456
Customer Name: Emily Wilson
Address: 456 Elmwood Drive
City, State ZIP: Oakdale, CA 95201
Phone: 925-456-7890
Email: [emily.wilson@email.com](mailto:emily.wilson@email.com)

Policy Type: Individual
Plan Details: Silver Plan with $2,000 Deductible and 80% Co-Payment

Services Provided:

* Primary Care Visits: 10 visits @ $50 copay = $500.00
* Specialist Visits: 5 visits @ $75 copay = $375.00
* Prescription Medications: 10 prescriptions @ $20 copay = $200.00
* Hospital Stay: 2 days @ $1,000.00 per day = $2,000.00

Total Charges: $3,275.00
Allowed Amount: $2,500.00 (76% of total charges)
Patient Responsibility: $775.00
Payment Method: Checking Account - Bank of Oakdale, 123 Main St, Oakdale, CA 95201
Account Number: 9876543210

Balance Due: $0.00",Patient Administrative,RESTRICTED,generated,patient insurance and billing record
"Patient Insurance and Billing Record

Policy Number: PNL001234
Patient Name: Emily Wilson
Address: 456 Elm Street, Apt 3B, Springfield, IL 62704
City, State ZIP Code: Springfield, IL 62704
Phone: 555-567-8901
Email: [ewilson@email.com](mailto:ewilson@email.com)

Date of Birth: 02/12/1992
Social Security Number: 923-54-8234

Insurance Company: Springdale Health Insurance
Policy Type: Individual Plan
Coverage Period: January 1, 2020 - December 31, 2023

Services Rendered:
- Doctor Visit: $100.00
- Medication: $50.00
- Lab Tests: $75.00
Total Charges: $225.00

Payments:
- Insurance Company Payment: $150.00 (67% of total charges)
- Patient Responsibility: $75.00 (33% of total charges)

Balance: $0.00

Bank Information for Payment:
Account Number: 123456789
Bank Name: Oakdale Bank & Trust
Routing Number: 121000178
Check Payable to: Springdale Health Insurance

Payment Instructions: Please make checks payable to Springdale Health Insurance and mail to the address listed below.

Springfield, IL 62704",Patient Administrative,RESTRICTED,generated,patient insurance and billing record
"Here is a fictional synthetic hospital patient insurance and billing record:

Emily J. Wilson
123 Elmwood Drive
Anytown, CA 95324
(209) 876-5432
emilyjwilson@email.com

Patient Information:
Policy Number: P001234
Insurance Type: Primary
Effective Date: January 1, 2020
Expiration Date: December 31, 2023

Billing Information:
Account Name: Emily J. Wilson
Account Number: EW001234
Bank Account Information:
Account Type: Checking
Routing Number: 123456789
Account Holder: Emily J. Wilson
Account Balance: $12,345.67

Services Rendered:
Date Service Rendered    Description        Charges
2022-01-15              Routine Checkup   $50.00
2022-06-10               X-Ray              $200.00
2023-03-20               Surgery            $1,500.00

Balance Due: $8,504.67
Payment Method: Credit Card (Visa)
Card Number: 1234-5678-9012-3456
Expiration Date: 02/2027",Patient Administrative,RESTRICTED,generated,patient insurance and billing record
"John Smith (SSN: 892-34-2198) residing at 123 Main Street, Anytown, CA 12345, was treated for a knee injury on February 10th, 2022. The total charge for the visit was $1,023.41.

A payment plan of $50/month for 20 months was set up with our finance department. The patient's insurance coverage will cover $750 of the charges.

Patient's next of kin is Jane Doe (SSN: 765-43-9821), who can be reached at 555-567-8901 or janedoe@email.com.

The patient's account balance stands at $0 due to the payment plan. However, there will be a late fee of $25 for missing the first payment on time.

All payments should be made payable to 'Anytown Hospital' and can be mailed to 123 Main Street, Anytown, CA 12345 or paid online through our website.

Please note that all outstanding balances must be paid within 60 days to avoid further action. If you have any questions regarding your account, please contact our billing department at 555-0100.",Patient Administrative,RESTRICTED,generated,patient insurance and billing record
"Patient Insurance and Billing Record

Patient Name: Emily Wilson
Address: 456 Oakwood Drive
City: Springfield
State: IL
Zip Code: 62704
Phone Number: 217-345-2198
Email: ewilson@email.com

Policy Number: EWIL-1234
Policy Type: Individual
Effective Date: 02/15/2022
Expiration Date: 02/14/2023

Insurer: Springville Insurance Company
Address: 789 Elm Street
City: Oakdale
State: IL
Zip Code: 62711

Billing Information:

* Account Number: 123456
* Billing Contact: Jamie Reed
Phone Number: 555-0123
Email: jreed@email.com
Address: 901 Maple Street
City: Springfield
State: IL
Zip Code: 62701

Insurance Coverage:
* Medical Expenses: $10,000.00
* Prescription Medications: $500.00
* Hospital Stay: $5,000.00

Payment Method: Bank Transfer
Bank Account Information:
* Account Type: Checking
* Account Number: 9876543210
* Routing Number: 111000025
* Bank Name: First National Bank of Springfield
Address: 456 Main Street
City: Springfield
State: IL
Zip Code: 62701

Payment Status: Pending",Patient Administrative,RESTRICTED,generated,patient insurance and billing record
"Emily Chen
123 Oakwood Drive
Apt 4B
Springfield, IL 62704
(555) 235-8192 | emilychen@email.com

Patient Insurance and Billing Record

Policy Number: HMO-456789
Policyholder Name: Emily Chen
Policyholder Date of Birth: 02/12/1998
Insurance Company: Springfield Health Alliance (SHA)

Services Rendered:
Date       Service            Charge        Paid Amount
---------  ---------------  --------------  ----------
2022-01-15 Consultation    $150.00        $120.00
2022-02-20 Lab Tests         $75.00         $60.00
2022-03-10 Follow-up Visit  $100.00        $90.00

Total Charges: $325.00
Total Paid: $270.00

Payment Method: PayPal Account (paypalex123@gmail.com)
Bank Account Information:
Bank Name: First State Bank of America
Routing Number: 121000025
Account Number: 4567890123
Check Date: February 2022
Cashier's Check #HMO-001

Outstanding Balance: $55.00",Patient Administrative,RESTRICTED,generated,patient insurance and billing record
"Patient Insurance and Billing Record

Policy Number: HSP12345
Policyholder Name: Emily J. Wilson
Address: 456 Oakdale Drive, Apt 3B
City, State, Zip: Springfield, IL 62704
Phone: (217) 555-8765
Email: [ewilson92@gmail.com](mailto:ewilson92@gmail.com)

Date of Birth: February 12, 1992

Coverage Dates: January 1, 2020 - December 31, 2023

Insurer: NovaHealth Insurance Company
Policy Address: PO Box 11234, Springfield, IL 62711-1234

Claims History:

* Procedure: MRI Scan
* Date: March 10, 2022
* Amount: $1,500.00
* Paid by: Patient (20%)
* Balance Due: $1,200.00

Payment History:

* Payment Method: Check
* Bank Account: Wells Fargo ABA # 062900088, Routing # 12-9010-0880, Account # 1234567890
* Payment Date: January 15, 2022
* Payment Amount: $600.00

Next Billing Date: February 28, 2023",Patient Administrative,RESTRICTED,generated,patient insurance and billing record
"Insurance and Billing Record

Patient Name: Emily Wilson
Address: 456 Elm Court, Springfield, IL 62704
Phone Number: 555-8765
Email: ewilson@email.com
Date of Birth: February 12, 1992

Policy Information:

Policy Holder: John Lee
Policy Number: JL123456
Insurance Company: National HealthCare Inc.
Premium Payment Method: Direct Debit (Bank Transfer)
Bank Account Details:
Account Name: John Lee
Account Number: 9876543210
Sort Code: 23-45-67
Bank Name: First Citizens Bank

Claim Information:

Patient Condition: Acute Appendicitis
Diagnosis Date: January 10, 2023
Treatment Dates: January 15 - February 2, 2023
Charges:
- Surgery Fee: $10,000.00
- Hospital Stay: $5,000.00
- Medication: $1,500.00
Total Claim Amount: $16,500.00

Payment Status: Partially Paid (70% of total claim amount)

Due for Payment: January 31, 2024

Please contact us at 555-8765 or ewilson@email.com to make any payment inquiries or adjustments.

Signature: Jane Smith",Patient Administrative,RESTRICTED,generated,patient insurance and billing record
"Patient Insurance and Billing Record

Policy Number: INS-001234
Patient Name: Emily J. Wilson
Address: 456 Elm Street, Apt 3B, Springfield, IL 62701
City, State ZIP Code: Springfield, IL 62702
Phone: (217) 555-1234
Email: [ewilson@email.com](mailto:ewilson@email.com)

Date of Birth: February 12, 1992

Insurance Company: Springville Insurance Co.
Policy Type: Primary

Coverage Amount: $100,000.00

Claims History:
- January 2020: Urgent Care Visit - $50.00
- August 2021: Hospital Stay - $20,000.00

Provider Information:

* Dr. Lisa Nguyen
Address: 901 Oak Street, Springfield, IL 62704
Phone: (217) 555-5678
Email: [lneugh@springfieldhospital.org](mailto:lneugh@springfieldhospital.org)

Payment Terms:
Payment is due within 30 days of invoice date.

Bank Information:
Account Type: Checking
Account Number: 1234567890
Routing Number: 121000358
Bank Name: First National Bank of Springfield

Payment Methods Accepted:

* Electronic Fund Transfer (EFT)
* Check
* Credit Card",Patient Administrative,RESTRICTED,generated,patient insurance and billing record
"John P. Bottoms
123 Oakwood Drive
Apt 4B
Springfield, CO 80503
(720) 555-2198
john.bottoms@email.com

Policy Number: BP001234
Patient Name: John P. Bottoms
Date of Birth: 02/12/1992
Insurance Provider: Springview Health Insurance

Account Information:
Account Type: Primary
Bank Account Number: 0111111234
Bank Routing Number: 1123456789
Bank Institution: First National Bank of Springfield

Eligible Expenses:
- Doctor Visits
- Prescription Medication
- Hospital Stay (with insurance coverage)

Out-of-Pocket Maximum: $2,500.00
Deductible: $500.00
Annual Maximum: $10,000.00

Claims Payment History:
Claim Number | Claim Date | Paid Amount
---------|-----------|-----------
B001 | 01/01/2020 | $500.00
B002 | 04/15/2022 | $800.00
B003 | 07/10/2023 | $1,000.00",Patient Administrative,RESTRICTED,generated,patient insurance and billing record
"Beverly S. Davenport
1234 Elmwood Drive
Anytown, CA 12345
(555) 876-5432 | (800) 123-4567
bdavenport@email.com | bdavenport@hospital.org

Patient Insurance and Billing Record

Policy Number: INS-001234
Date of Service: 02/12/2023
Provider: Anytown Medical Center
Procedure: Mammogram
Charge: $250.00

Payment Method: Checking Account
Bank Name: First National Bank of Anytown
Account Number: 0123456789
Routing Number: 123456789
Check Date: 03/01/2023

Insurance Carrier: HealthyCare
Policy Type: Individual
Premium: $120.00/month

Co-Payment: 20% of total charges
Deductible: $500.00

Balance Due: $150.50
Payment Status: Paid in Full

Claims Adjuster:
Jane Doe, RN
Anytown Medical Center
(555) 123-4567 | jane.doe@anytownmedical.com",Patient Administrative,RESTRICTED,generated,patient insurance and billing record
"John Smith (SSN: 882-10-0198)
123 Main Street, Apt 456
Anytown, CA 12345
(555) 010-2000 | john.smith@email.com

Date of Birth: 02/12/1995
Insurance Provider: HealthyCare Inc.
Policy Number: HCI-00001234

Payment Details:
Bank Account: 1234567890, Bank of Anytown
Account Type: Checking
Routing Number: 123456789
Account Holder Name: John Smith

Billing Information:
Service Date: 02/15/2022
Service Provider: Anytown Medical Center
Service Code: 202202001234
Procedure Description: Routine Checkup and Physical Examination
Charge Amount: $150.00
Payment Status: Pending

Insurance Coverage: 80% of the total charge amount, courtesy of HealthyCare Inc.
Patient Responsibility: $30.00 (Due Date: March 15, 2022)

Anytown Medical Center
Billing Department
123 Main Street, Apt 456
Anytown, CA 12345",Patient Administrative,RESTRICTED,generated,patient insurance and billing record
"Patient Insurance and Billing Record

Patient Name: Emily J. Wilson
Address: 456 Oakdale Drive, Apt 3B
City, State, ZIP: Springfield, IL 62704
Phone: 812-555-0198
Email: [ewilson92@gmail.com](mailto:ewilson92@gmail.com)

Policy Number: JWKL-4219
Member ID: EMILYJW1234

Insurer: Springfield Health Insurance Co.
Policy Date: February 10, 2022
Premium Payment Method: Automatic Bank Draft (Bank of Springfield, ACH)
Bank Account Information:
Account Type: Checking
Routing Number: 021001177
Account Number: 9876543210
Check Writing Authorization: Yes

Billing Information:
Patient Status: Active
Payment History: Paid in full on February 15, 2023
Balance: $0.00
Next Payment Due: March 20, 2024

Prescription Information:
Medication: Lipitor 20mg
Fill Date: January 10, 2023
Refill Quantity: Unlimited",Patient Administrative,RESTRICTED,generated,patient insurance and billing record
"Patient Insurance and Billing Record

Policy Number: 001234
Customer Name: Emily J. Wilson
Address: 456 Oakwood Drive, Apt 3B
City:Springfieldville
State:IL
Zip Code:62704
Phone: 555-5678
Email: [ewilson@email.com](mailto:ewilson@email.com)

Policy Type: Primary Health Insurance

Coverage Period: January 1st 2022 - December 31st 2024

Premium Amount: $250.00/month
Payment Method: Bank Transfer to Account Number: 1234567890, Bank Name: First National Bank of Springfieldville

Outstanding Balance: $500.00
Due Date: February 28th 2023

Services Covered:
- Primary care visits
- Specialist consultations
- Lab tests and procedures
- Prescription medication

Deductible: $200.00 per person/year
Co-pay for doctor visits: $20.00
Percentage of insurance coverage for prescription medications: 80%

Claim History:

- Claim #001 - Date: March 12th 2022, Amount: $150.00
- Claim #002 - Date: June 15th 2023, Amount: $300.00

Payment Status: Paid in full",Patient Administrative,RESTRICTED,generated,patient insurance and billing record
"Zara P. Jenkins
123 Oakdale Drive
Apt 456, Springfield, CO 80210
(555) 876-5432 | zarapjenkins@email.com

Policyholder Information:

Policy Number: ZIP-012345
Coverage Period: January 1st, 2022 - December 31st, 2023
Policy Type: Individual Health Insurance

Billing Information:

Account Number: ZPJ-001234
Billing Address:
123 Oakdale Drive
Apt 456, Springfield, CO 80210
(555) 876-5432 | zarapjenkins@email.com

Payment Details:

Payment Method: Bank of Evergreen Savings Account #EG-SV-9876
Routing Number: 012345678
Check Date: February 22nd, 2023

Claim History:

Date | Service Provider | Charges
-----|-----------------|--------
January 10th, 2022 | Springview Medical | $500.00
February 20th, 2022 | Evergreen Health Center | $800.00
March 5th, 2022 | Green Valley Clinic | $200.00

Balance Due: $1,498.00",Patient Administrative,RESTRICTED,generated,patient insurance and billing record
"John P. Bottomsworth
123 Main Street Apt 456
Anytown, CA 01234
(555) 0100 ext. 2345
john.bottomsworth@email.com

Patient Insurance and Billing Record

Policy Number: ABCD-001234
Policy Holder: John P. Bottomsworth
Policy Type: Primary
Coverage Date: January 1, 2022 - December 31, 2023

Account Information:
Account Number: 0123456789
Bank Name: First National Bank of Anytown
Bank Address: 789 Oak Street
Bank City: Anytown, CA
Bank State: CA
Bank Zip: 01234-5678
Bank Phone: (555) 9010
Bank Fax: (555) 2345

Balance Due: $2,456.78
Outstanding Balances:
- Dr. Jane Smith - $500.00
- Dr. John Doe - $1,000.00
- Lab Services - $256.50

 Payment Methods Accepted:

* Check (Personal Check)
* Credit Card (Visa)
* Electronic Fund Transfer (EFT)

Payment Instructions:
Please make checks payable to ""John P. Bottomsworth"" and mail to 123 Main Street Apt 456 Anytown, CA 01234.
For electronic payments, please use the following bank information:

Routing Number: 0112345678
ABA Number: 1234567890
Account Type: Checking

Please note that a late fee of $25.00 will be applied to all unpaid balances after 30 days.

Sincerely,
Jane Wilson
Insurance Claims Specialist",Patient Administrative,RESTRICTED,generated,patient insurance and billing record
"John Smith
123 Main Street, Apt 456
Anytown, CA 01234
(555) 0100 | (800) 123-4567 | jsmith@email.com | smithj@fakebank.com

Policy Number: FAK-001234
Policy Type: Primary
Insurer: Anytown Insurance Co.

Coverage Amount: $1,000,000.00
Deductible: $500.00
Co-Payment: 20%

Billing Address:
Anytown Hospital
456 Medical Center Drive
Anytown, CA 01234

Account Status: Active
Last Payment Date: 02/15/2022
Payment Method: Auto Draft from Smithj@fakebank.com (Checking Account)

Claim History:
- Surgery on 01/10/2022 ($200,000.00)
- Doctor Visit on 03/20/2021 ($50,000.00)
- Hospital Stay on 06/15/2020 ($800,000.00)

Balance Due: $150,000.00
Outstanding Balance Date: 02/28/2023

Payment Instructions:
- Auto Draft every 30th of the month from Smithj@fakebank.com (Checking Account)
- Payor will deduct 20% for administrative fees

Note: The account is current and up-to-date based on our records.",Patient Administrative,RESTRICTED,generated,patient insurance and billing record
"Patient Insurance and Billing Record

Policy Number: 001234
Patient Name: Emily J. Wilson
Address: 456 Elm Street, Apt 101, Springfield, IL 62704
Phone: 555-8765
Email: [ewilson92@gmail.com](mailto:ewilson92@gmail.com)

Date of Birth: 02/12/1992
Social Security Number: 923-48-2109

Insurer: Nova Health Insurance
Policy Type: Primary Care

Covered Services:

* Doctor Visits
* Prescription Medications
* Laboratory Tests

Claims History:

* Claim #12345: $500.00 (Surgery) - Paid
* Claim #67890: $200.00 (Prescription Medication) - Partially Paid

Payment Details:

* Account Balance: $1,234.50
* Payment Method: Direct Bank Transfer from Checking Account: 0123456789012345 @ Nova Bank
* Bank Routing Number: 1234567890

Premium Payment History:

* Month 1-12 (2022): Paid on time
* January 2023: Late payment of $100.00

Next Premium Due Date: February 15, 2023",Patient Administrative,RESTRICTED,generated,patient insurance and billing record
"Zoe Thompson, SSN 123-456-7890, 456 Oak Drive, Anytown, CA 12345 (555) 012-3456, zthompson@email.com, was admitted to our hospital on February 10, 2022, after a severe case of appendicitis. She underwent emergency surgery and received six units of O positive blood. The total bill for her stay is $25,321.12.

The patient's insurance information is as follows: Blue Cross Blue Shield of California, Policy Number #BL-123456, Group Plan: Premier Plan, Premium: $427.50/month. Zoe did not have any pre-existing conditions at the time of admission, but she was prescribed 500mg of ciprofloxacin twice daily for a total of 7 days.

Her primary care physician is Dr. Maria Rodriguez, MD, Anytown Family Practice, (555) 789-0123, maria.rodriguez@anytownhealth.org. Zoe's medication list includes: ciprofloxacin, acetaminophen 650mg, and simvastatin 20mg.

Payment instructions: Please make checks payable to ""Anytown Health"". Our bank information is as follows:

* Checking Account: Anytown Healthcare, Account #ABC1234
* Routing Number: 0123456789
* Address: PO Box 4567, Anytown, CA 12345

We have attempted to contact Zoe at the following phone number (555) 012-3456 and email address zthompson@email.com. If you need to reach us regarding this patient's account, please call or email us during business hours.

 Payment deadline: March 15, 2022",Patient Administrative,RESTRICTED,generated,patient insurance and billing record
"Patient Insurance and Billing Record

Policy Holder Information:
Name: Emily Wilson
Address: 456 Elm Street, Apt 3B
City, State ZIP: Springfield, IL 62704
Phone: 815-765-0123
Email: [ewilson123@gmail.com](mailto:ewilson123@gmail.com)

Insurance Policy Details:
Policy Type: Individual Health
Policy Number: HWL-001234
Insurer: Healthy Benefits Insurance Company (HBI)
Effective Date: February 1, 2020
Expiry Date: January 31, 2023

Billing Information:
Account Holder Name: Emily Wilson
Account Holder Address: 456 Elm Street, Apt 3B
City, State ZIP: Springfield, IL 62704
Phone: 815-765-0123
Email: [ewilson123@gmail.com](mailto:ewilson123@gmail.com)

Payment Details:
Bank Account Information:
Routing Number: 121000178
Account Number: 9876543210
Bank Name: First Illinois Bank

Payment History:
 Payment Date Amount Paid Balance Remaining
2022-02-01 $1,500.00 $0.00
2022-06-01 $750.00 $250.00
2022-09-01 $500.00 $50.00",Patient Administrative,RESTRICTED,generated,patient insurance and billing record
"Patient Insurance and Billing Record

Date of Birth: 02/15/1995

Name: Emily Chen
Address: 456 Oak Lane, Apt 3B, Springfield, IL 62704
Phone: 815-876-2345
Email: emilychen92@gmail.com

Insurance Information:
Policy Number: XYZ1234
Provider: Springdale Medical Group
Coverage Amount: $10,000.00
Deductible: $500.00

Services Rendered:

* Office Visit: 02/20/2022 ($150.00)
* Lab Tests: 02/22/2022 ($200.00)
* X-Ray: 02/25/2022 ($300.00)

Total Charges: $650.00
Paid Amount: $150.00

Patient's Payment Method: Check #001234 (Payable to: Springdale Medical Group)
Bank Account Information:
Account Type: Checking
Routing Number: 121000358
Account Number: 9876543210
Bank Name: First National Bank of Springfield",Patient Administrative,RESTRICTED,generated,patient insurance and billing record
"Patient Insurance and Billing Record

Patient Name: Emily Wilson
Address: 456 Elm Street, Apt 3B, Springfield, IL 62704
Date of Birth: 02/12/1995
Social Security Number: 923-87-6543
Insurance Provider: GoldenCare Health

Policy Number: GC001234
Coverage Type: Individual
Effective Date: 01/01/2022
Expiration Date: 01/01/2023

Patient's Primary Care Physician: Dr. Rachel Lee, 789 Oak Street, Springfield, IL 62702
Phone: 555-0123
Email: [rlee@springfieldhospital.org](mailto:rlee@springfieldhospital.org)

 billing information:

 Charge Amount: $150.00
 Service Date: 03/15/2022
 Billing Contact: Jane Doe, 456 Elm Street, Apt 3B, Springfield, IL 62704
 Phone: 555-0100
 Email: [jane.doe@gmail.com](mailto:jane.doe@gmail.com)

 Payment Method:
 Bank Account: Wells Fargo, 0123456789, routing number: 123456789, account type: Checking

Payment Status: Partially Paid ($50.00)
Balance Due: $100.00
Due Date: 02/28/2023",Patient Administrative,RESTRICTED,generated,patient insurance and billing record
"John P. Bottoms
123 Main Street, Apt 456
Anytown, CA 12345
(555) 0100 ext. 2345
john.bottoms@gmail.com

Patient Name: John P. Bottoms
Date of Birth: 02/12/1992
Social Security Number: 92-74-2198

Policy Information:

- Policy Type: Individual Plan
- Policy Number: BP001234
- Premium Amount: $250.00/month
- Deductible Amount: $500.00
- Co-pay Percentage: 20%

Billing Information:

- Billing Address: 123 Main Street, Apt 456, Anytown, CA 12345
- Contact Person: Jane Doe
- Phone Number: (555) 8900
- Email: jane.doe@anytownhospital.com

Payment History:

- Payment Method: Checking Account
- Bank Information:
  - Bank Name: First National Bank of Anytown
  - Routing Number: 123456789
  - Account Number: 9876543210
  - Checking Balance: $1000.00

Prescriptions and Services:

- Prescription Type: Medication for High Blood Pressure
- Dosage: 10mg daily
- Prescribed By: Dr. Emily J. Lee
- Date of Prescription: 02/20/2023
- Service Dates: January 1, 2023 - February 28, 2023

Insurance Coverage:
The patient's insurance plan will cover 80% of the prescription costs after deductibles are applied.",Patient Administrative,RESTRICTED,generated,patient insurance and billing record
"John Smith (SSN: 9876543210) - Primary Patient

 Insurance Policy ID: IPS-123456
 Policy Type: Individual
 Premium Amount: $250.00/month

Patient Address: 123 Main Street, Apt 101, Anytown, CA 01234
City: Anytown
State: CA
Zip: 01234
Phone: (555) 0100 ext. 1234
Email: [john.smith@email.com](mailto:john.smith@email.com)

Bank Account Information:
 Bank Name: SecurePay Bank
 Account Number: SPB-987654321
 Routing Number: 111000211
 Check Cashing Fee: $5.00

 Insurance Carrier:
Name: XYZ Health Insurance
Policy Date: March 1, 2020
Premium Due Date: 10th of each month

Balance Due as of March 10, 2024: $150.00

 Payment History:

| Payment Date | Payment Method | Amount Paid |
| --- | --- | --- |
| February 10, 2024 | Bank Transfer | $250.00 |
| January 10, 2024 | Credit Card | $100.00 |

Unpaid Balance: $0.00",Patient Administrative,RESTRICTED,generated,patient insurance and billing record
"John T. Reynolds
123 Maplewood Drive
Apt 3B
Springfield, IL 62704
(555) 384-2198
john.reynolds456@gmail.com

Patient Information:

Policy Number: HMO-01234
Date of Birth: February 12, 1992
Social Security Number: 912-54-8231
Emergency Contact: Jane W. Thompson
Phone: (555) 017-3829
Address: 789 Oakdale Drive
Springfield, IL 62705

Service Details:

Service Date: March 10, 2023
Provider Name: Dr. Lisa Nguyen
Procedure Code: 23456
Fee: $120.00
Insurance Coverage: 80%

Billing Information:

Total Amount Due: $96.00
Payment Method: Check (via Bank of Springfield)
Bank Account Number: 9876543210
Account Type: HMO Checking
Routing Number: 12-3456-7890

Payment Status: Pending

Disclaimer: The patient is responsible for any outstanding balance not covered by their insurance plan.

Note: This document is for training purposes only and should not be used in a real-world scenario. All information is completely fictional and does not represent actual individuals or entities.",Patient Administrative,RESTRICTED,generated,patient insurance and billing record
"Patient Insurance and Billing Record

Policy Number: INS-001234
Customer Name: Emily Wilson
Address: 456 Elm Street, Apt 3B
City: Springfield
State: IL
Zip: 62704
Phone: 555-5678
Email: [ewilson92@gmail.com](mailto:ewilson92@gmail.com)

Account Information:
Policy Type: Individual
Plan Description: Prime Care Plan
Premium Amount: $250.00/month

Services Rendered:

| Service Date | Service Description | Charge |
| --- | --- | --- |
| 2022-01-10 | Primary Care Visit | $75.00 |
| 2022-02-15 | Specialist Consultation | $150.00 |
| 2022-03-20 | Medication Fill | $25.00 |

Balance: $0.00
Outstanding Balance: $12.50

Payment Methods:
Bank Account: Checking (12345 Savings), Bank Name: Springfield Federal Credit Union
Routing Number: 987654321, Check Number: 001234

Special Instructions: Please make checks payable to ""Emily Wilson"" and include ""Billing"" in the memo line.

Next Steps: Please contact our customer service department at 555-5678 or ewilson92@gmail.com for any questions or concerns regarding your account.",Patient Administrative,RESTRICTED,generated,patient insurance and billing record
"Emily Chen
123 Elmwood Drive
Apt 456
Anytown, CA 12345
(555) 876-5432
emily.chen@email.com

Patient Information:

Patient Name: Emily Chen
Date of Birth: 02/12/1995
Insurance Provider: HealthyCare Insurance Company
Policy Number: CHC1234
Coverage Type: Individual

Billing Information:

Service Date: 01/15/2023
Service Type: Primary Care Visit
Charge Amount: $150.00
Payment Status: Pending

Financial Details:

Method of Payment: Check
Bank Account Information:
Account Name: Emily Chen
Bank Institution: First National Bank of Anytown
Routing Number: 123456789
Account Number: 9876543210

Insurance Claims:

Insurance Claim Number: HC-001234
Claim Type: Medical Expense
Amount Due: $100.00
Payment Method: Check

Address Verification:
123 Elmwood Drive
Anytown, CA 12345",Patient Administrative,RESTRICTED,generated,patient insurance and billing record
"Patient Insurance and Billing Record

Policy Number: INS-001234
Customer Name: Emily Wilson
Address: 456 Oak Avenue, Apt 3B, Springfield, IL 62704
Phone: 217-123-4567
Email: [emilywilson@email.com](mailto:emilywilson@email.com)

Date of Birth: February 12, 1995
Social Security Number: 923-54-2198

Coverage Information:
- Primary Insurance: XYZ Health
- Secondary Insurance: ABC Medical
- Deductible: $500.00
- Co-Pay: 20% of billed amount
- Maximum Out-of-Pocket: $2,000.00

Patient Information:
- Name: Emily Wilson
- Date of Birth: February 12, 1995
- Address: 456 Oak Avenue, Apt 3B, Springfield, IL 62704
- Phone: 217-123-4567
- Email: [emilywilson@email.com](mailto:emilywilson@email.com)

Billing Information:
- Account Balance: $1,047.50
- Charges: $2,500.00 (Surgery: $1,200.00, Hospital Stay: $800.00, Medication: $500.00)
- Paid Amount: $450.00 (Credit Card: Visa 1234-5678-9012-3456)
- Remaining Balance: $597.50

Payment Methods:
- Credit Card: Visa 1234-5678-9012-3456
- Bank Transfer: Checking Account #0123-4567-8901, Bank Name: First National Bank of Springfield

Disclaimer: This document is for fictional training purposes only and should not be used in any real-world application.",Patient Administrative,RESTRICTED,generated,patient insurance and billing record
"Patient Insurance and Billing Record

Policy Number: HSP123456
Patient Name: Emily Chen
Address: 456 Elm Street, Apt 101
City: Oakdale
State: CA
Zip Code: 91234
Phone: 123-456-7890
Email: [emilychen@email.com](mailto:emilychen@email.com)

Date of Birth: February 12, 1992
Social Security Number: 842-15-0367

Insurance Provider: Oakdale Healthplan Inc.
Policy Type: Individual Major Medical

Services Provided:

* Primary Care Visit
* Specialist Consultation (Cardiology)
* Lab Tests (Blood Work)
* Medications Prescribed: Lipitor 20mg

Payment Details:
Bank Account Number: 0123456789
Bank Institution Name: Oakdale Community Bank
Routing Number: 123456789
Check Payee: Emily Chen

Balance Due: $150.00
Due Date: March 15, 2023
Payment Method: Electronic Funds Transfer (EFT)

Notes:
Patient was seen for a follow-up appointment with Dr. Smith on February 10, 2023.
The patient was prescribed Lipitor 20mg to manage cholesterol levels.

This document is a synthetic example of a patient insurance and billing record for training purposes only. It should not be used in any real-world application.",Patient Administrative,RESTRICTED,generated,patient insurance and billing record
"Patient Insurance and Billing Record

Patient Name: Emily Chen
Address: 456 Oakwood Drive
City: Springville
State: NV
Zip Code: 89314
Phone Number: (775) 876-5432
Email: emily.chen123@gmail.com

Policy Number: HC001234
Insurance Provider: Golden Care Health

Patient's Date of Birth: 02/12/1998
Social Security Number: 912-34-5678
Employer Identification Number (EIN): 23-4567890

Billing Information:

* Service Type: Primary Care Visit
* Date of Service: 03/15/2022
* Charges:
 + Office Visit Fee: $150.00
 + Diagnostic Test Fee: $120.00
 + Prescription Fee: $50.00
 Total Charges: $320.00

Payment Details:
- Payment Method: Check
- Bank Account Information: 
  - Bank Name: First National Bank of Reno
  - Account Number: 1234567890
  - Routing Number: 121000177
  - Check Payee: Emily Chen
- Payment Amount: $250.00 (paid)
- Outstanding Balance: $70.00

Payment History:
This patient has made a payment of $250.00 on 03/20/2022, which has reduced the outstanding balance to $70.00.

Next Steps:
- Follow-up appointment scheduled for 04/10/2022
- Patient is due for their annual flu vaccination",Patient Administrative,RESTRICTED,generated,patient insurance and billing record
"Patient Insurance and Billing Record

Policy Number: HSP123456
Policy Holder: Emily J. Wilson
Address: 142 Oakwood Drive, Apt 3B
City, State Zip: Springfield, IL 62704
Phone: 618-555-1234
Email: [ewilson92@gmail.com](mailto:ewilson92@gmail.com)

Patient Information:
Name: John T. Martin
Date of Birth: 02/12/1995
Social Security Number: 923-54-8765

Insurance Coverage:
Effective Date: 01/01/2022
Expiration Date: 12/31/2024
Plan Type: HMO - Health Maintenance Organization

Billing Information:
Account Name: Emily J. Wilson
Bank Account Number: 1234567890
Bank Routing Number: 0118779435
Check Payee: Springfield Hospital System

Claim Details:
Service Date: 02/15/2023
Procedure Code: 12345-ABCD
Quantity: 2
Unit Cost: $150.00
Total Charge: $300.00

Payment History:
Payment Date: 03/15/2023
Payment Amount: $200.00
Payment Method: Check

Note: A payment of $100.00 is still outstanding.",Patient Administrative,RESTRICTED,generated,patient insurance and billing record
"Patient Insurance and Billing Record

Policy Number: HSP123456
Policy Holder: Emily J. Wilson
Address: 432 Oakdale Drive
Apartment 456, Anytown, CA 90210
Phone: 555-8765
Email: [ewilson@email.com](mailto:ewilson@email.com)

Coverage Dates: February 1, 2022 - January 31, 2023

Insurance Company: Sunshine Health Insurance
Account Number: SHI12345
Bank Name: Pacific Coast Bank of America
Routing Number: 111000927
Check Number: 87654321

Patient Information:

Name: Emily J. Wilson
Date of Birth: February 12, 1995
Social Security Number: 812-34-5678
Driver's License Number: CA123456

Insurance Coverage:

* Primary Insurance: Sunshine Health Insurance
* Secondary Insurance: Golden State Health Insurance

Claims History:

* Claim Number: SHC001234
* Date of Service: January 15, 2022
* Procedure Code: 12345
* Charges: $100.00

Payment Terms:

* Co-pay: 20%
* Deductible: $500.00
* Coinsurance: 80%

Payment Method: Check",Patient Administrative,RESTRICTED,generated,patient insurance and billing record
"Patient Insurance and Billing Record

Patient Name: Emily Wilson
Address: 456 Oakdale Drive, Apt 3B
City: Springfield
State: IL 62704
Zip: 62711
Phone: 555-8765
Email: [ewilson123@gmail.com](mailto:ewilson123@gmail.com)

Date of Birth: February 12, 1992
Social Security Number: 932-54-8192

Insurance Information:
- Insurance Company: UnitedHealthcare
- Policy Number: UHC123456789
- Premium Payment Method: Automatic Bank Draft
- Bank Account Information: Wells Fargo Bank, Account # 0078765432, Routing # 041000078

Billing Information:
- Charges: $150.00 for services rendered on February 10, 2023
- Paid Amount: $100.00 (50% payment plan)
- Remaining Balance: $50.00 due by March 15, 2023

Payment History:
- Payment made on February 20, 2023
- Payment made on March 1, 2023

Medications:
- Patient is currently taking: Lisinopril 10mg twice daily
- Medication Refills: 4 refills remaining

Next Follow-up Date: April 15, 2023

Please note that this document contains fictional data and should not be used for any real-world purposes.",Patient Administrative,RESTRICTED,generated,patient insurance and billing record
"John Smith, SSN 123-456-7890, was admitted to Oakwood Hospital on February 10, 2022, for a routine check-up. His insurance coverage is provided by ""HealthGuard Inc."" with policy number HG123456. Mr. Smith's primary contact information includes:

Phone: 555-0100
Email: [jsmith@example.com](mailto:jsmith@example.com)

Patient Insurance Information:

Policy Number: HG123456
Coverage Type: Primary
Effective Date: January 1, 2022

Account Summary (Last 6 months):
- Charges: $10,000.00
- Paid Amount: $8,000.00
- Balance: $2,000.00
- Payment Method: AutoPay Bank Transfer
Bank Account Information:
Bank Name: Oakwood Bank & Trust
Account Number: OBT1234567
Routing Number: 0123456789

Billing Address: 
Oakwood Hospital,
123 Main Street,
Anytown, USA 12345",Patient Administrative,RESTRICTED,generated,patient insurance and billing record
"Patient Insurance and Billing Record

Patient Name: Emily Wilson
Address: 456 Oakdale Drive
City, State, Zip: Springville, UT 84114
Phone Number: 801-876-5432
Email: emilywilson@email.com

Policy Information:
Policy Number: CW001234
Policy Type: Individual Health
Effective Date: 02/01/2022
Expiration Date: 02/01/2023

Billing Information:
Patient Account Number: AW000567
Account Type: Primary Insured
Billing Address: 456 Oakdale Drive, Springville, UT 84114

Services Rendered:
Date | Service Description | Charge Amount
-----|--------------------|-------------
01/15/2022 | Office Visit | $75.00
02/01/2022 | Lab Tests | $50.00
02/10/2022 | X-Ray | $150.00

Balance Due: $525.00 (Payment Plans Available)

Insurance Coverage:
BlueCross BlueShield of UT
Policy Number: CW001234
Coverage Period: 02/01/2022 - 02/01/2023

Bank Payment Details:
Bank Name: Springville Bank & Trust
Account Type: Checking
Account Number: SW0023456
Routing Number: 121000178
Payment Method: Electronic Funds Transfer (EFT)

Please pay or make arrangements for payment to avoid delinquency.",Patient Administrative,RESTRICTED,generated,patient insurance and billing record
"Patient Insurance and Billing Record

Patient Name: Emily J. Wilson
Address: 456 Elm Street, Apartment 3B, Springfield, CO 81234
Date of Birth: February 12, 1995
Phone Number: 714-823-2198
Email: emily.j.wilson92@gmail.com

Insurance Information:
- Insurance Provider: NovaHealth Insurance Co.
- Policy Number: NJH1234567
- Coverage Type: Individual Health Plan
- Effective Date: January 1, 2022
- Expiration Date: December 31, 2030

Billing Information:
- Account Name: Emily J. Wilson
- Account Number: WHC12345678
- Billing Address: 456 Elm Street, Apartment 3B, Springfield, CO 81234

Services Provided:
- Primary Care Visit (2022-01-15)
- Dental Cleaning (2022-02-20)
- Prescription Fill (2022-03-10)

Payment Details:
- Payment Method: Checking Account
- Bank Name: FirstBank of Colorado
- Account Number: 1234567890
- Routing Number: 041000358
- Bank Address: 789 Main Street, Denver, CO 80202

Total Bill Amount: $1,234.56
Due Date: March 15, 2023
Late Fee: $25.00",Patient Administrative,RESTRICTED,generated,patient insurance and billing record
"Patient Next of Kin and Emergency Contact Form

Name: Emily Wilson
Address: 456 Oak Street, Apt 3B, Springfield, CO 81234
Phone: 970-567-8192
Email: ewilson92@gmail.com

Relationship to Patient: Mother

Next of Kin Name: David Brown
Address: 789 Maple Street, Springfield, CO 81234
Phone: 970-456-7890
Email: dbrown123@yahoo.com

Emergency Contact Name: Sarah Lee
Address: 321 Pine Street, Springfield, CO 81234
Phone: 970-234-5678
Email: sleet1@hotmail.com

Bank Account Information (for emergency funding):
Account Holder: Emily Wilson
Account Number: 9876543210
Routing Number: 0123456789
Bank Name: First National Bank of Springfield

Please note that we have listed the next of kin and emergency contact information below. In case of an emergency, please contact us at 970-567-8192 or ewilson92@gmail.com.

Patient Information:

Name: Ethan Thompson
Date of Birth: 02/15/1995
Medical Condition: Hypertension

Medical Facility:
Springfield General Hospital
123 Main Street, Springfield, CO 81234",Patient Administrative,RESTRICTED,generated,patient next of kin and emergency contact form
"Patient Next of Kin and Emergency Contact Form

I, Regina P. Bottomley, hereby designate my son, Brandon J. Bottomley, as my next of kin in the event of my death or incapacitation.

Name: Brandon J. Bottomley
Address: 456 Elmwood Drive, Apartment 3B, Anytown, USA 12345
Phone: 555-8765
Email: [bjb@bottomley.com](mailto:bjb@bottomley.com)

I also designate my daughter, Sophia R. Bottomley, as an alternate next of kin.

Name: Sophia R. Bottomley
Address: 456 Elmwood Drive, Apartment 3C, Anytown, USA 12345
Phone: 555-3210
Email: [srb@bottomley.com](mailto:srb@bottomley.com)

Bank Account Information (for payment of funeral expenses):

Account Holder Name: Regina P. Bottomley
Account Number: 011234567890
Routing Number: 012345678901

Bank Name: First National Bank of Anytown
Branch Name: Main Street Branch

I, Regina P. Bottomley, certify that the above information is true and accurate to the best of my knowledge.

Signature: Regina P. Bottomley

Date: February 10, 2022",Patient Administrative,RESTRICTED,generated,patient next of kin and emergency contact form
"Brent Waters
123 Oakwood Drive
Apt 4
Springfield, IL 62704
(217) 345-0198
bwaters@springfield.com

I am the next of kin for patient #4211 and have authorized medical personnel to make decisions regarding their care in my absence.

For billing and payment purposes only:

Account Number: SFW-000123
Bank Name: First Springfield Bank
Routing Number: 011564972
Checking Account Holder Name: Brent Waters
Address: 123 Oakwood Drive, Apt 4, Springfield, IL 62704

If I am unavailable to receive phone calls or visits regarding patient #4211's care, please contact the following individuals:

- My spouse, Karen Brown, at (815) 567-8320 or kbrown@springfield.com
- My mother, Phyllis Johnson, at (309) 456-2198 or pjohnson@SpringfieldIL.org

Patient #4211 has provided me with the following emergency contact information:

- Brother, Todd Walker, at (217) 982-7654 or twalker@springfield.com",Patient Administrative,RESTRICTED,generated,patient next of kin and emergency contact form
"Name: Emily J. Wilson
Address: 145 Elmwood Drive
City, State Zip: Oakdale, CA 94542
Phone: 555-0921
Email: ewilson123@gmail.com

Next of Kin:

Name: David K. Lee
Relationship: Son
Address: 201 Maple Street
City, State Zip: Oakdale, CA 94542
Phone: 555-0100
Email: dlee567@outlook.com

Emergency Contact Information:

Name: Sarah M. Kim
Relationship: Daughter-in-Law
Address: 345 Oak Street
City, State Zip: Oakdale, CA 94542
Phone: 555-0832
Email: skim789@gmail.com

Bank Account Information (for emergency funds):

Account Type: Savings Account
Account Number: 0012345678
Routing Number: ghijklm1234
Bank Name: Pacific Coast Bank

Additional Contact Information:

Name: James R. Davis
Relationship: Grandfather
Address: 678 Cedar Street
City, State Zip: Oakdale, CA 94542
Phone: 555-0468
Email: jadavis901@Yahoo.com

Please note that all bank account information is entirely fictitious and should not be used for any actual financial transactions.",Patient Administrative,RESTRICTED,generated,patient next of kin and emergency contact form
"Emily Wilson, 32 Main Street, Apt 3B, Anytown, USA 12345
(555) 876-2345 | emily.wilson@email.com

Next of Kin Information:

John Lee, Father
123 Oak Street, Apt 2A, Anytown, USA 12345
(555) 456-7890 | john.lee@companyx.com

Emergency Contact Information:

Jane Doe, Mother
456 Maple Street, Apt 1B, Othertown, USA 90123
(555) 234-5678 | jane.doe@hospital.org

Personal Details:

* Date of Birth: February 12, 1991
* Social Security Number: 987-65-4321
* Address for Delivery of Mail: 32 Main Street, Apt 3B, Anytown, USA 12345

Bank Information for Payment Arrangements:

Account Holder: Emily Wilson
Account Number: 0123456789
Routing Number: 0112345678
Bank Name: First National Bank of Anytown
Bank Address: 789 Broadway, Anytown, USA 12345

Payment Details:
- Insurance Policy: XYZ Insurance
- Policy Number: 0012345678
- Annual Deductible: $1000.00",Patient Administrative,RESTRICTED,generated,patient next of kin and emergency contact form
"Emily Wilson
123 Maple Drive
Anytown, CA 01234
(555) 234-5678
emily.wilson@email.com

John Lee
456 Oak Street
Othertown, NY 09876
(555) 901-2345
john.lee@outlook.com

Jane Smith
789 Pine Avenue
Smallville, IL 60601
(555) 111-6666
jane.smith@gmail.com

Personal Representative Information:

For the purpose of medical treatment, I hereby designate John Lee as my primary next of kin.

Bank Account Information for Payment Purposes:

Account Holder: Jane Smith
Account Number: GHFD1234
Bank Name: First Community Bank
Routing Number: 456789012
IBAN: US74-9012-1111-2345

Emergency Contact Information:

In the event of an emergency, please contact John Lee at (555) 234-5678 or Jane Smith at (555) 111-6666.

I have provided all necessary information and consent to allow medical staff to perform any required procedures. I understand that all communication regarding my care will be kept confidential.

Signature: Emily Wilson
Date: March 12, 2023",Patient Administrative,RESTRICTED,generated,patient next of kin and emergency contact form
"Beverly S. Johnson
1234 Oakdale Drive
Apt 456
Springfield, IL 62701
(555) 654-3210 | beverly.s.johnson@email.com

For Emergency Contact:
My Name:      Zara P. Thompson
Address:       876 Elm Street
City          Springfield
State         IL
Zip           62704
Phone:        (555) 121-0098
Email:        zara.p.thompson@yahoo.com


Bank Information for Payment Arrangements:
Account Holder:   Rigel N. Reed
Account Number:   1234567890
Routing Number:   111100022
Bank Name:       First American Bank
Address:          789 Broadway
City             Springfield
State            IL
Zip              62701",Patient Administrative,RESTRICTED,generated,patient next of kin and emergency contact form
"Patient Next of Kin and Emergency Contact Form

Name: Emily Wilson
Address: 789 Oakdale Drive
City: Riverview Heights
State: CA
Zip Code: 91765

Phone: 555-2198
Email: ewilson@email.com

Relationship to Patient: Mother

Next of Kin Signature: ______________________________ Date: _________

Emergency Contact Information:

Name: David Lee
Address: 123 Maple Street
City: Riverview Heights
State: CA
Zip Code: 91765

Phone: 555-3456
Email: dlee@email.com

Relationship to Patient: Father

Next of Kin Signature: ______________________________ Date: _________

Patient's Financial Information for Hospital Stay:

Bank Account Number: 0123-4567-8910
Routing Number: 123456789
Bank Name: Riverview Heights Savings Bank
Account Type: Checking

Patient's Insurance Information:

Insurance Provider: Riverview Heights Health Insurance
Policy Number: RH001234
Coverage Start Date: 01/01/2022

Please note that any information provided above is completely fictional and for demonstration purposes only.",Patient Administrative,RESTRICTED,generated,patient next of kin and emergency contact form
"Emily J. Wilson
123 Elmwood Drive
Apt 3B
Springfield, IL 62704
(217) 876-5432
emilyjwilson@email.com
emilyjwils@email.com

As Next of Kin for John R. Davis

John R. Davis
Patient ID: D-001234
Admitting Doctor: Dr. Rachel Patel
Room Number: 304
Department: Emergency Medicine

Emergency Contact Information:

* Name: Emily J. Wilson
* Relationship: Sister
* Phone: (217) 876-5432
* Email: emilyjwilson@email.com
* Address: 123 Elmwood Drive, Apt 3B, Springfield, IL 62704

Bank Account Details for John R. Davis:

* Bank Name: First National Bank of Springfield
* Account Type: Checking
* Account Number: 001234567890
* Routing Number: 0110000889
* Bank Address: 456 Maple Street, Springfield, IL 62701

Medical Insurance Information:

* Policy Holder: John R. Davis
* Policy Number: SPR-1234
* Insurance Company: Springdale Health Insurance

Other Relevant Information:
John R. Davis has a known allergy to peanuts and should not be exposed to any products containing them.

Please note that this information is for the sole purpose of the NLP classifier training project and will not be used for any real-world applications.",Patient Administrative,RESTRICTED,generated,patient next of kin and emergency contact form
"Patient Next of Kin and Emergency Contact Form

Name: Emily J. Wilson
Address: 456 Oakdale Drive
City, State ZIP: Springfield, IL 62701
Phone: 555-0198
Email: ewilson@example.com

Date of Birth: February 12, 1992
Relationship to Patient: Mother

Next of Kin Information:

Name: David K. Wilson
Address: 456 Oakdale Drive
City, State ZIP: Springfield, IL 62701
Phone: 555-0198
Email: dwilson@example.com

Emergency Contact Information:

Name: Sarah E. Lee
Address: 789 Maple Street
City, State ZIP: Champaign, IL 61820
Phone: 555-0765
Email: slee@examplemail.com

Bank Account Information (for medical expenses only):

Account Type: Checking Account
Account Number: 1234567890
Routing Number: 0112233333
Bank Name: First National Bank of Springfield",Patient Administrative,RESTRICTED,generated,patient next of kin and emergency contact form
"Patient Next of Kin and Emergency Contact Form

Name: Zara Patel
Address: 456 Elm Street, Apt 3B
City: Oakdale
State: NY
Zip: 11575
Phone: 555-8765
Email: [zapatel123@gmail.com](mailto:zapatel123@gmail.com)

Relationship to Patient: Mother

Emergency Contact Name: Ethan Kim
Address: 789 Oakwood Drive
City: Buffalo
State: NY
Zip: 14222
Phone: 555-2345
Email: [ekim456@yahoo.com](mailto:ekim456@yahoo.com)

Next of Kin Signature (required): ________________________

Patient's Emergency Contact Information for Medical Record:

* Name: Ethan Kim
* Phone: 555-2345
* Email: [ekim456@yahoo.com](mailto:ekim456@yahoo.com)
* Address: 789 Oakwood Drive, Buffalo, NY 14222

Bank Account Information (for financial assistance or billing inquiries):

* Checking Account: Zara-Patel-12345 (Routing Number: 011227878)
* Bank Name: First Community Bank
* Bank Address: 123 Main Street, Anytown, NY 12345
* Checking Account Holder: Zara Patel
* Bank Phone: 555-5678

Signature of Next of Kin/Authorized Representative (required): ________________________

Date: 02/15/2023",Patient Administrative,RESTRICTED,generated,patient next of kin and emergency contact form
"Jane Doe
123 Elm Street
Apt 456
Anytown, CA 12345
(555) 876-5432
jane.doe@email.com

For Emergency Contact Information:

John Smith
456 Oak Street
Suite 789
Othertown, NY 98765
(555) 321-0987
john.smith@fakebank.com

Bank Account Information for Patient's Emergency Expenses (if applicable):

Account Holder: Jane Doe
Account Number: 1234567890
Routing Number: 9876543210
Bank Name: Fake Bank of Anytown
Address: 123 Main Street, Apt 101, Anytown, CA 12345

Personal Details:

Jane Doe is a 42-year-old female patient admitted to the hospital for a routine check-up. She resides in a one-bedroom apartment and has no dependents.

John Smith is Jane's husband, 45 years old, and works as an accountant. He can be reached at his office or via email for any emergency inquiries.

Bank details are used solely for emergency funding purposes, in accordance with hospital policy, to ensure the patient receives necessary care without financial burden.",Patient Administrative,RESTRICTED,generated,patient next of kin and emergency contact form
"John Smith (Next of Kin)
123 Main Street, Apt 456
Anytown, USA 12345
(555) 0100 ext. 1234
john.smith@email.com

Jane Doe (Emergency Contact)
456 Elm Street
Othertown, USA 67890
(555) 1234
jane.doe@email.org

For John Smith:
Name: Emily Chen
Relationship: Sister
Phone: (555) 5678
Email: emily.chen@email.com
Address: 789 Oak Street, Apt 101
Anytown, USA 12345

For Jane Doe:
Name: Michael Patel
Relationship: Best Friend
Phone: (555) 9012
Email: michael.patel@email.net
Address: 321 Maple Street
Othertown, USA 67890

Bank Account Information (for emergency payment purposes only):
Account Name: John Smith
Account Number: 1234567890
Router Code: 111000
Sort Code: GB12 BARC

Please note that this information is for fictional training purposes only and should not be used in any real-world application.",Patient Administrative,RESTRICTED,generated,patient next of kin and emergency contact form
"Emily Wilson
123 Elm Street
Anytown, CA 01234
(555) 456-7890
emily.wilson@email.com

Next of Kin for Mr. David Lee

Name: Jane Doe
Relationship: Sister
Address: 456 Oak Street
Anytown, CA 01234
(555) 567-8901
jane.doe@email.com

Alternate Contact Information:

* Name: Michael Brown
* Relationship: Best Friend
* Address: 789 Maple Street
* Anytown, CA 01234
* (555) 901-2345
* michael.brown@email.com

Bank Account Information for Mr. David Lee (for emergency purposes only):

Account Number: 1234567890
Bank Name: First National Bank of Anytown
Routing Number: 111000088
Checkbook Number: 987654321

Please note that this information is for emergency contact purposes only and should not be used for any other purpose. All bank account information is entirely fictional.

If you are unable to reach Mr. David Lee, please attempt to contact Jane Doe or Michael Brown at the above numbers. They will be able to provide you with assistance and guidance.",Patient Administrative,RESTRICTED,generated,patient next of kin and emergency contact form
"**Patient Next of Kin and Emergency Contact Form**

**Name:** Emily Wilson
**Address:** 456 Elm Street, Apt 3B, Springfield, CO 80201
**Phone Number:** 303-876-5432
**Email:** emilywilson@email.com

I am the next of kin for Mr. David Jenkins.
**Relationship to Patient:** Son

**Patient Information:**

* **Name:** David Jenkins
* **Date of Birth:** 02/12/1975
* **Medical Record Number:** JEN-001234
* **Admitting Physician:** Dr. Rachel Lee

**Emergency Contact Information:**

* **Name:** Emily Wilson
* **Phone Number:** 303-876-5432
* **Email:** emilywilson@email.com
* **Alternate Contact Name:** Michael Davis
* **Alternate Contact Phone Number:** 555-1234

**Financial Information (for insurance purposes only):**

* **Insurance Provider:** SecureCare Insurance Co.
* **Policy Number:** SCLI-001234
* **Bank Account Information:**
 + Bank Name: First National Bank of Springfield
 + Account Number: 0012345678
 + Routing Number: 0112345678
 + Bank Address: 789 Oak Street, Springfield, CO 80201

**Additional Instructions for Emergency Contacts:**

If you are unable to reach me at the phone number listed above, please contact Dr. Rachel Lee at extension 1234.
Please also contact our hospital's security department at 555-5678 in case of an emergency.

Signature: Emily Wilson",Patient Administrative,RESTRICTED,generated,patient next of kin and emergency contact form
"Emily Wilson  
123 Elm Street  
Apt 456  
Anytown, CA 12345  
Phone: 555-8765  
Email: [ewilson@email.com](mailto:ewilson@email.com)  

To: Emily Wilson  
Date: February 22, 2023  

Dear Ms. Wilson,  

In accordance with our hospital's policies, we require that you designate a next of kin and emergency contact for your care. Please complete the following information to ensure continuity of care in case we cannot reach you directly.  

Next of Kin:  
John Davis  
456 Oak Street  
Apt 789  
Othertown, NY 12345  
Phone: 555-3456  
Email: [jdavis@email.com](mailto:jdavis@email.com)  

Emergency Contact:  
Jane Lee  
789 Maple Street  
Anytown, CA 12345  
Phone: 555-5678  
Email: [jlee@email.com](mailto:jlee@email.com)  

Please sign and return a copy of this form to us at any time if your contact information changes.  

Sincerely,  
Dr. Lisa Nguyen  
Hospital Administrator  

Signature: _________________________

Bank Details for Payment Arrangements (if applicable):  

Account Name: Emily Wilson  
Account Number: 123456789  
Routing Number: 987654321  
Bank Name: Anytown Savings Bank  

Please note that this is fictional synthetic data and should not be used in any real-world application.",Patient Administrative,RESTRICTED,generated,patient next of kin and emergency contact form
"Emily Chen
123 Elm Street
Apt 402
Springfield, IL 62704
(555) 234-5678
emilychen@email.com

Dear Emily,

We have been informed that John Smith is under our care at Springdale Hospital. As his next of kin, we kindly request that you provide the following emergency contact information:

Name: Reginald Brown
Phone Number: (555) 901-2345
Email: reggiebrown123@gmail.com

Your assistance in this matter will be greatly appreciated.

Bank Details for Payment Arrangements:

Account Name: John Smith
Account Type: Checking
Account Number: 9876543210
Routing Number: 121456789
Bank Institution: First National Bank of Springfield

Please note that all payments should be made payable to Springdale Hospital and can be sent via check or online banking. If you have any questions or concerns, please do not hesitate to contact us at (555) 123-4567.

Thank you for your cooperation in this matter.

Sincerely,
Dr. Lisa Nguyen
Hospital Administrator",Patient Administrative,RESTRICTED,generated,patient next of kin and emergency contact form
"Emily J. Wilson
123 Elm Street
Anytown, CA 01234
(555) 876-5432
emilyjwilson@email.com

To Whom It May Concern,

I am Emily J. Wilson, next of kin for Mr. David M. Lee, a patient at Oakwood Hospital. I have provided my personal and banking information below as per the hospital's request.

Banking Information:
Account Type: Checking
Account Number: 9876543210
Routing Number: 123456789
Bank Name: First National Bank of Anytown

Emergency Contact Information:

* Name: Mrs. Jane D. Brown
Address: 456 Oak Avenue, Anytown, CA 01234
Phone: (555) 111-2222
Email: janedbrow@email.com

Alternate Emergency Contact:
Name: Mr. Kevin T. Harris
Address: 789 Maple Street, Othertown, CA 00321
Phone: (555) 333-4444
Email: kevintaharris@email.com

Please feel free to contact me at any time regarding my husband's medical care or well-being.

Sincerely,
Emily J. Wilson",Patient Administrative,RESTRICTED,generated,patient next of kin and emergency contact form
"Emily Wilson
123 Oak Drive
Anytown, CA 01234
(555) 456-7890
emily.wilson@email.com

To Whom It May Concern,

I am the next of kin for Mr. David Lee, who is currently a patient at Anytown Hospital. My contact information is as follows:

Phone: (555) 0100
Email: david.lee.parent@email.com

Bank Information:
Account Holder: David Lee
Account Number: 9876543210
Routing Number: 123456789
Bank Name: First National Bank of Anytown

Please feel free to contact me at any time regarding my son's medical status or if there are any changes to his care plan.

If you require any additional information from me, please do not hesitate to reach out. I can be contacted during the following hours:

Monday - Friday, 9am - 5pm PST

Thank you for your attention to this matter.

Sincerely,
Emily Wilson",Patient Administrative,RESTRICTED,generated,patient next of kin and emergency contact form
"Patient Next of Kin and Emergency Contact Form

Name: Emily Wilson
Address: 456 Oakdale Drive
City: Anytown, State: IL 12345
Phone: 555-0211
Email: ewilson@email.com

Relationship to Patient: Mother
Emergency Contact Name: John Lee
Address: 789 Maple Street
City: Othertown, State: IN 67890
Phone: 555-0098
Email: jlee@email.org

Relationship to Patient: Father
Emergency Contact Name: Sarah Taylor
Address: 321 Pine Boulevard
City: Smallville, State: MI 98765
Phone: 555-0077
Email: staylor@email.net

Patient Bank Account Information (for payment purposes only):
Account Number: 1234567890
Bank Name: First National Bank of Anytown
Routing Number: 0112345678
Account Type: Checking

Additional Contact Information:
Name: Dr. Lisa Nguyen
Address: 901 Cedar Street
City: Bigcity, State: CA 54321
Phone: 555-0055
Email: lnguyen@email.doc

Name: Mr. James Davis
Address: 456 Elm Street
City: Suburbsville, State: OH 11111
Phone: 555-0044
Email: jdavis@email.com",Patient Administrative,RESTRICTED,generated,patient next of kin and emergency contact form
"Patient Next of Kin and Emergency Contact Form

Patient Information:

Name: Emily Chen
Date of Birth: 02/12/1995
Address: 456 Oakwood Drive
City, State, Zip: Denver, CO 80210
Phone Number: 303-456-7890
Email: ecchen@email.com

Next of Kin Information:

Name: Michael Patel
Relationship: Father
Address: 456 Oakwood Drive
City, State, Zip: Denver, CO 80210
Phone Number: 303-987-6543
Email: mpatel@email.com

Emergency Contact Information:

Name: Sophia Rodriguez
Relationship: Aunt
Address: 456 Oakwood Drive
City, State, Zip: Denver, CO 80210
Phone Number: 303-123-4567
Email: srodriguez@email.com

Bank Account Information (for medical expenses only):

Account Type: Savings
Account Number: 1234567890
Routing Number: 111000027
Bank Name: First National Bank of Denver

Additional Information:

Please note that our patient, Emily Chen, has a history of allergies and is sensitive to certain medications. Please ensure all medications are dispensed with caution.

 Signature of authorized representative (parent/guardian): ________________________
Date: 02/22/2023",Patient Administrative,RESTRICTED,generated,patient next of kin and emergency contact form
"Here is a fictional patient next of kin and emergency contact form:

Emily Wilson
123 Oakwood Drive
Anytown, CA 12345
(555) 234-5678
emily.wilson@email.com

John Smith
Next of Kin:

Occupation: Retired Teacher
Date of Birth: February 12, 1975

In the event of an emergency, please contact John at his cell phone (555) 012-3456 or through our hospital's secure messaging system.

Bank Information for Bill Payment:
Account Type: Checking
Account Number: 9876543210
Routing Number: ghijkl123456789
Bank Name: First National Bank of Anytown

Please note that any financial assistance or donations should be made to Emily Wilson, care of the Wilson Family Trust, at the following address:

Emily Wilson
c/o Wilson Family Trust
456 Maple Street
Anytown, CA 12345

If you are a family member and would like to provide emergency contact information, please use the space below:

_____________________________________________________________________
_____________________________________________________________________",Patient Administrative,RESTRICTED,generated,patient next of kin and emergency contact form
"Zara P. Jenkins
123 Maple Ridge Drive
Anytown, CA 95864
(555) 345-2198
zjenkins@email.com

Bryan E. Flynn
456 Elm Street
Othertown, IL 62544
(708) 902-0134
bflynn@gmail.com

We have been authorized to release medical information about the following patient(s):

Johnathan P. Wilson
 Patient ID: JW-123456

 Name: Johnathan Patrick Wilson
 Date of Birth: February 12, 1995
 Relationship: Son

 Name: Emily R. Wilson
 Date of Birth: October 27, 1998
 Relationship: Daughter

 Name: David J. Wilson
 Date of Birth: January 22, 1962
 Relationship: Father

 Name: Karen A. Wilson
 Date of Birth: June 18, 1965
 Relationship: Mother

 Bank Account Information for Payment:
Account Holder: Johnathan P. Wilson
 Account Number: 9876543210
 Bank Name: First National Bank
 Routing Number: 123456789

Please direct all inquiries or payments to the above information.

If you are not a family member, please contact our office at (555) 010-1100",Patient Administrative,RESTRICTED,generated,patient next of kin and emergency contact form
"John Doe 
123 Maple Street 
Apt 456 
Springfield, IL 62701 
(555) 123-4567 
[johndoe@email.com](mailto:johndoe@email.com)

Jane Smith 
456 Oak Avenue 
Springfield, IL 62704 
(555) 789-0123 
[janesmith@email.com](mailto:janesmith@email.com)
Bank Account: 0012345678901234
Bank Institution: Fake Bank of America
Account Holder Name: Jane Doe

Zachary Brown 
789 Pine Street 
Springfield, IL 62703 
(555) 111-2222 
[zachbrown@email.com](mailto:zachbrown@email.com)
Bank Account: 2345678901234567
Bank Institution: Fake Wells Fargo Bank
Account Holder Name: Zachary Brown

Emergency Contact Information:

Name: Emily Wilson 
Address: 901 Elm Street 
City, State Zip: Springfield, IL 62702 
Phone: (555) 345-6789 
Email: emiliewilson@email.com 

Name: Michael Davis 
Address: 234 Broadway 
City, State Zip: Springfield, IL 62701 
Phone: (555) 901-2345 
Email: michaeldavis@email.com",Patient Administrative,RESTRICTED,generated,patient next of kin and emergency contact form
"Name: Emily Wilson
Address: 456 Elm Street
City: Springfield
State: IL
Zip: 62701
Phone: 555-2345
Email: ewilson@gmail.com

Next of Kin:
Name: David Lee
Relationship: Father
Address: 789 Oak Street
City: Springfield
State: IL
Zip: 62704
Phone: 555-0123
Email: dlee123@yahoo.com

Emergency Contact:
Name: Rachel Patel
Relationship: Mother
Address: 901 Pine Street
City: Springfield
State: IL
Zip: 62702
Phone: 555-8765
Email: rpatel@outlook.com

Bank Account Details (for financial assistance):
Account Number: 1234567890
Routing Number: 1111002222
Bank Name: First National Bank of Springfield
Address: 234 Main Street, Springfield, IL 62701
Phone: 555-5678
Email: [info@fnbspringfield.com](mailto:info@fnbspringfield.com)

Additional Information:
If you need financial assistance for your loved one's treatment, please contact us at the above bank account details. We also accept donations in lieu of flowers to support our hospital's charity fund.

Please note that any information provided on this form will be kept confidential and used solely for medical purposes.",Patient Administrative,RESTRICTED,generated,patient next of kin and emergency contact form
"Patient Next of Kin and Emergency Contact Form

Name of Patient: Emily Wilson
Address: 456 Elm Street, Apt 3B, Anytown, CA 12345
City, State, Zip: Anytown, CA 12345
Phone Number: 555-0211
Email: ewilson@email.com

Name of Next of Kin: David Lee
Relationship to Patient: Brother
Address: 789 Oak Street, Anytown, CA 12345
City, State, Zip: Anytown, CA 12345
Phone Number: 555-0987
Email: dlee@email.com

Bank Information (for financial updates):
Account Type: Checking
Account Number: 1234567890
Routing Number: 9876543210
Bank Name: First National Bank of Anytown
Branch Address: 901 Broadway, Anytown, CA 12345
City, State, Zip: Anytown, CA 12345

Emergency Contact Information:
Name: Sarah Kim
Relationship to Patient: Friend
Address: 234 Maple Street, Anytown, CA 12345
City, State, Zip: Anytown, CA 12345
Phone Number: 555-1111
Email: skim@email.com

Alternate Emergency Contact Information (in case of initial contact unavailable):
Name: John Taylor
Relationship to Patient: Neighbor
Address: 567 Pine Street, Anytown, CA 12345
City, State, Zip: Anytown, CA 12345
Phone Number: 555-2222
Email: jtaylor@email.com

Please note that this document is for synthetic training purposes only and should not be used in any real-world application.",Patient Administrative,RESTRICTED,generated,patient next of kin and emergency contact form
"Patient Next of Kin and Emergency Contact Form

Name: Emily J. Wilson
Address: 456 Oakwood Drive, Apt 3B
City: Springfield
State: IL
Zip: 62704
Phone: 555-8765
Email: ejwilson@email.com

Emergency Contact Information:

Next of Kin: David M. Lee
Address: 789 Maple Street
City: Springfield
State: IL
Zip: 62702
Phone: 555-1234
Email: dlee@email.com

Alternate Emergency Contact: Sarah K. Brown
Address: 901 Elm Court
City: Springfield
State: IL
Zip: 62705
Phone: 555-5678
Email: sbrown@email.com

Bank Information (for financial assistance):
Bank Name: First American Bank of Springfield
Account Number: 123456789
Routing Number: 021000211
Bank Address: 234 W. Jefferson Blvd, Springfield, IL 62701

Personal Details:
Patient's Date of Birth: February 12, 1992
Patient's Social Security Number: 987654321
Patient's Insurance Provider: Springfield Health Plan

Special Instructions for Emergency Contacts:
Please contact David M. Lee at 555-1234 if you are unable to reach Emily J. Wilson.
If no answer, please contact Sarah K. Brown at 555-5678.

Please verify the accuracy of this information and complete as necessary.",Patient Administrative,RESTRICTED,generated,patient next of kin and emergency contact form
"John Smith
123 Main Street
Anytown, CA 12345
(555) 0100 ext. 1234
john.smith@email.com

Jane Doe
456 Elm Street
Othertown, NJ 67890
(555) 0987 ext. 5678
jane.doe@email.org

Brenda Johnson
789 Oak Avenue
Smallville, CO 34567
(555) 7654 ext. 9012
brenda.johnson@email.net

For Emergency Contact Information:

* Name: Michael Davis
* Address: 321 Pine Street
* Phone Number: (555) 2345 ext. 1111
* Email: michael.davis@email.io

Bank Account Information for Payment Arrangements (if applicable):

* Account Holder: Emily Lee
* Bank Name: Central Bank of USA
* Account Number: 9876543210
* Routing Number: 1234567890
* Checking Account Type: Checking

Additional Emergency Contact:
Ryan Thompson
741 Maple Street
Faraway, TX 99999
(555) 6789 ext. 2222
ryan.thompson@email.com",Patient Administrative,RESTRICTED,generated,patient next of kin and emergency contact form
"Patient Next of Kin and Emergency Contact Form

Name: Emily J. Wilson
Address: 456 Elm Street, Apt 3B, Springfield, IL 62701
Phone: 555-8765

Email: ewilson92@gmail.com

Next of Kin Information:
Name: Mr. Ryan T. Jenkins
Relationship: Husband
Address: 789 Oak Street, Springfield, IL 62702
Phone: 555-3123
Email: rjenkins45@yahoo.com

Emergency Contact Information:
Name: Mrs. Sophia R. Patel
Relationship: Mother
Address: 321 Maple Street, Springfield, IL 62704
Phone: 555-6542
Email: spatel123@gmail.com

Bank Account Information (for emergency payments):
Account Name: Emily J. Wilson
Account Number: 9456232101
Routing Number: 021003009
Bank Name: First National Bank of Springfield

Additional Emergency Contact Information:
Name: Dr. Lisa Nguyen
Relationship: Family Friend
Phone: 555-9012
Email: lnguyen MD@gmail.com",Patient Administrative,RESTRICTED,generated,patient next of kin and emergency contact form
"Emily J. Wilson
123 Elmwood Drive
Apt 304
Springfield, IL 62704
(217) 345-6789
emilyjwilson@email.com

Oliver W. Brown
No emergency contact is available.

John P. Davis
555 Oak Street
Carbondale, IL 62901
(618) 456-7890
jpdsrft@gmail.com

Jane D. Lee
No emergency contact is available.

Michael T. Reed
123 Maple Lane
Marion, IA 52302
(319) 567-8901
mtreed@bankofnewamerica.net

Olivia A. Hall
4 Pine Ridge Road
Bloomington, IL 61701
(309) 321-4321
ohall@springfieldtrust.com

Ryan M. Patel
123 Cedar Street
Champaign, IL 61820
(217) 901-2345
rpatelpatel@newamericacreditunion.org",Patient Administrative,RESTRICTED,generated,patient next of kin and emergency contact form
"Emily Wilson
123 Oakwood Drive
Anytown, USA 12345
(555) 765-4321
emilywilson@email.com

John Lee
456 Maple Street
Othertown, USA 67890
(555) 234-5678
johnlee@email.org

Patient: David Harris
Admission Number: DH001
Date of Birth: February 12, 1990
Relationship to Patient: Son

Next of Kin:

* Name: Emily Wilson
* Address: 123 Oakwood Drive, Anytown, USA 12345
* Phone: (555) 765-4321
* Email: emilywilson@email.com
* Bank Account Number: 00123456789
* Bank Account Type: Checking

Emergency Contact:

* Name: John Lee
* Address: 456 Maple Street, Othertown, USA 67890
* Phone: (555) 234-5678
* Email: johnlee@email.org
* Bank Account Number: 00012345678
* Bank Account Type: Savings

Please note that all financial transactions will be processed through the hospital's finance department. Any payments made on behalf of Mr. Harris should be directed to:

Hospitals Finance Department
Patient DH001
Anytown, USA 12345",Patient Administrative,RESTRICTED,generated,patient next of kin and emergency contact form
"John Smith
123 Main Street
Anytown, USA 12345
(555) 0100
[john.smith@email.com](mailto:joh smith@email.com)

Jane Doe
456 Elm Street
Othertown, USA 67890
(555) 0200
[jane.doe@email.com](mailto:jane.doe@email.com)

We have been asked to provide emergency contact information for our patient, John Smith.

In the event of an accident or illness, please call one of the following individuals:

John's Emergency Contact: Emily Wilson
741 Oak Street
Anytown, USA 12345
(555) 0300
[emily.wilson@email.com](mailto:emily.wilson@email.com)

Jane's Emergency Contact: Michael Brown
890 Pine Street
Othertown, USA 67890
(555) 0400
[michael.brown@email.com](mailto:michael.brown@email.com)

We would appreciate it if you could keep these numbers handy in case of an emergency.

Bank Account Information (for insurance purposes only):

John Smith's Bank Account: 1234567890
Account Type: Checking
Bank Name: Anytown Community Bank
Routing Number: 123456789

Jane Doe's Bank Account: 9876543210
Account Type: Savings
Bank Name: Othertown Bank and Trust
Routing Number: 6543210987",Patient Administrative,RESTRICTED,generated,patient next of kin and emergency contact form
"Here is a fictional patient next of kin and emergency contact form:

Emily J. Wilson
123 Oakwood Drive
Apt 4B
Springfield, IL 62704
(555) 456-7890
ewilson92@gmail.com

Next of Kin Information:
Name: David Lee
Relationship: Son
Address: 456 Maple Street
Springfield, IL 62703
Phone: (555) 234-5678
Email: dlee123@yahoo.com

Emergency Contact Information:
Name: Rachel Brown
Relationship: Daughter
Address: 789 Pine Street
Springfield, IL 62705
Phone: (555) 987-6543
Email: rbrown456@hotmail.com

Bank Account Information (for emergency payments):
Account Holder: Emily J. Wilson
Account Number: 1234567890
Bank Name: Springtown National Bank
Branch Location: 901 Elm Street, Springfield, IL 62701
SWIFT Code: SBNNUSFF

Additional Contact Information:
Name: Kevin White
Phone: (555) 111-2222
Email: kwhite789@gmail.com

Please note that this information is completely fictional and should not be used for any real-world purposes.",Patient Administrative,RESTRICTED,generated,patient next of kin and emergency contact form
"Emily Wilson  
123 Elm Street  
Apt 456  
Anytown, CA 12345  
(555) 876-5432  

emiliewilson@email.com  

Bank Account Details for Emergency Funds:
Account Holder: Emily Wilson
Account Number: 9876543210
Routing Number: 1234567890
Bank Name: Anytown Bank & Trust

Dr. Lisa Nguyen  
123 Main Street  
Suite 100  
Anytown, CA 12345  
(555) 010-1111  

lisanhnguyen@email.com  

Bank Account Details for Emergency Funds:
Account Holder: Dr. Lisa Nguyen
Account Number: 5432109876
Routing Number: 7890123456
Bank Name: Anytown Bank & Trust

Jane Doe  
456 Oak Street  
Anytown, CA 12345  
(555) 555-5555  

janedoe@email.com  

Bank Account Details for Emergency Funds:
Account Holder: Jane Doe
Account Number: 3210987654
Routing Number: 3456789012
Bank Name: Anytown Bank & Trust

Barry White  
789 Maple Street  
Anytown, CA 12345  
(555) 222-2222  

barrywhite@email.com  

Bank Account Details for Emergency Funds:
Account Holder: Barry White
Account Number: 7654321098
Routing Number: 0123456789
Bank Name: Anytown Bank & Trust",Patient Administrative,RESTRICTED,generated,patient next of kin and emergency contact form
"Brentley Reynolds
123 Main Street, Apt 456
Anytown, CA 95105
(555) 384-2198 | brentley.reynolds@gmail.com

Emergency Contact Information:

Name: Kalliope ""Kae"" Patterson
Address: 789 Oakwood Drive
City, State ZIP | (876) 543-2100 | kalliope.patterson@yahoo.com

Bank Account Information for Emergency Payments:

Account Holder Name: Brentley Reynolds
Account Number: 9834-2198-7654-3210
Routing Number: 121456789
Bank Name: First National Bank of Anytown",Patient Administrative,RESTRICTED,generated,patient next of kin and emergency contact form
"**Patient Next of Kin and Emergency Contact Form**

**Patient Information:**
Name: Emily Wilson
Date of Birth: 12/25/1995
Address: 456 Elm Street, Apartment 3B
City, State, Zip: Oakdale, CA 94536
Phone: 510-123-4567
Email: ewilson@email.com

**Next of Kin Information:**

* Name: James Wilson (father)
Address: 456 Elm Street, Apartment 3B
City, State, Zip: Oakdale, CA 94536
Phone: 555-0100
Email: jwilsong@email.org

* Name: Sarah Lee (mother)
Address: 789 Maple Street, Suite 400
City, State, Zip: San Francisco, CA 94111
Phone: 415-678-9023
Email: sleeg@email.com

**Emergency Contact Information:**

* Name: Dr. Lisa Nguyen
Address: 1234 Oak Street, Suite 101
City, State, Zip: Oakland, CA 94608
Phone: 510-765-4321
Email: lnguyen@email.org

Bank Account Information (for financial emergency):
Account Type: Checking
Account Number: 9876543210
Routing Number: 1234567890
Bank Name: Pacific Coast Bank

**Additional Information:**

Emily Wilson is a 28-year-old patient with a history of diabetes and allergies. She requires insulin injections twice daily and has a severe peanut allergy.

Please contact the above individuals in case of an emergency, or call 911 if necessary.",Patient Administrative,RESTRICTED,generated,patient next of kin and emergency contact form
"John Smith
123 Main Street
Anytown, CA 12345
(555) 0100 ext. 1234
[john.smith@email.com](mailto:joh.smith@email.com)

Jane Doe
456 Elm Street
Othertown, NY 67890
(555) 0200 ext. 5678
[jane.doe@email.com](mailto:jane.doe@email.com)

Dear Sir/Madam,

I am the next of kin for John Smith and Jane Doe, listed below.

**John Smith**

Bank Account: 9876543210 ABCDEFGH1234
Account Type: Checking
Last 4 Digits: 4321

Personal Details:
- Date of Birth: 02/15/1992
- Social Security Number: 453-21-0987
- Height: 5'10""
- Weight: 170 lbs
- Occupation: Software Engineer
- Marital Status: Married

**Jane Doe**

Bank Account: 8765432109 GHJKLMNP1234
Account Type: Savings
Last 4 Digits: 5678

Personal Details:
- Date of Birth: 08/25/1995
- Social Security Number: 921-54-0398
- Height: 5'6""
- Weight: 130 lbs
- Occupation: Nurse Practitioner
- Marital Status: Single

If you require any further information or would like to confirm the details, please don't hesitate to contact me.

Sincerely,
 Emily Johnson",Patient Administrative,RESTRICTED,generated,patient next of kin and emergency contact form
"Patient Next of Kin and Emergency Contact Form

Name: Emily Chen
Address: 456 Oakdale Drive, Apt 3B
City: Springville
State: NV
Zip: 89705
Phone: 702-765-4321
Email: emily.chen@email.com

Name: David Patel
Address: 123 Maple Street
City: Reno
State: NV
Zip: 89502
Phone: 775-456-7890
Email: david.patel@email.org

Relationship to Patient: Mother (Emily Chen)
Relationship to Patient: Father (David Patel)

Next of Kin Information:

* Emily Chen:
	+ Phone: 702-765-4321
	+ Email: emily.chen@email.com
	+ Relationship: Primary Next of Kin
* David Patel:
	+ Phone: 775-456-7890
	+ Email: david.patel@email.org
	+ Relationship: Alternate Next of Kin

Emergency Contact Information:

* Emily Chen:
	+ Name: John Lee
	+ Phone: 702-901-2345
	+ Address: 789 Pine Street, Apt 2A
* David Patel:
	+ Name: Sarah Kim
	+ Phone: 775-234-5678
	+ Address: 321 Elm Street

Bank Account Information (for financial assistance):
Account Holder: Emily Chen
Account Number: 123456789
Routing Number: 111000177
Bank Name: Pacific Coast Bank and Trust

Please note that this information is solely for fictional purposes and should not be used in any real-world context.",Patient Administrative,RESTRICTED,generated,patient next of kin and emergency contact form
"Emily Wilson
123 Maple Ridge Drive
Anytown, CA 01234
Phone: (555) 876-5432
Email: [ewilson@email.com](mailto:ewilson@email.com)
Bank Account: 9876543210 @ First National Bank of Anytown

John Smith
456 Oakwood Place
Othertown, NJ 09876
Phone: (555) 123-4567
Email: [jsmith@email.com](mailto:jsmith@email.com)
Bank Account: 5432109876 @ Bank of Othertown

Jane Doe
789 Cedarview Drive
Smallville, IL 60611
Phone: (555) 901-2345
Email: [jane.doe@email.com](mailto:jane.doe@email.com)
Bank Account: 3210987654 @ First Illinois Bank

To Whom It May Concern,

We are providing the following emergency contact and financial information for each of our patients:

Emily Wilson - (555) 876-5432, ewilson@email.com
John Smith - (555) 123-4567, jsmith@email.com
Jane Doe - (555) 901-2345, jane.doe@email.com

We would like to make arrangements for medical bills to be sent to the following accounts:

Emily Wilson - First National Bank of Anytown: 9876543210
John Smith - Bank of Othertown: 5432109876
Jane Doe - First Illinois Bank: 3210987654

Please let us know if there are any issues with processing these payments.

Sincerely,
Dr. Lee",Patient Administrative,RESTRICTED,generated,patient next of kin and emergency contact form
"John Smith, 32, of 123 Main Street, Anytown, CA 12345, (555) 0100 x1234, <john.smith@email.com>, is a patient at our hospital. His next of kin is his wife, Jane Doe, 31, of the same address, (555) 2345 x5678, <jane.doe@email.com>.

Jane has provided her emergency contact information as follows:

* Primary Contact: John's father, Bob Johnson, 62, of 456 Elm Street, Anytown, CA 12345, (555) 3456 x9012, <bob.johnson@email.com>.
* Secondary Contact: John's sister, Emily Lee, 28, of 789 Oak Street, Othertown, CA 90210, (555) 6789 x1111, <emily.lee@email.com>.

For medical billing purposes, please use the following bank account information:

Bank Name: Anytown Community Bank
Account Number: 1234567890
Routing Number: 0123456789
Check Writing Information: John Smith
Payee Information: [Hospital Name]

Please note that all payments should be made payable to ""Anytown Community Hospital"" and mailed to the address listed above.

Jane Doe has provided written authorization for John's emergency treatment, which includes access to his medical records, laboratory results, and other relevant information.

All communication regarding John Smith's care should be directed to Jane Doe at (555) 2345 x5678 or <jane.doe@email.com>.",Patient Administrative,RESTRICTED,generated,patient next of kin and emergency contact form
"Zara P. Patel
123 Oakwood Drive
Apt 4B
Springfield, IL 62704
(555) 876-5432
zarapatel@email.com

Emergency Contact Information:

* Name: Ethan T. Lee
* Relationship: Brother-in-law
* Phone Number: (555) 321-9876
* Email: ethantlee123@gmail.com

Bank Account Information for Insurance Payments:
Account Holder: John P. Smith
Account Number: 123456789
Routing Number: 012345678
 Bank Name: First National Bank of Springfield

Personal Details:

Zara is married to David Patel and has two children, Emily and Michael. She works as a teacher at Oakwood Elementary School.

Ethan Lee is Zara's brother-in-law and has been helping her with household chores since her recent surgery. He is a freelance writer and is available 24/7 for any medical emergencies.

In the event of Zara's hospitalization, Ethan can be reached at his email address or phone number listed above. He has been authorized by Zara to make medical decisions on her behalf if necessary.

Please note that this information may not be up-to-date and is subject to change as circumstances evolve.",Patient Administrative,RESTRICTED,generated,patient next of kin and emergency contact form
"Jane Doe
123 Elm Street
Apt 4B
Anytown, CA 12345
(555) 012-3456
jane.doe@email.com

Emergency Contact Information:

John Smith
456 Oak Avenue
Anytown, CA 12345
(555) 789-0123
john.smith@email.com

Bank Details for Payment Arrangements:
Account Holder: Emily Chen
Account Number: 1234567890
Routing Number: 1123456789
Bank Name: First National Bank of Anytown

Patient Information:

Name: Michael Johnson
Date of Birth: 02/12/1995
Social Security Number: 923-54-8216
Medical Insurance: Anytown Medical Plan

Next of Kin:
Name: Sarah Lee
Relationship: Mother
Address: 789 Maple Street, Apt 2A
Anytown, CA 12345
(555) 345-6789
sarah.lee@email.com

Emergency Contact Information:

David Kim
901 Pine Street
Anytown, CA 12345
(555) 012-3456
david.kim@email.com",Patient Administrative,RESTRICTED,generated,patient next of kin and emergency contact form
"Brentley Owens
123 Elmwood Drive
Apt 4B
Springfield, IL 62704
(217) 123-4567
brentley.owens@gmail.com

Jane Keller
456 Oak Street
Springfield, IL 62702
(217) 765-4321
jane.keller@outlook.com

I, Brentley Owens, hereby designate Jane Keller as my next of kin in the event of my incapacity or death. She is a resident of Springfield, Illinois, and has been aware of my medical history and treatment plans.

Jane Keller's contact information is as follows:

- Phone: (217) 123-4567
- Email: jane.keller@outlook.com

My emergency contact for financial matters is Harold Lee at First National Bank of Springfield:
Account Number: 1122334455
Routing Number: 1210007890
Bank Address: 789 Broadway, Suite 100, Springfield, IL 62701
Phone: (217) 901-2345

Jane Keller has been aware of my financial situation and is authorized to make decisions regarding my bank accounts. If I am unable to manage my finances due to illness or incapacity, she will ensure that my accounts are managed in accordance with my wishes.

I have reviewed this form with Jane Keller and have given her my consent to be listed as my next of kin.

Signature: Brentley Owens

Date: February 10, 2023",Patient Administrative,RESTRICTED,generated,patient next of kin and emergency contact form
"Here is a fictional patient next of kin and emergency contact form:

Emily Wilson
123 Maple Ridge Drive
Anytown, CA 12345
(555) 876-5432
emily.wilson@email.com
Bank Account: 9876-5432-1098-3210 (HSBC), Routing # 011876

Next of Kin:
Name: James Reed
Address: 456 Elm Street
Anytown, CA 12345
(555) 567-8901
james.reed@email.com
Bank Account: 7654-3210-0987-6543 (Wells Fargo), Routing # 023456

Emergency Contact:
Name: Sarah Lee
Address: 789 Oak Avenue
Anytown, CA 12345
(555) 901-2345
sarah.lee@email.com
Bank Account: 5432-9876-1098-3210 (Bank of America), Routing # 098765

Relationship to Patient:
Emily Wilson is the mother of John Wilson.
James Reed is Emily's brother-in-law.

Please contact these individuals in case of an emergency or if you have any questions regarding the care and well-being of the patient, John Wilson.",Patient Administrative,RESTRICTED,generated,patient next of kin and emergency contact form
"Emily Chen, 32, 456 Elmwood Drive, Apt 3B, Anytown, USA 12345 (555) 876-5432, emily.chen@email.com
John Smith, 55, 789 Oak Street, Barstownton, NY 10510 (914) 392-6543, john.smith@example.org

Next of Kin: John Smith (Emergency Contact)
Relationship: Mother
Phone: (914) 392-6543
Email: john.smith@example.org

Patient Name: Emily Chen
Date of Birth: February 12, 1991
Address: 456 Elmwood Drive, Apt 3B, Anytown, USA 12345

Financial Information for Emergency Medical Expenses:
Account Type: Checking
Account Number: 4210-0239-8765
Bank Name: First Community Bank
Routing Number: 02-7416",Patient Administrative,RESTRICTED,generated,patient next of kin and emergency contact form
"**Patient Next of Kin and Emergency Contact Form**

Emily J. Wilson
123 Oakwood Drive
Apt 4B
Springfield, IL 62704
(555) 010-2345
emilyjwilson@email.com

**Next of Kin Information:**
The patient listed above has designated Emily J. Wilson as their next of kin.

**Emergency Contact Information:**
In the event of an emergency, please contact:

David L. Lee
456 Maple Street
Springfield, IL 62702
(555) 098-7654
davidllee@email.com

**Bank Account Information (for payment of medical expenses):**
Account Number: 234567890123
Bank Name: Springdale Community Bank
Routing Number: 0123456789
Account Type: Savings

**Additional Contact Information:**

* Patient's Doctor: Dr. Rachel M. Brown, 789 Pine Street, Springfield, IL 62701 (555) 045-6789
* Hospital Facility: Springfield General Hospital, 123 Main St, Springfield, IL 62704

Please note that any information provided above is entirely fictional and for testing purposes only.",Patient Administrative,RESTRICTED,generated,patient next of kin and emergency contact form
"Patient Next of Kin and Emergency Contact Form

Name: Emily J. Wilson
Address: 456 Elm Street, Apt 3B, Springfield, IL 62704
Phone: 555-0872
Email: ewilson123@gmail.com

Relationship to Patient: Mother
Emergency Contact Information:
Name: David K. Johnson
Address: 234 Oak Street, Springfield, IL 62702
Phone: 555-6543
Email: djohnson92@yahoo.com

Patient's Bank Information (for emergency payment purposes only):
Account Number: 9876543210
Bank Name: First National Bank of Springfield
Branch Address: 789 Main Street, Springfield, IL 62701
Routing Number: 123456789

Additional Emergency Contact:
Name: Sarah E. Lee
Address: 901 Pine Street, Apt 2A, Springfield, IL 62703
Phone: 555-7654
Email: slee123@gmail.com

Please note that all financial transactions will be handled through the Patient's bank account above. If you have any questions or concerns regarding this form, please do not hesitate to contact us at 555-0872.

Signature: _____________________________
Date: __________________________________",Patient Administrative,RESTRICTED,generated,patient next of kin and emergency contact form
"Regina P. Bottomsworth
123 Oakwood Drive
Apt 3B
Springfield, IL 62704
(555) 876-5432
regina.bottomsworth@email.com

For emergency purposes only:

Derek W. Jenkins
456 Maple Street
Springfield, IL 62706
(555) 111-2222
derek.jenkins@outlook.com

Bank Information for Emergency Funds:
Account Holder: Regina P. Bottomsworth
Account Number: 9423845678
Routing Number: 1234567890
 Bank Name: First National Bank of Springfield

Personal Details:

* Medical Insurance Provider: HealthServe Inc.
* Policy Number: HSI-001234
* Emergency Contact Method: Both phone and email

Medical Conditions:
Regina has severe hay fever and is allergic to bee stings. She also takes insulin for diabetes.

If you are a friend or family member of Regina P. Bottomsworth, please contact the emergency contacts listed above in case of an emergency. They will be notified promptly.",Patient Administrative,RESTRICTED,generated,patient next of kin and emergency contact form
"Jane Doe, mother of Emily Wilson
Patient Next Of Kin and Emergency Contact Information Form

Name of Next Of Kin (Parent/Guardian): John Smith
Address: 456 Elm Street, Anytown, USA 12345

Phone Number: 555-5678
Email: [john.smith@email.com](mailto:john.smith@email.com)

Emergency Contact Name: Jane Wilson (Daughter)
Relationship to Patient: Daughter
Phone Number: 555-9012
Email: [jane.wilson@email.com](mailto:jane.wilson@email.com)

Bank Account Details for Emergency Funds:
Account Holder Name: Emily Wilson
Account Type: Checking
Account Number: 1234567890
Routing Number: 9876543210

Payment Information (for emergencies):
Credit/Debit Card Type: Visa
Card Number: 1234-5678-9012-3456
Expiration Date: 02/2026
Security Code: 123

Any other relevant information you would like to share with us about your patient's emergency contact?

Signature: _____________________________________________
Date: _______________________________________________

Please note that all payment information and bank details are fictional and for demonstration purposes only.",Patient Administrative,RESTRICTED,generated,patient next of kin and emergency contact form
"Jane Doe
Next of Kin and Emergency Contact Form

Name: Emily Wilson
Address: 456 Elm Street
Phone: 555-8765
Email: [ewilson@email.com](mailto:ewilson@email.com)

Bank Account Information for Emergency Funds:
Account Holder: David Lee
Account Number: 1234567890
Bank Name: First National Bank of Oakdale
Branch Location: 789 Oak Street

Name: Olivia Brown
Address: 901 Maple Avenue
Phone: 555-2345
Email: [obrown@email.com](mailto:obrown@email.com)

Emergency Contact Information:
Name: Ryan Thompson
Address: 321 Cedar Lane
Phone: 555-5678
Email: [rthompson@email.com](mailto:rthompson@email.com)
Relationship to Patient: Son

Additional Emergency Contacts:
Name: Ava Patel
Address: 234 Pine Street
Phone: 555-9012
Email: [apatel@email.com](mailto:apatel@email.com)

Please note that all financial transactions should be processed through the above account. In case of any emergency, please contact Ryan Thompson at 555-5678 or Olivia Brown at 555-2345.

Note: This document is for informational purposes only and should not be used in real-life situations. The information provided is entirely fictional and for training purposes only.",Patient Administrative,RESTRICTED,generated,patient next of kin and emergency contact form
"Patient Next of Kin and Emergency Contact Form

Name: Emily J. Wilson
Address: 921 Oakdale Drive
City, State ZIP: Denver, CO 80209
Phone: 303-876-2198
Email: [ewilson@email.com](mailto:ewilson@email.com)

Next of Kin Information:

* Name: James R. Lee
* Relationship: Husband
* Phone: 555-234-5678
* Email: [jlee@email.com](mailto:jlee@email.com)
* Address (same as patient): 921 Oakdale Drive, Denver, CO 80209

Emergency Contact Information:

* Name: Sarah K. Brown
* Relationship: Daughter
* Phone: 720-987-6543
* Email: [sbrown@email.com](mailto:sbrown@email.com)
* Address (same as next of kin): 123 Maple Street, Aurora, CO 80014

Bank Information (for financial authorization):
Account Holder Name: Emily J. Wilson
Account Type: Checking
Account Number: 9876543210
Routing Number: 0210001199
Bank Name: First National Bank of Colorado",Patient Administrative,RESTRICTED,generated,patient next of kin and emergency contact form
"Patient Next of Kin and Emergency Contact Form

Name: Emily Wilson
Address: 456 Elm Street
City: Springdale
State: CO
Zip: 81234
Phone: 555-3512
Email: ewilson@outlook.com

Relationship to Patient: Mother

Next of Kin Contact Information:

Name: David Kim
Address: 123 Oak Street
City: Greenfield
State: KS
Zip: 66742
Phone: 555-8190
Email: dkim@usa.net

Emergency Contact Information:

Name: Sarah Taylor
Address: 789 Pine Court
City: Lakewood
State: WA
Zip: 98405
Phone: 555-2758
Email: staylor@comcast.net

Financial Information (for billing purposes only):

Account Number: FL-123456
Bank Name: First National Bank of Springfield
Routing Number: 0210345678
Checkbook Number: 0123456789
Last Four Digits of Check: 3827",Patient Administrative,RESTRICTED,generated,patient next of kin and emergency contact form
"Regina P. Bottomsworth
Next of Kin and Emergency Contact Form

I am the next of kin for Mr. Edward T. Grimstone, who is a patient at Oakwood Hospital. My contact information is as follows:

Name: Regina P. Bottomsworth
Address: 456 Elm Street, Apt 3B
City, State, Zip: Springfield, MA 01104
Phone: 555-0123
Email: [regina.bottomsworth@gmail.com](mailto:regina.bottomsworth@gmail.com)

If I am unable to reach Mr. Grimstone directly, please contact me at the above address or phone number. I can be reached during business hours at my email address.

Mr. Grimstone's emergency contact information is as follows:

Name: Dr. Helena Anders
Address: 789 Oak Street
City, State, Zip: Springfield, MA 01103
Phone: 555-0456
Email: [helena.anders@med.org](mailto:helena.anders@med.org)

Please note that Mr. Grimstone has the following insurance information:

Insurance Provider: Springdale Health Insurance
Policy Number: SDHI-123456
Group Plan Number: SPD-98765

Bank Account Information (for billing purposes only):

Account Name: Edward T. Grimstone
Account Type: Checking
Routing Number: 234567890
Check Digit: 123
Bank Name: First National Bank of Springfield",Patient Administrative,RESTRICTED,generated,patient next of kin and emergency contact form
"Patient Next of Kin and Emergency Contact Form

Name: Emily Wilson
Address: 456 Elm Street, Apt 101
City: Oakdale
State: CA
Zip: 92057

Date of Birth: February 12, 1995
Relationship to Patient: Mother

Phone: 555-0123
Email: ewilson@email.com

Next of Kin Information:

Name: James Wilson
Address: 456 Elm Street, Apt 101
City: Oakdale
State: CA
Zip: 92057

Phone: 555-8765
Email: jwilson@email.com

Emergency Contact Information:

Name: Sarah Lee
Address: 789 Maple Street
City: Springfield
State: IL
Zip: 62704

Phone: 555-3456
Email: slee@email.com

Bank Account Details (for medical bill payments only):

Account Holder: Emily Wilson
Account Number: 1234567890
Routing Number: 234567890
Bank Name: Oakdale Community Bank

Social Security Number: 9876543210

Please note that all information provided above is for fictional purposes only and should not be used for any real-world identification or verification.",Patient Administrative,RESTRICTED,generated,patient next of kin and emergency contact form
"**Patient Next of Kin and Emergency Contact Form**

**Name:** Emily Chen
**Address:** 456 Elm Street, Apt 3B, Springfield, IL 62704
**Phone Number:** 555-8765
**Email:** emilychen@email.com

**Next of Kin Information:**
The patient's next of kin is listed as:
**Name:** David Lee
**Relationship:** Son
**Address:** 123 Oak Street, Springfield, IL 62701
**Phone Number:** 555-2345
**Email:** davidlee@email.net

**Emergency Contact Information:**
Please list at least one emergency contact below:
**Name:** Karen Brown
**Relationship:** Friend
**Address:** 789 Maple Street, Springfield, IL 62702
**Phone Number:** 555-5678
**Email:** karenbrown@email.org

**Bank Account Information (for medical expenses):**
Account Holder: Emily Chen
**Account Number:** 9876543210
**Routing Number:** 123456789
**Bank Name:** First National Bank of Springfield

**Additional Comments (if applicable):**

Please note that this form is for informational purposes only and should not be used in actual medical or financial situations. The information provided is completely fictional and for synthetic training data purposes only.",Patient Administrative,RESTRICTED,generated,patient next of kin and emergency contact form
"Patient Next of Kin and Emergency Contact Form

Name: Jane Doe
Address: 456 Elm Street, Apt 3B, Springfield, IL 62704
Phone: 555-9876
Email: [jane.doe@fakeemail.com](mailto:jane.doe@fakeemail.com)

Next of Kin:
Name: John Smith
Relationship: Husband
Phone: 555-0100
Email: [john.smith@fakeemail.com](mailto:john.smith@fakeemail.com)
Address: 456 Elm Street, Apt 3B, Springfield, IL 62704

Emergency Contact:
Name: Emily Johnson
Relationship: Daughter
Phone: 555-7654
Email: [emily.johnson@fakeemail.com](mailto:emily.johnson@fakeemail.com)
Address: 789 Oak Street, Springfield, IL 62705

Bank Account Information (for payment of medical expenses):
Account Holder: Jane Doe
Account Number: FAKEDOE1234567890
Bank Name: Springfield Bank and Trust
Routing Number: 987654321
Check Cashing Address: 901 Broadway, Springfield, IL 62701

Medical Insurance:
Insurance Provider: SecureCare Insurance
Policy Number: SC123456789
Group Number: G001234

Signature of Authorized Representative: _____________________________

Date: February 10, 2023",Patient Administrative,RESTRICTED,generated,patient next of kin and emergency contact form
"John Smith (Patient)
123 Main Street, Apt 456
Anytown, CA 01234
(555) 0100 ext. 1234
[john.smith@email.com](mailto:john.smith@email.com)

Emergency Contact:
Emily Johnson
456 Elm Street
Anytown, CA 01234
(555) 5678
[emily.johnson@email.com](mailto:emily.johnson@email.com)

Relationship: Mother

Bank Information for Payment Arrangements:
Account Holder: John Smith
Account Number: 9876543210
Routing Number: 123456789
Bank Name: Anytown Bank & Trust

Patient's Insurance Details:
Insurance Company: MedixCare
Policy Number: MCI-12345
Policy Type: Private Payer

Additional Contact Information:
For medical emergencies, please contact Dr. Lisa Nguyen at (555) 9012.

Please note that John Smith requires regular blood pressure monitoring and insulin injections as part of his treatment plan.",Patient Administrative,RESTRICTED,generated,patient next of kin and emergency contact form
"John Doe
123 Main Street
Anytown, CA 12345
(555) 234-5678
[john.doe@email.com](mailto:john.doe@email.com)

Jane Smith
456 Elm Street
Othertown, NJ 67890
(555) 901-2345
[jane.smith@email.org](mailto:jane.smith@email.org)

EMERGENCY CONTACT:

Dr. Jane Wilson
789 Oak Street
Smallville, KY 45678
(555) 111-2222
[jane.wilson@hospital.com](mailto:jane.wilson@hospital.com)

BANK DETAILS FOR FAMILY SUPPORT:

Account Holder: John Doe
Account Number: 1234567890
Bank Name: First National Bank of Anytown
Routing Number: 9876543210

Account Holder: Jane Smith
Account Number: 0987654321
Bank Name: First National Bank of Othertown
Routing Number: 5432109876

Please note that the account details are fictional and for demonstration purposes only. No actual banking information is being shared.

Next of Kin Emergency Contact Information:

John Doe - (555) 234-5678, [john.doe@email.com](mailto:john.doe@email.com)

Jane Smith - (555) 901-2345, [jane.smith@email.org](mailto:jane.smith@email.org)

We urge all family members to keep these numbers handy and accessible at all times.",Patient Administrative,RESTRICTED,generated,patient next of kin and emergency contact form
"Name: Emily J. Wilson
Address: 456 Elmwood Avenue
City, State, Zip: Oakdale, CA 94536
Phone: 555-3512
Email: ewilson@live.com
Date of Birth: February 12, 1995
Relationship to Patient: Sister

Next of Kin Information:

Name: John Lee
Address: 789 Oakwood Drive
City, State, Zip: Oakdale, CA 94536
Phone: 555-0198
Email: jlee@workmail.com
Emergency Contact Person: Michael Brown
Address: 321 Maple Street
City, State, Zip: Oakdale, CA 94536
Phone: 555-0277
Email: mbrown@outlook.net

Bank Account Information (for payment purposes only):

Account Holder: Emily J. Wilson
Account Number: 1234567890
Routing Number: 2345678901
Bank Name: First National Bank of Oakdale",Patient Administrative,RESTRICTED,generated,patient next of kin and emergency contact form
"Beverly S. Jenkins
123 Maple Street
Anytown, CA 95324
(555) 567-8900 | beverlyjenkins@email.com | beverly.smith@gmail.com
Bank Account: 9428198676 (First Meridian Bank)
Routing Number: 12-345678

Patient Name: Emily Rose Wilson
Date of Birth: February 12, 1992
Next of Kin: Beverly S. Jenkins
Relationship: Mother

Emergency Contact Information:
John Lee Davis
456 Elm Street
Oakdale, CO 81620
(555) 234-5678 | john.davis123@email.com | jldavis@outlook.com
Bank Account: 9876543210 (Mountain Valley Bank)
Routing Number: 41-901234

Alternate Emergency Contact:
Dr. Lisa Marie Rodriguez
789 Pine Street
Springfield, OR 97401
(555) 901-2345 | lmrodriguez@email.com | drlisa@gmail.com
Bank Account: 6543210987 (Pacific National Bank)
Routing Number: 28-765432

Please verify the above information to ensure accuracy. Any discrepancies should be addressed with our patient's next of kin and emergency contacts listed above.

Signature: _____________________________",Patient Administrative,RESTRICTED,generated,patient next of kin and emergency contact form
"Patient Registration Document

Name: Ethan Patel
Address: 456 Elm Street, Apt 3B
City: Oakdale
State: CA
Zip Code: 95219

Phone Number: (408) 555-2198
Email: [ethan.patel123@gmail.com](mailto:ethan.patel123@gmail.com)

Date of Birth: February 12, 1995

Social Security Number: 923-84-4321

Employer: ABC Corporation
Job Title: Software Engineer
Salary: $85,000/year

Bank Information:
Account Type: Checking
Account Number: 0123-4567-8901
Routing Number: 123456789
Bank Name: First National Bank of Oakdale

Emergency Contact:
Name: Rachel Lee
Phone Number: (310) 876-5432
Email: [rachel.lee987@gmail.com](mailto:rachel.lee987@gmail.com)

Next of Kin:
Name: Michael Kim
Relationship: Father
Phone Number: (650) 123-4567

Insurance Information:
Health Insurance Provider: Oakdale Health Plan
Policy Number: OHP-0001
Dental Insurance Provider: SmileCare Dental
Policy Number: SD-0012",Patient Administrative,RESTRICTED,generated,patient registration document with contact details
"John S. Doe
123 Main Street, Apt 456
Anytown, CA 12345
(555) 0100 ext. 3456
johndoe@email.com

Date of Birth: March 12, 1992
Social Security Number: 92-78-2198
Driver's License Number: CA-823456

Insurance Information:

* Health Insurance: ""Anytown Medical Plan""
* Policy Number: ANYM1234
* Group ID: G001234

Banking Information:

* Checking Account: ""Doe Savings"" at ""Anytown Bank""
* Account Number: 9876543210
* Routing Number: 0123456789
* Address for Direct Deposit: 123 Main Street, Apt 456, Anytown, CA 12345

Emergency Contact:
Name: Jane S. Doe
Phone Number: (555) 0123 ext. 9012
Email: janesdoe@email.com

Medical History:

Patient has a history of mild seasonal allergies and minor skin irritations.

Medications:

* Alliace pills for acne treatment
* Seasonal allergy medication ""Anytown Med""

Please note that this document is entirely fictional and not intended to represent real individuals or their personal details. It is generated for synthetic training data purposes only.",Patient Administrative,RESTRICTED,generated,patient registration document with contact details
"John S. Brown
123 Main Street, Apt 456
Anytown, CA 98765
(555) 0100 ext. 2345
johnsbrown@email.com

Patient ID: AB-123456
Name: John S. Brown
Date of Birth: February 12, 1992
Social Security Number: 838-24-8765
Emergency Contact: Jane Doe
Address: 789 Oak Street, Apt 101
Anytown, CA 98765
(555) 0200

Medical History:
Hypertension, Type 2 Diabetes
Medications: Lisinopril, Metformin

Insurance Information:
Policy Number: ABC-1234
Provider: Anytown Medical Group
Bank Account: Bank of America
Account Number: 0123456789
Routing Number: 0112233333
Check Date: January 10, 2022

Personal Details:
Marital Status: Single
Occupation: Software Engineer
Education: Bachelor's Degree in Computer Science

References:
Available upon request.

Please note that this document is entirely fictional and not associated with any real individual or organization. The personal details, medical history, insurance information, and bank account numbers are randomly generated for synthetic training purposes only.",Patient Administrative,RESTRICTED,generated,patient registration document with contact details
"Patient Registration Document

Name: Emily Chen
Address: 456 Oakbrook Drive
City: Springdale
State: IL
Zip Code: 62701
Phone: 555-0987
Email: [emily.chen@example.com](mailto:emily.chen@example.com)

Date of Birth: February 12, 1995
Social Security Number: 923-87-4321

Employer: Springdale Medical Center
Position: Registered Nurse

Bank Information:
Account Type: Checking
Account Holder Name: Emily Chen
Routing Number: 0210000278
Account Number: 1234567890
Check Cashing Details: Cashier's Check, payable to: Emily Chen

Insurance Provider: Springfield Insurance Company
Policy Number: SPR-001234
Policy Date: January 1, 2022

Next of Kin:
Name: Michael Lee
Relationship: Husband
Phone: 555-1234

Emergency Contact Information:
Name: Jane Doe
Phone: 555-5678",Patient Administrative,RESTRICTED,generated,patient registration document with contact details
"Patient Registration Document

Name: Reginald P. Bottomsworth
Address: 456 Oakdale Drive
City: Springfield
State: IL
Zip Code: 62704
Phone: 555-2345
Email: [rbottomsworth@fakeemail.com](mailto:rbottomsworth@fakeemail.com)

Date of Birth: February 12, 1985
Social Security Number: 812-34-5678

Employer: Springfield Hospital (123 Main Street)
Employee ID: SPH1234

Financial Information:

* Primary Bank: First National Bank of Springfield
* Account Number: 1234567890
* Routing Number: 111000012
* Checkwriting Signature: ""R.P.B.""
* Credit Card (Visa): 1234-5678-9012-3456
* Credit Limit: $10,000

Insurance Information:

* Health Insurance Provider: Springfield Medical Insurance Company
* Policy Number: SMIC-123456
* Plan Type: PPO

Emergency Contact:
Name: Dr. Jane Doe
Address: 789 Maple Street
City: Springfield
State: IL
Phone: 555-5678",Patient Administrative,RESTRICTED,generated,patient registration document with contact details
"Patient Registration Document

Name: Emily Wilson
Address: 456 Elm Street, Apt 3B, Springfield, IL 62704
Phone: (217) 342-2198
Email: [ewilson@email.com](mailto:ewilson@email.com)

Date of Birth: February 12, 1995
Social Security Number: 932-54-8234

Account Information:
Bank Name: First National Bank of Springfield
Account Type: Checking
Account Number: 1234567890
Routing Number: 0112345678
Bank Address: 789 Oak Street, Springfield, IL 62701

Emergency Contact:
Name: David Lee
Address: 901 Maple Street, Apt 2A, Springfield, IL 62702
Phone: (217) 987-6543
Email: [dlee@email.com](mailto:dlee@email.com)

Insurance Information:
Health Insurance Plan: Springdale Health Plan
Plan Number: SPRD-12345
Premium Payment Method: Automatic Bank Draft

Patient Registration Form:

Please return this form to our office at the address listed above. If you have any questions or concerns, please contact us at (217) 342-2198 or [ewilson@email.com](mailto:ewilson@email.com).",Patient Administrative,RESTRICTED,generated,patient registration document with contact details
"Patient Registration Document

Name: Emily J. Wilson
Address: 456 Oakwood Drive, Apt 3B
City: Springfield
State: IL
Zip Code: 62704
Phone Number: 555-8765
Email: emilyjwilson@email.com
Date of Birth: February 12, 1992
Social Security Number: 923-87-6543

Employment Information:
Occupation: Marketing Specialist
Employer: GreenTech Inc.
Address: 789 Park Avenue
City: Springfield
State: IL
Zip Code: 62711

Residential History:
Previous Address: 321 Maple Street, Apt 2A
City: Springfield
State: IL
Zip Code: 62702 (Moved out 6/1/2020)

Bank Information:
Account Type: Checking
Account Number: 1234567890
Routing Number: 0210009278
Bank Name: First Illinois Bank

Personal Details:
Marital Status: Single
Religion: Christian
Language Spoken at Home: English

Patient Registration:
Date Registered: January 25, 2022
Registration Type: New Patient",Patient Administrative,RESTRICTED,generated,patient registration document with contact details
"Reg No: HSP123456

Patient Name: Emily Wilson
Address: 456 Oakwood Drive
City: Springville
State: IL
Zip Code: 62040

Contact Information:

Phone: 555-0123
Email: [ewilson@gmail.com](mailto:ewilson@gmail.com)

Date of Birth: February 12, 1995
Social Security Number: 89234-7654

Bank Details:
Account Type: Checking
Account Holder Name: Emily Wilson
Account Number: 9876543210
Routing Number: 121000025
Bank Name: Springville Bank & Trust

Medical Insurance:

Policy Type: Private Health Plan
Insurance Provider: Springville Insurance Co.
Policy Number: SIC123456

Next of Kin:
Name: David Lee
Relationship: Father
Phone: 555-0188
Email: [dlee@outlook.com](mailto:dlee@outlook.com)

Medical History:
Allergies: None
Medications: None
Previous Medical Conditions: Hypertension",Patient Administrative,RESTRICTED,generated,patient registration document with contact details
"Here is a fictional patient registration document with contact details:

John W. Johnson
123 Oakwood Drive
Anytown, CA 91234
555-8765

Email: [johndj@gmail.com](mailto:johndj@gmail.com)
Phone: 555-0100 ext. 3456
Fax: 555-0101

Date of Birth: March 22, 1992

Social Security Number: 987-65-4321

Bank Account Information:
Account Name: John W. Johnson
Account Number: 1234567890
Routing Number: 1110000123
Bank Name: Pacific National Bank

Medical History:
The patient has a history of mild hypertension and hyperlipidemia.

Allergies:
None known

Emergency Contact:
Jane D. Smith
456 Maple Street
Anytown, CA 91234
555-5678

Please note that this is completely fictitious data and should not be used for any real-world purposes. The information provided is entirely fictional and has no relation to any actual person or entity.",Patient Administrative,RESTRICTED,generated,patient registration document with contact details
"Patient Registration Document

Name: Emily J. Wilson
Address: 456 Oakwood Drive
City: Lakewood Heights
State: CO 80210
Zip: 80224-7427
Phone: 303-876-2198
Email: [ewilson92@gmail.com](mailto:ewilson92@gmail.com)

Date of Birth: March 12, 1995
Social Security Number: 624-89-8276
Insurance Provider: BlueSky HealthPlan
Policy Number: BSHP123456

Employer Information:
Company: GreenTech Inc.
Job Title: Marketing Specialist
Address: 789 Corporate Parkway
City: Denver, CO 80246

Emergency Contact Information:
Name: Mr. Ryan Thompson
Address: 321 Maple Street
City: Lakewood Heights, CO 80210
Phone: 303-451-0187
Email: [rthompson33@yahoo.com](mailto:rthompson33@yahoo.com)

Bank Account Information (for payment purposes only):
Account Number: 9876543210
Routing Number: 1234567890
Bank Name: FirstNational Bank & Trust

Medical History: Patient has a history of mild allergies and seasonal flu-like symptoms. Allergies include peanuts, tree nuts, fish, shellfish, milk, eggs, wheat, soy, and sesame.

Medications:
- Allegra (fexofenadine) 180mg tablets, taken twice daily
- Benadryl (diphenhydramine) 25mg capsules, taken as needed for itching",Patient Administrative,RESTRICTED,generated,patient registration document with contact details
"Zara Patel
123 Oakwood Drive
Apt 456
Springfield, IL 62704
(555) 876-5432 | (800) FLOWERS
zapatr1@gmail.com | zpatel@fakeemail.com

Personal Contact Information:
Emergency Contact: John Lee
Phone: (555) 111-2222 | Mobile: (800) GO-FLOW
Email: jlee123@email.com

Payment Details:
Patient ID: SPTRN001234
Bank Account Number: 02134567890
Routing Number: 123456789
Bank Name: Central National Bank of America",Patient Administrative,RESTRICTED,generated,patient registration document with contact details
"Patient Registration Document

Name: Emily Chen
Address: 456 Elm Street, Apt 101
City: Oakdale
State: CA
Zip: 12345

Phone: (555) 234-5678
Email: [emilychen@email.com](mailto:emilychen@email.com)

Date of Birth: February 12, 1992
Social Security Number: 842-34-2198

Bank Account Information:
Account Type: Checking
Account Holder Name: Emily Chen
Account Number: 0123-4567-8901
Routing Number: 123456789
Bank Name: Oakdale Community Bank

Relationship to Patient (if applicable): None

Emergency Contact:
Name: Michael Kim
Address: 678 Maple Street
City: Oakdale
State: CA
Zip: 12345
Phone: (555) 901-2345
Email: [michaelkim@email.com](mailto:michaelkim@email.com)

Insurance Information:
Health Insurance Plan: Oakdale Health Plan
Plan Number: OHPL-001
Group Number: 98765

Patient Registration Number: OCR-123456",Patient Administrative,RESTRICTED,generated,patient registration document with contact details
"Emily Chen
123 Oakwood Drive
Apt 456, Springfield, IL 62704
(555) 234-5678
emily.chen@email.com
emily.chen@outlook.com
linkedin.com/in/emilychen123
(555) 0100

Date of Birth: February 12, 1995
Social Security Number: 987-65-4321
Employer: ABC Corporation, 456 Elm Street, Springfield, IL 62701
Occupation: Marketing Manager

Bank Account Information:
Account Type: Checking
Account Number: 9876543210
Routing Number: 0118765432
Bank Name: First National Bank of Springfield

Insurance Information:
Health Insurance: Blue Cross Blue Shield of Illinois
Plan Number: BCS1234567
Dental Insurance: Delta Dental of Illinois
Plan Number: DD1234567

Emergency Contact:
Name: Michael Lee
Address: 789 Maple Street, Apt 101, Springfield, IL 62702
Phone: (555) 098-7654
Email: michael.lee@email.com

Medical History: Hypertension, Allergies to Penicillin

Please note that this synthetic document is entirely fictitious and should not be used for any real-world purposes. It is intended solely for training purposes for an NLP classifier project.",Patient Administrative,RESTRICTED,generated,patient registration document with contact details
"Patient Registration Document

Brent Larson
123 Willow Creek Drive
Apt 456
Springfield, IL 62704
(555) 219-8765 | brent.larson@example.com

Date of Birth: March 12, 1987
Social Security Number: 342-98-7298
Date of Registration: February 22, 2022

Patient's Primary Contact Information:

Name: Brent Larson
Address: 123 Willow Creek Drive, Apt 456, Springfield, IL 62704
Phone: (555) 219-8765 | brent.larson@outlook.com
Email: brent.larson@example.com

Bank Account Information for Insurance Payments:
Account Name: Brent Larson
Account Number: 4278912356
Bank Name: First National Bank of Springfield
Routing Number: 123456789

Patient's Emergency Contact Information:

Name: Jane Smith
Address: 234 Oak Street, Apt 101, Springfield, IL 62701
Phone: (555) 456-7890 | jane.smith@example.com

Patient's Medical History:
Brent Larson has a history of hypertension and hyperlipidemia. He is currently taking medication to manage these conditions.

Prescription Information:

Patient Name: Brent Larson
Medication: Lipitor 20mg
Dosage: Once daily
Refill Status: Available",Patient Administrative,RESTRICTED,generated,patient registration document with contact details
"Patient Registration Document

Name: Emily Wilson
Address: 456 Oakdale Drive
City: Springfield
State: IL
Zip: 62704
Country: USA

Phone Number: 555-3512
Email: emilywilson@email.com

Date of Birth: March 12, 1995
Social Security Number: 932-14-8765
Medical Insurance Provider: Medisure Inc. (Policy #MS1234)
Primary Contact Name: Jane Doe

Bank Account Information:
Account Type: Checking
Account Number: 9876543210
Routing Number: 0223456789
Bank Name: First National Bank of Springfield",Patient Administrative,RESTRICTED,generated,patient registration document with contact details
"Patient Registration Document

Name: Emily Chen
Address: 456 Elm Street, Apt 3B
City: Oakdale
State: CA
Zip Code: 91234
Phone Number: (805) 765-4321
Email: emilychen@email.com
Date of Birth: February 12, 1995

Social Security Number: 982-53-2198
Insurance Provider: Oakdale Community Health Plan
Policy Number: OCHP12345

Bank Information:

* Checking Account: XYZ Bank, Account Number: 1234567890, Routing Number: 0012345678
* Savings Account: ABC Bank, Account Number: 9876543210, Routing Number: 9012345678

Employment Information:
- Job Title: Registered Nurse
- Employer: Oakdale General Hospital
- Address of Employer: 789 Oak Street, Oakdale, CA 91234
- Phone Number of Employer: (805) 765-1111

Next of Kin:
- Name: David Lee
- Relationship: Son
- Contact Information: (800) 123-4567, davidlee@email.com",Patient Administrative,RESTRICTED,generated,patient registration document with contact details
"Emily J. Wilson
123 Oakwood Drive
Anytown, CA 01234
(555) 876-5432
emily.j.wilson@email.com

Patient Registration Form

Patient Name: Emily J. Wilson
Date of Birth: February 12, 1995
Social Security Number: 982-54-1234

Contact Information:

Primary Phone: (555) 876-5432
Secondary Phone: (202) 345-6789
Emergency Contact: John L. Brown
Address: 456 Maple Street, Anytown, CA 01234
Phone: (555) 901-2345
Email: john.l.brown@email.com

Insurance Information:

Provider Name: Anytown Medical Services
Plan Number: TW-001234
Policy Effective Date: January 1, 2020
Premium Payment Method: Bank of Anytown Checking Account #1234-5678-9012

Bank Account Information:
Account Type: Savings
Account Holder: Emily J. Wilson
Account Number: 9876543210
Routing Number: 011011121

Next of Kin Information:

Relationship: Mother
Name: Karen E. Johnson
Address: 789 Pine Street, Anytown, CA 01234
Phone: (555) 111-2222",Patient Administrative,RESTRICTED,generated,patient registration document with contact details
"John Smith
123 Main Street, Apt 456
Anytown, CA 12345
(555) 0100 | (555) 0101 | fax: (555) 0102
john.smith@email.com | www.johnsmith.com
Phone: 555-0100 | Email: [john.smith@email.com](mailto:john.smith@email.com)

Patient Name: John Smith
Date of Birth: February 12, 1990
Social Security Number: 92-78-2198

Current Address:
123 Main Street, Apt 456
Anytown, CA 12345

Residence Address (previous):
789 Oak Drive
Othertown, CA 98765

Bank Information:
Account Name: John Smith
Account Number: 123456789
Routing Number: 0123456789
Bank Name: Anytown Bank & Trust

Payment Method: Check (payable to) John Smith

Insurance:
Health Insurance Plan: Blue Cross Blue Shield
Plan ID: 1112345678
Dental Insurance Plan: Delta Dental",Patient Administrative,RESTRICTED,generated,patient registration document with contact details
"John Smith
123 Main Street
Anytown, USA 12345
(555) 0100 ext. 4567
john.smith@fakeemail.com
Fax: (555) 2345

Jane Doe
456 Elm Street
Othertown, USA 67890
(555) 7890
jane.doe@anotherfakeemail.com
 Fax: (555) 0123

Account Information:
Patient ID: FAK12345
Name on Account: John Smith
Address on File: 123 Main Street, Anytown, USA 12345
Phone Number on Record: (555) 0100 ext. 4567
Bank Name: Fake Bank of America
Account Type: Primary Checking
Account Number: 9876543210
Routing Number: 123456789

Insurance Information:
Name on Policy: Jane Doe
Policy Number: FAKE1234
Insurance Company: Fake UnitedHealthcare
Plan Type: Individual HMO",Patient Administrative,RESTRICTED,generated,patient registration document with contact details
"Patient Registration Document

Mr. Reginald P. Bottomsworth
123 Oakwood Drive
Anytown, CA 12345
(555) 876-5432
reginaldp.bottomsworth@gmail.com

Date of Birth: March 22, 1975
Social Security Number: 82-34-2198

Bank Account Information:
Account Name: Reginald P. Bottomsworth
Account Type: Checking
Account Number: 1234567890
Routing Number: ghij1234
Bank Name: First National Bank of Anytown

Personal Details:

* Height: 6'2""
* Weight: 190 lbs
* Hair Color: Brown
* Eye Color: Blue
* Occupation: Retired Software Engineer
* Marital Status: Married (to Mrs. Emily Bottomsworth)

Contact Information for Emergency Situations:
Phone: (555) 0100
Email: reginaldp.bottomsworth@gmail.com

Medications and Allergies:

* Medications: Lisinopril, Metformin
* Allergies: Penicillin, Strawberries

Previous Medical Conditions:

* Hypertension
* High Cholesterol

Emergency Contacts:
* Mrs. Emily Bottomsworth (wife)
* Dr. Jane Smith (primary care physician)

Please note that this document is for synthetic training purposes only and should not be used in any real-world application.",Patient Administrative,RESTRICTED,generated,patient registration document with contact details
"Patient Registration Document

Zachary Powell
123 Elmwood Drive
Anytown, CA 12345
(555) 234-5678 | (800) 555-1212 | zachary.powell@outlook.com

Date of Birth: March 12, 1995
Social Security Number: 892-34-2198
Insurance Provider: HealthyCare Insurance Co.

Emergency Contact:
Jane Wilson
456 Oak Street
Anytown, CA 12345
(555) 901-2345 | jane.wilson@live.com

Medical History:
Allergies: Penicillin
Medications: Lisinopril, Metformin

Financial Information:
Bank Account: Checking
Account Number: 9876-5432-1098-3210
Routing Number: 123456789
Bank Name: First National Bank of Anytown

Address Confirmation:
The address listed above is the patient's current residence and can be used for communication purposes.

Personal Declaration:
I, Zachary Powell, hereby declare that the information provided above is accurate to the best of my knowledge. I understand that any discrepancies may result in denial of service or other consequences.

Signature: _____________________________
Date: __________________________________",Patient Administrative,RESTRICTED,generated,patient registration document with contact details
"John P. Bottomsworth
123 Main Street, Apt 456
Anytown, CA 98765
(555) 0100 ext. 2345
john.bottomsworth@email.com

Date of Birth: March 12, 1992
Social Security Number: 92-87-6543

Bank Information:
Account Type: Checking
Account Number: 1234567890
Routing Number: 9876543210
Bank Name: First National Bank of Anytown

Insurance Coverage:
Health Insurance Plan: Anytown HealthPlan
Policy Number: AHP-012345
Primary Care Physician: Dr. Jane E. Smith, 123 Main Street, Apt 456

Emergency Contact:
Name: Bertha P. Bottomsworth
Relationship: Mother
Phone: (555) 0198
Address: 456 Elm Street, Anytown, CA 98765

Patient Registration Information:
Date Registered: February 22, 2022
Registration Number: AHP-001234
Patient Type: Primary
Insurance Status: Active",Patient Administrative,RESTRICTED,generated,patient registration document with contact details
"John Smith
123 Main Street
Anytown, USA 12345
(555) 0100 ext. 1234
john.smith@email.com

Patient Registration Form

Patient Name: John Smith
Date of Birth: February 12, 1990
Social Security Number: 92-789-2134
Address: 123 Main Street, Anytown, USA 12345
City: Anytown
State: USA
Zip: 12345

Contact Person: Jane Doe
Title: Mother
Phone: (555) 1111 ext. 5678
Email: jane.doe@email.com

Bank Information:
- Checking Account: Bank of America, Account Number: 0000112345, Routing Number: 021000027
- Savings Account: Wells Fargo, Account Number: 1234567890, Routing Number: 0425000001

Insurance Information:
- Health Insurance: Blue Cross Blue Shield
- Policy Number: BCS0012345
- Group ID: 987654321

Healthcare Provider:
- Doctor's Name: Dr. Emily Chen
- Medical Specialty: Family Medicine
- Practice Location: 456 Elm Street, Anytown, USA 12345",Patient Administrative,RESTRICTED,generated,patient registration document with contact details
"Patient Registration Document

Name: Zara Patel
Address: 456 Oakwood Drive, Apt 3B, Springfield, IL 62704
Phone: (309) 876-5421
Email: [zarapatel123@gmail.com](mailto:zarapatel123@gmail.com)

Date of Birth: February 12, 1998
Social Security Number: 923-84-7421

Employment Information:
- Job Title: Marketing Coordinator
- Employer: GreenTech Inc.
- Address: 789 Maple Street, Springfield, IL 62702

Banking Information:
- Checking Account: ZP1234567890, Bank of America
- Routing Number: 111000025
- Bank Address: 1234 N. Main St., Chicago, IL 60610

Next of Kin:
- Name: Ramesh Patel
- Relationship: Father
- Phone: (309) 456-7890
- Address: 456 Oakwood Drive, Apt 3B, Springfield, IL 62704",Patient Administrative,RESTRICTED,generated,patient registration document with contact details
"Patient Registration Document

Patient Name: Emily J. Wilson
Address: 456 Oakwood Drive, Apt 3B, Springfield, CO 82212
Phone Number: 303-567-8192
Email: ewilson@email.com
Date of Birth: February 12, 1995

Personal Details:

* Social Security Number: 342-08-2198
* Driver's License Number: CTA-1234
* Marital Status: Married to Michael Wilson
* Occupation: Nurse Practitioner at Spring Valley Hospital

Bank Information:
Bank Name: First National Bank of Springfield
Account Type: Primary Checking Account
Account Number: 0000123456
Routing Number: 121011111
Bank Address: 789 Maple Street, Springfield, CO 82212

Contact Person for Insurance: David Lee
Insurance Company: UnitedHealthcare
Policy Number: UHC123456

Emergency Contact:
Name: James Wilson (Mother)
Address: 901 Elm Street, Springfield, CO 82212
Phone Number: 303-567-8765
Email: jwilson@email.com

Additional Information:
This patient is a new admit and has no prior medical history. The patient's insurance coverage is verified, and all necessary forms have been completed.

Signature: Dr. Rachel Kim, MD",Patient Administrative,RESTRICTED,generated,patient registration document with contact details
"John Smith (MRN: 123456)
123 Main Street, Apt 101
Anytown, CA 12345
Phone: 555-0100 | Fax: 555-0101
Email: [jsmith@email.com](mailto:jsmith@email.com) | Secondary Email: [info@johncsmith.com](mailto:info@johncsmith.com)

Bank Information:
Account Type: Checking
Account Number: 9876543210
Routing Number: 123456789
Bank Name: First National Bank of Anytown

Address Confirmation:
Patient Address:
123 Main Street, Apt 101
Anytown, CA 12345

Emergency Contact:
Name: Jane Doe
Relationship: Mother
Phone: 555-1111 | Fax: 555-1112
Email: [jane.doe@email.com](mailto:jane.doe@email.com)

Insurance Information:
Health Insurance Plan: Anytown HealthPlan
Policy Number: APN123456
Provider ID: 12345

Payment Details:
Payment Method: Credit Card
Card Type: Visa
Card Number: 4111111111111111
Expiration Date: 02/2026",Patient Administrative,RESTRICTED,generated,patient registration document with contact details
"Patient Registration Document

John T. Pembly
123 Main Street, Apt 456
Anytown, CA 12345
(555) 234-5678
john.pembly@email.com
(555) 0100 ext. 234

Registation Number: PR001234
Date of Birth: February 12, 1992
Social Security Number: 842-34-2198

Bank Account Information:
Account Name: John T. Pembly
Account Type: Checking
Routing Number: 123456789
Account Number: 9876543210
Bank Name: First National Bank of Anytown

Emergency Contact:

* Name: Jane Doe
* Relationship: Mother
* Phone: (555) 098-7654
* Email: jane.doe@email.com

Patient's Insurance Information:
Insurance Company: United Healthcare
Policy Number: UHC123456
Primary Care Physician: Dr. Emily J. Lee

Medical History:

* Allergies: None
* Current Medications: Lisinopril 20mg daily
* Previous Surgery: Right knee replacement in 2018",Patient Administrative,RESTRICTED,generated,patient registration document with contact details
"John Smith (MRN: 123456)
123 Main Street, Apt 101
Anytown, CA 12345
Phone: 555-0100 | Fax: 555-0101
Email: [john.smith@email.com](mailto:john.smith@email.com) | Alternate Email: [johnc.smith@gmail.com](mailto:johnc.smith@gmail.com)

Patient Contact Information:

Primary Care Physician: Dr. Jane Doe (MD)
Phone: 555-0200 | Fax: 555-0300
Office Address: 456 Elm Street, Anytown, CA 12345

Insurance Coverage:
- Health Insurance Plan: United Healthcare Group
- Policy Number: UHC123456
- Primary Cardholder: John Smith
- Bank Account Information (for payment purposes):
  - Checking Account: 9876543210 | Bank Name: First National Bank of Anytown
  - Savings Account: 5432109876 | Bank Name: First National Bank of Anytown

Emergency Contact:
- Name: Emily Johnson
- Relationship: Wife
- Phone: 555-0400",Patient Administrative,RESTRICTED,generated,patient registration document with contact details
"Patient Registration Document

Patient Name: Emily J. Wilson
Address: 456 Oakwood Drive, Apt 3B, Springfield, IL 62704
Phone Number: 217-876-2198
Email: ewilson123@gmail.com
Date of Birth: February 12, 1992
Social Security Number: 923-48-2197

Patient's Date of Registration: January 10, 2023
Insurance Provider: Springfield Medical Insurance Company
Policy Number: SMIC-001234
Bank Account Information:
Account Type: Checking
Account Number: 9876543210
Routing Number: 12-3456789
Bank Name: First Community Bank of Springfield

Contact Person for Referrals: Dr. Rachel M. Lee
Phone Number: 217-876-1234
Email: rlee@springfieldhospital.com

Patient's Primary Care Physician: Dr. John D. Smith
Phone Number: 217-876-5678
Email: jsmith@springfieldhospital.com",Patient Administrative,RESTRICTED,generated,patient registration document with contact details
"John Smith
123 Main Street
Anytown, USA 12345
(555) 0100 | (555) 0101
john.smith@email.com | john.smith@fakeemail.com

Patient Registration Document

Patient Name: John Smith
Date of Birth: 12/25/1992
Social Security Number: 123-45-6789
Medical Record Number: HR012345

Contact Information:

Primary Phone: (555) 0100
Secondary Phone: (555) 0101
Email: john.smith@email.com
Alternate Email: john.smith@fakeemail.com

Bank Information for Medical Expenses:
Account Type: Checking
Account Number: 9876543210
Routing Number: 123456789
Bank Name: Anytown Bank and Trust

Insurance Information:
Insurance Provider: Fake Insurance Co.
Policy Number: FI-001234
Coverage Dates: 01/01/2022 - 12/31/2023",Patient Administrative,RESTRICTED,generated,patient registration document with contact details
"Here is a fictional patient registration document:

Zara P. Patel
123 Maple Ridge Drive, Apt 3B
Anytown, CA 12345 (555) 876-5432 | zpatel@email.com

Date of Birth: February 12, 1995

Social Security Number: 92-85-4321

Insurance Provider: Anytown Health Insurance Co.
Policy Number: THIC-001234

Emergency Contact:
Jane Doe
456 Oakwood Drive
Anytown, CA 12345 (555) 987-6543 | janedoe@email.com

Bank Information for Payment Arrangements:
Account Name: Zara P. Patel
Account Number: 1234567890
Bank Institution: Anytown Savings Bank
Routing Number: 0123456789
Check Digit: 4

Patient's Medical History:
Diagnosis: Hypertension
Medications: Lisinopril 10mg, Metformin 500mg

Consent for Medical Treatment:
I, Zara P. Patel, hereby consent to receive medical treatment at Anytown Hospital.

Signature: ________________________
Date: __________________________________

Note: This document is entirely fictional and not intended to be used in real life.",Patient Administrative,RESTRICTED,generated,patient registration document with contact details
"John Smith
123 Main Street, Apt 456
Anytown, CA 12345
(555) 0100 ext. 2345
john.smith@email.com

Account Information:
Patient ID: HSPTR0001
Account Type: Primary
Bank Name: Newbrook Bank
Routing Number: 0123456789
Check Number: 00123456
Last Four Digits of Check Number: 8765
Account Balance: $10,500.00

Personal Details:
Date of Birth: March 12, 1987
Social Security Number: 987-65-4321
Insurance Provider: PrimeCare Insurance
Policy Number: PC123456
Medical History: Hypertension, Diabetes Type 2

Contact Information for Healthcare Providers:
Primary Care Physician: Dr. Jane Doe
Phone: (555) 9010
Email: jane.doe@newbrookbank.com

Patient Registration Form:
Please verify the accuracy of this information by signing below.

Signature: ____________________________
Date: February 22, 2023",Patient Administrative,RESTRICTED,generated,patient registration document with contact details
"Here is a fictional patient registration document:

Reggie Powell 123 Oakwood Drive Apt 3B Springfield, IL 62704 (217) 654-3210 reggie.powell@email.com
Date of Birth: March 12, 1995 SSN: 923-54-4321 Bank Account: Wells Fargo Account # 0123456789 Routing # 041000268

Patient Information: Reggie Powell, 35 years old, Male, Single. Contact Person: Jane Doe, Mother

Address History:
123 Oakwood Drive Apt 3B
Springfield, IL 62704 (2017-Present)
456 Maple Street
Springfield, IL 62702 (2012-2017)

Medical History: Hypertension, Allergic reactions to peanuts, and a history of migraines.

Emergency Contact: Jane Doe (217) 654-0980 janedoe@email.com

Bank Account Information:
Wells Fargo Account # 0123456789
Routing # 041000268
Account Type: Checking
Balance: $12,456.78
Last Four Digits of SSN for Direct Deposit: 4321",Patient Administrative,RESTRICTED,generated,patient registration document with contact details
"John T. Wilson
123 Main Street
Anytown, CA 12345
(555) 0100 ext. 234
john.t.wilson@email.com

Registration Number: WILSON-001
Date of Birth: 02/12/1998
Social Security Number: 92-54-8236
Insurance Provider: GoldenCare Health Plan
Policy Number: GCHP-0123

Contact Information for Family Members:

* Mother: Jane E. Wilson - (555) 456-7890 - jane.e.wilson@email.com
* Father: Michael T. Wilson - (555) 111-2222 - michael.t.wilson@email.com
* Spouse/Partner: Emily L. Wilson - (555) 333-4444 - emily.l.wilson@email.com

Bank Information:
Account Type: Checking
Account Number: GW1234567890
Routing Number: 0123456789
Bank Name: First National Bank of Anytown",Patient Administrative,RESTRICTED,generated,patient registration document with contact details
"Patient Registration Document

Mr. Reginald P. Bottomsworth
123 Elmwood Drive
Apartment 456
Springfield, IL 62701
(555) 010-1234 | (800) 555-1212 | rpb@fakeemail.com

Date of Birth: March 12, 1978
Social Security Number: 92-34-5678
Emergency Contact: Mrs. Agnes P. Bottomsworth
(555) 098-7654 | apb@fakeemail.com

Account Information:
Bank Name: Springville Savings and Loan
Account Number: SVL123456789
Routing Number: 012345678
Check Digit: 7

Insurance Information:
Health Insurance Plan: Blue Shield of America
Plan ID: BSA001234
Dental Insurance: Delta Dental of Illinois
Policy ID: DDIL567890

Medical History:
None

 allergies: Penicillin, Latex

Medications: Lipitor 20mg | Metformin ER 500mg

Physician Information:
Primary Care Physician: Dr. John T. Doe
(555) 456-7890 | jtd@springfieldmedicalcenter.com

Please note that this document is entirely fictional and for demonstration purposes only.",Patient Administrative,RESTRICTED,generated,patient registration document with contact details
"Patient Registration Document

Zara P. Bottomsworth
123 Oakdale Drive
Apt 3B
Springfield, IL 62704
(555) 876-5432
zara.bottomsworth@email.com

Date of Birth: February 12, 1998
Social Security Number: 842-38-2198
Driver's License State: Illinois

Financial Information:
Bank Account Type: Checking
Account Holder Name: Zara P. Bottomsworth
Account Number: 1234567890
Bank Institution: First National Bank of Springfield
Routing Number: 011-234-5678

Primary Contact Information:
Name: Dr. John T. Harrison
Address: 456 Maple Street, Apt 2A
Springfield, IL 62701
(555) 098-7654
john.harrison@springfieldhospital.org

Secondary Contact Information:
Name: Mrs. Karen J. Thompson
Address: 789 Elm Court
Springfield, IL 62703
(555) 901-2345
karen.thompson@springfieldhospital.org

Medical Information:
Patient's Chief Complaint: Mild case of bronchitis
Presenting Symptoms: Dry cough and mild fever
Allergies: None known
Medications: Advair Diskus 250/50 mcg twice daily

Insurance Information:
Health Insurance Plan: Blue Cross Blue Shield of Illinois
Plan Number: ABC123456
Group Number: Group 001

Signature of Authorized Representative: Dr. John T. Harrison",Patient Administrative,RESTRICTED,generated,patient registration document with contact details
"John Smith (MRN: 123456)
123 Main Street, Apt 101
Anytown, CA 12345
(555) 0100 | Fax: (555) 0101
john.smith@email.com | john.smith@company.com
www.anytown.org/johnsmith

Date of Birth: February 12, 1990
Social Security Number: 456-23-9876
Insurance Provider: Anytown Health Insurance Co.
Policy Number: AHI-1234

Residential Address:
123 Main Street, Apt 101
Anytown, CA 12345
Phone: (555) 0100
Email: john.smith@email.com | john.smith@company.com

Financial Information:
Account Type: Checking
Bank Name: Anytown Bank & Trust
Routing Number: 0123456789
Account Number: 9876543210
Bank Address:
123 Main Street, Apt 202
Anytown, CA 12345
Phone: (555) 0102",Patient Administrative,RESTRICTED,generated,patient registration document with contact details
"Patient Registration Document

Name: Zara P. Patel
Address: 456 Oakdale Drive, Apt 3B
City: Springville
State: NV 89031
Zip Code: 89118
Country: USA

Date of Birth: February 12, 1992
Social Security Number: 943-87-8421
Phone: 702-392-1856

Email Address: zara.patel@springvillehospital.com
Fax Number: 702-392-1857

Bank Information:
Account Holder: Zara P. Patel
Bank Name: First National Bank of Nevada
Routing Number: 121000178
Account Number: 1234567890
Check Digit: 4
Bank Address: 789 Valley View Blvd, Las Vegas, NV 89101",Patient Administrative,RESTRICTED,generated,patient registration document with contact details
"Patient Registration Document

Name: Emily Wilson
Address: 456 Oakwood Drive
City: Springfield
State: IL
Zip Code: 62711

Phone Number: 555-3512
Email: emilywilson@email.com
Date of Birth: February 12, 1995

Bank Account Information (for payment purposes only):
Account Holder: Emily Wilson
Account Number: 1234567890
Routing Number: 111000012
Bank Name: Springdale Bank and Trust

Medical History:
Emily Wilson was referred to our hospital by her primary care physician for a routine check-up. She reports no acute symptoms, but does have a history of mild hypertension and high cholesterol.

Medications:
- Lisinopril 10mg orally once daily
- Atorvastatin 20mg orally once daily

Allergies:
- Penicillin (mild reaction)

Insurance Information:
- Health Insurance Plan: Springdale Hospital Network
- Policy Number: SPHN1234
- Group Number: A001",Patient Administrative,RESTRICTED,generated,patient registration document with contact details
"Emily Wilson
123 Oakwood Drive
Anytown, CA 12345
(555) 812-3456
emilywilson@email.com

Registration Number: HWY-001234
Patient ID: 5678901234

Date of Birth: February 12, 1998
Social Security Number: 92-87-6543
Employment Status: Full-time student at Anytown University
Marital Status: Single
Resident Alien: No

Contact Information for Emergency:

* Primary Contact: John Lee
* Phone: (555) 678-9011
* Email: johnlee@email.com
* Relationship: Mother

Financial Information:
Bank Account: Wells Fargo, Account Number 1234567890, Routing Number 0430123456
Bank Address: 456 Maple Street, Anytown, CA 12345

Insurance Coverage:
Health Insurance Plan: Anytown Health Insurance, Policy Number HTI-567890
Dental Insurance Plan: Anytown Dental Insurance, Policy Number DIT-123456

Note: This information is for training purposes only and should not be used to create a real patient record.",Patient Administrative,RESTRICTED,generated,patient registration document with contact details
"Patient Registration Document

Name: Zara Patel
Address: 456 Elm Street, Apt 3B, Springfield, CO 80901
Phone: 719-876-5432
Email: [zapatl@email.com](mailto:zapatl@email.com)

Date of Birth: February 12, 1995
Social Security Number: 923-54-9821

Patient Contact Information:
Primary Phone: 555-0100
Secondary Phone: 415-372-1954
Emergency Contact Name: Jamie Reyes
Emergency Contact Phone: 508-842-1928
Emergency Contact Email: [jreys@email.com](mailto:jreys@email.com)

Financial Information:
Insurance Provider: UnitedHealthcare
Policy Number: UHC-0123456
Bank Account: Bank of America, 123 Main Street, PO Box 56789, Charlotte, NC 28203
Account Type: Individual Savings
Account Number: 4567890123
Routing Number: 001011234

Medical Information:
Allergies: Penicillin, Latex
Medications: Lisinopril, Metformin
Last Medical Visit Date: March 10, 2022",Patient Administrative,RESTRICTED,generated,patient registration document with contact details
"Patient Registration Document

Name: Emily J. Wilson
Address: 456 Oakwood Drive, Apt 3B, Springfield, IL 62704
Phone: (217) 765-9821
Email: [emily.j.wilson92@gmail.com](mailto:emily.j.wilson92@gmail.com)

Date of Birth: February 12, 1995
Social Security Number: 923-47-8192

Employer: Springfield Hospital (1234 S. 8th St., Springfield, IL 62704)
Job Title: Nurse Practitioner

Bank Account Information for Billing Purposes:
Account Type: Checking
Account Number: 9876-5432-1098-7654
Routing Number: 012345678
Bank Name: First National Bank of Springfield",Patient Administrative,RESTRICTED,generated,patient registration document with contact details
"Patient Registration Document

Patient Name: Emily Wilson
Address: 456 Oakdale Drive
City: Springville
State: IL
Zip Code: 62701

Date of Birth: February 12, 1995
Social Security Number: 892-34-2198
Insurance Provider: Springville Community Health Plan

Phone Number: 555-876-5432
Email Address: emilywilson@email.com

Bank Account Information:
Account Type: Checking
Account Number: 1234567890
Routing Number: 1122334455
Bank Name: First National Bank of Springville

Emergency Contact:
Name: David Patel
Relationship: Father
Phone Number: 555-987-6543
Email Address: davidpatel@email.com

Medical History: Hypertension, Hyperlipidemia
Allergies: Peanuts, Shellfish
Medications: Lisinopril, Atorvastatin

Patient Registration Number: SPR-001234
Registration Date: March 10, 2022",Patient Administrative,RESTRICTED,generated,patient registration document with contact details
"Patient Registration Document

Name: Emily J. Wilson
Address: 456 Oakwood Drive, Apt 3B
City: Riverview Heights
State: CA
Zip Code: 92501
Country: USA
Phone Number: 555-8765
Email: emily.j.wilson@gmail.com

Date of Birth: February 12, 1995
Social Security Number: 842-34-2198
Marital Status: Single
Occupation: Marketing Specialist

Emergency Contact:
Name: David K. Brown
Address: 789 Maple Street
City: Oakdale
State: CA
Zip Code: 95364
Phone Number: 555-2345
Email: david.k.brown@yahoo.com

Bank Account Information (for payment purposes only):
Account Type: Checking
Account Number: 1234567890
Routing Number: ghklmnopqrstuvwxyz
Bank Name: Riverview Heights Community Bank

Insurance Information:
Health Insurance: Blue Shield of California
Policy Number: BSH-123456
Dental Insurance: Delta Dental of CA
Policy Number: DDC-987654

Patient Registration Number: HR-000001
Registration Date: March 10, 2022",Patient Administrative,RESTRICTED,generated,patient registration document with contact details
"Patient Registration Document

Name: Emily J. Wilson
Address: 456 Elmwood Drive
City: Oakdale
State: CA
Zip: 91701

Phone: 555-0198
Email: ewilson123@gmail.com

Date of Birth: February 12, 1995
Social Security Number: 842-34-2198

Bank Information:
Account Type: Checking
Account Number: 9834-2134-5678
Routing Number: 122456789
Bank Name: Pacific Coast Bank & Trust

Emergency Contact:
Name: Michael T. Lee
Address: 678 Oakwood Court
City: Sunnyville
State: FL
Zip: 32245
Phone: 555-3456
Email: mlee567@gmail.com

Medical History: Hypertension, Hyperlipidemia
Allergies: Peanuts, Tree Nuts
Medications: Lisinopril, Atorvastatin",Patient Administrative,RESTRICTED,generated,patient registration document with contact details
"Patient Registration Document

Name: Emily J. Wilson
Address: 456 Oakwood Drive, Apt 3B
City: Springdale
State: NV 89012
Zip: 89118
Phone: (775) 342-2198
Email: emilyjwilson@email.com

Date of Birth: February 12, 1995
Social Security Number: 892-34-1278
Date of Admission: January 20, 2023
Discharge Date: March 10, 2023
Reason for Admission: Acute Appendicitis

Insurance Information:
Policy Number: WXYZ1234
Provider Name: Springdale Health Insurance Co.
Address: 123 Main Street, Suite 400
City: Springdale
State: NV 89012
Zip: 89118

Financial Information:
Account Type: Checking
Bank Name: First National Bank of Springdale
Account Number: FNB-SL-001234
Routing Number: 1123456789
Bank Address: 456 Maple Street, Suite 200
City: Springdale
State: NV 89012
Zip: 89118

Emergency Contact:
Name: Michael D. Thompson
Phone: (775) 342-3456
Email: michaeldthompson@email.com
Address: 789 Pine Street, Apt 1A

Personal Statement: Emily J. Wilson, a 27-year-old resident of Springdale, NV, was admitted to the hospital on January 20, 2023, for acute appendicitis. She underwent surgical removal of her appendix and was discharged on March 10, 2023, in satisfactory condition.",Patient Administrative,RESTRICTED,generated,patient registration document with contact details
"John Smith
123 Main Street
Anytown, USA 12345
Phone: 555-0100
Email: [john.smith@email.com](mailto:john.smith@email.com)
Mobile: 555-0512
Fax: 555-0600
Bank Account Number: 9876543210
Bank Name: First National Bank of Anytown
Bank Branch: Anytown Branch

Patient Registration Document

Patient Name: John Smith
Date of Birth: 02/12/1990
Date of Registration: 01/03/2022
Registration ID: A123456

Address for Correspondence: 123 Main Street, Anytown, USA 12345
Resident's Address: 456 Elm Street, Apt 3B, Anytown, USA 12345
Occupation: Software Engineer
Marital Status: Single
Nationality: American
Social Security Number: 923-54-2198

Emergency Contact Information:
Name: Jane Doe
Phone: 555-0707
Email: [jane.doe@email.com](mailto:jane.doe@email.com)

Medications Prescribed:

* Lipitor 10mg once daily
* Metformin 500mg twice daily
* Gabapentin 300mg three times daily

Allergies:
Penicillin (severe)
Shellfish (mild)

Medical History: Hypertension, Hyperlipidemia",Patient Administrative,RESTRICTED,generated,patient registration document with contact details
"Patient Registration Document

Name: Emily J. Wilson
Address: 456 Elm Street, Apt 101, Springfield, CO 81234
Phone Number: 555-8765
Email: ewilson@outlook.com

Date of Birth: February 12, 1998
Social Security Number: 92-54-8234
Date of Registration: January 10, 2022

Bank Account Information (for billing purposes only):
Account Name: Emily J. Wilson
Account Number: 9876-5432-1098-3210
Routing Number: 123456789

Insurance Coverage:
- Health Insurance Plan: Springfield Medical Insurance Co.
- Policy Number: SMIC-001234
- Effective Date: January 10, 2022

Emergency Contact Information:
Name: David Lee
Address: 123 Oak Street, Springfield, CO 81234
Phone Number: 555-5678
Email: dlee@outlook.com",Patient Administrative,RESTRICTED,generated,patient registration document with contact details
"Patient Registration Document

Name: Emily J. Wilson
Address: 456 Oakdale Drive
City: Springville
State: NH
Zip Code: 03897
Phone Number: 555-2198
Email: ewilson123@gmail.com
Date of Birth: February 12, 1992
Social Security Number: 432-98-2198

Bank Information for Payment:
Account Name: Emily J. Wilson
Account Type: Checking
Account Number: 9876543210
Routing Number: 011278094
Bank Name: Springville National Bank
Bank Address: 123 Main Street, Springville, NH 03897

Emergency Contact:
Name: Michael K. Brown
Address: 789 Maple Lane
City: Springville
State: NH
Zip Code: 03897
Phone Number: 555-3421
Email: mbrown456@yahoo.com

Insurance Information:
Health Insurance Provider: Springville Health Plan
Policy Number: SPRVHP12345
Dental Insurance Provider: Oakdale Dental
Policy Number: OAKSDN1234

Medical History:
Patient has a history of hypertension and allergies to penicillin.

Next of Kin:
Name: David J. Wilson
Address: 456 Oakdale Drive
City: Springville
State: NH
Zip Code: 03897
Phone Number: 555-2198",Patient Administrative,RESTRICTED,generated,patient registration document with contact details
"John Smith
123 Main Street, Apt 456
Anytown, CA 01234
(555) 0100 ext. 2345
john.smith@email.com

Registration Number: RN-123456
Patient ID: P001234
Date of Birth: February 12, 1995

John Smith was referred to our hospital by his primary care physician, Dr. Jane Doe, for further evaluation and treatment of his chronic back pain.

Mr. Smith is a 29-year-old software engineer who works at TechCorp in downtown Anytown. He has been experiencing persistent lower back pain for the past three years, which has significantly impacted his daily life.

Mr. Smith's medical history includes a previous herniated disk surgery in 2018. He has tried various treatments, including physical therapy and pain management medications, but has not seen significant improvement.

Bank Account Information:

* Checking: Checking123456@bankofanytown.com (Account Number: 0123456789)
* Savings: Savings9876543210@bankofanytown.com (Account Number: 0987654321)

Emergency Contact:

* Name: Emily Smith
* Phone: (555) 5678
* Address: 789 Oak Street, Apt 101, Anytown, CA 01234",Patient Administrative,RESTRICTED,generated,patient registration document with contact details
"Patient Registration Document

Name: Emily J. Wilson
Address: 456 Oakwood Drive, Apartment 3B, Springfield, CO 80504
Phone: 720-565-0198
Email: [ejwilson95@gmail.com](mailto:EJWilson95@gmail.com)

Date of Birth: February 12, 1992
Social Security Number: 624-87-6543

Employer: ABC Corporation, 123 Main Street, Denver, CO 80203
Insurance Provider: XYZ Insurance Company, PO Box 1000, Greenwood Village, CO 80130

Bank Information:

* Checking Account: Wells Fargo, Account Number: 0012345678, Routing Number: 0430123456
* Savings Account: Bank of America, Account Number: 0987654321, Routing Number: 1122334455

Marital Status: Single
Relationship Status: Not Applicable

Emergency Contact:
Name: David Lee
Address: 789 Maple Street, Denver, CO 80211
Phone: 303-567-8901
Email: [dlee123@gmail.com](mailto:dlee123@gmail.com)

Medical History: Hypertension, High Cholesterol

Medications: Lisinopril 20mg, Atorvastatin 40mg

Allergies: Penicillin, Tree Nuts

Special Requests: None

This document is for testing purposes only and should not be used in any real-world application.",Patient Administrative,RESTRICTED,generated,patient registration document with contact details
"John P. Bottomsworth
123 Main Street, Apt 456
Anytown, CA 01234
(555) 0100 ext. 234
john.bottomsworth@fakeemail.com

Patient Registration Information

Patient Name: John P. Bottomsworth
Date of Birth: February 27, 1992
Social Security Number: 123-45-6789
Insurance Provider: Fake Insurance Co.
Policy Number: FI-0001

Contact Information:

Primary Contact: Emily J. Wilson
Phone: (555) 0123
Email: emily.wilson@fakeemail.com
Address: 456 Elm Street, Anytown, CA 01234

Emergency Contact: Dr. Lisa Nguyen
Phone: (555) 3456
Email: lisa.nguyen@fakeemail.com
Address: 789 Oak Street, Othertown, CA 98765

Bank Information:

Account Holder: John P. Bottomsworth
Account Number: FAK-0001
Routing Number: 0123-4567
Bank Name: Anytown Savings Bank",Patient Administrative,RESTRICTED,generated,patient registration document with contact details
"Patient Registration Document

Patient Name: Emily Chen
Address: 456 Oakwood Drive, Apt 3B
City, State, ZIP: Springfield, IL 62704
Phone Number: 555-8765
Email: emily.chen123@gmail.com

Date of Birth: February 12, 1998
Social Security Number: 9842-1978-0123
Place of Birth: Honolulu, HI

Marital Status: Single
Occupation: Software Engineer
Insurance Provider: Springfield Medical Insurance Co.

Bank Account Information (for billing purposes only):
Account Number: SMI-456789
Routing Number: 021380004
Check Date: 02/15/2023
Amount: $100.00

Emergency Contact:
Name: Michael Patel
Phone Number: 555-3456
Email: michael.patel567@gmail.com

Medical History: Hypertension, Type 2 Diabetes

Special Instructions for Caregivers: Please administer medication as prescribed and monitor vital signs closely.

Next of Kin: Mrs. Jane Doe
Relationship: Mother
Phone Number: 555-9010

Patient Registration Number: SPR12345",Patient Administrative,RESTRICTED,generated,patient registration document with contact details
"Patient Registration Document

Emily J. Wilson
123 Oakwood Drive, Apt 456
Springfield, IL 62701
(217) 876-5432
emilyjwilson@email.com

Date of Birth: February 12, 1995
Social Security Number: 923-14-8576
Emergency Contact: Dr. Lisa Nguyen
 Phone: (555) 342-1987
 Address: 145 Maple Street, Springfield, IL 62702

Account Information:
Account Name: Emily J Wilson
Account Type: Primary Care
Account Number: 123456789
Bank Institution: Springfield Community Bank
Routing Number: 0118765432
Checkbook Number: ABC1234
Statement Period: January 1 - February 28

Insurance Information:
Health Insurance Plan: Blue Cross Blue Shield
Plan ID: BCCS-001234
Provider Network: Springfield Medical Group",Patient Administrative,RESTRICTED,generated,patient registration document with contact details
"John Smith
123 Main Street
Anytown, USA 12345
Phone: 555-0100
Email: [john.smith@email.com](mailto:john.smith@email.com)

Account Information:
Account Name: John S. Smith
Account Type: Primary Careholder
Bank Account Number: 9876543210
Routing Number: 0123456789
Check Date: March 15, 2022

Personal Details:

- Date of Birth: February 12, 1990
- Social Security Number: 876543210A
- Marital Status: Married
- Spouse Name: Jane Doe Smith
- Children: Two

Insurance Information:
Health Insurance Plan: Anytown HealthCare
Plan ID: AHT12345
Premium Payment Method: Automatic Bank Transfer

Emergency Contact:

- Name: Jane Doe Smith (Mother)
- Phone: 555-0200
- Address: 456 Elm Street, Anytown, USA 12345",Patient Administrative,RESTRICTED,generated,patient registration document with contact details
"Emily J. Wilson
123 Oakwood Drive
Anytown, CA 95234
(555) 384-2198 | ewilson@email.com

Registered Patient Information:

Name: Emily J. Wilson
Date of Birth: February 12, 1995
Address: 123 Oakwood Drive
City: Anytown
State: CA
Zip: 95234
Phone: (555) 384-2198

Emergency Contact:
Name: Michael Davis
Relationship: Mother
Phone: (777) 123-4567
Email: mdavis@email.com

Insurance Information:
Policy Number: ABC-1234
Provider Name: Anytown Medical Center
Group Plan Name: HealthyStart

Financial Information:
Account Type: Checking
Account Number: 9876543210
Bank Name: FirstNational Bank of USA
Routing Number: 111000025

Personal History:
Mrs. Wilson has a history of hypertension and diabetes. She is allergic to penicillin.

Medications:
- Lisinopril
- Glipizide

Medical History:
- Myocardial Infarction (2018)
- Appendectomy (2005)

Next of Kin:

Name: Michael Davis
Relationship: Mother",Patient Administrative,RESTRICTED,generated,patient registration document with contact details
"John Smith
123 Main Street
Anytown, CA 12345
(555) 0100 ext. 4567
john.smith@email.com

Patient Registration Document

Name: John Smith
Date of Birth: February 12, 1992
Social Security Number: 092-84-2198
Address: 123 Main Street, Anytown, CA 12345

Contact Information:

* Phone: (555) 0100 ext. 4567
* Email: john.smith@email.com
* Cell Phone: (800) 555-1234

Bank Information for Payment:
Account Holder Name: John Smith
Account Type: Checking Account
Account Number: 9876543210
Routing Number: 0123456789
Bank Name: First National Bank of Anytown

Insurance Information:

* Health Insurance Plan: Blue Cross Blue Shield
* Policy Number: B0012345
* Group Number: ABC1234

Emergency Contact:
Name: Jane Doe
Phone: (555) 9012",Patient Administrative,RESTRICTED,generated,patient registration document with contact details
"John Smith
123 Main Street
Anytown, CA 12345
(555) 0100 | (800) 555-0123 | john.smith@email.com

Bank Account Information:
Account Holder: John Smith
Account Number: 9876543210
 routing number: 0112345678
 Bank Name: First National Bank of Anytown
Branch Location: 456 Elm Street, Anytown, CA 12345

Insurance Information:
Health Insurance Plan: Blue Cross Blue Shield of Anytown
Plan ID: BCBS-001234
Dental Insurance Plan: Delta Dental of Anytown
Plan ID: DD-012345

Employment Information:
Employer: XYZ Corporation
Job Title: Software Engineer
Salary: $80,000.00 per year
Benefits Package: Health, dental, vision, 401(k)

Residency Information:
City of Residency: Anytown, CA
State of Residency: California
Zip Code of Residency: 12345

Emergency Contact Information:
Name: Jane Doe
Phone Number: (555) 777-7777
Email: jane.doe@email.com",Patient Administrative,RESTRICTED,generated,patient registration document with contact details
"John Smith
123 Main Street
Anytown, USA 12345
(555) 0100 ext. 4567
[john.smith@email.com](mailto:joh.smith@email.com)

Personal Identification Number: 987654321
Date of Birth: February 12, 1990
Social Security Number: 123-45-6789

Address History:
Anytown, USA 12345 (123 Main St)
Anyville, USA 23456 (456 Elm St)
Springfield, USA 34567 (789 Oak Ave)

Bank Account Information:
Account Type: Checking
Account Number: 98765432101
Routing Number: 0123456789
Bank Name: First National Bank of Anytown

Insurance Information:
Health Insurance Plan: XYZ Insurance Company
Policy Number: 1234567890
Dental Insurance Plan: ABC Dental Insurance
Policy Number: 987654321

Emergency Contact:
Name: Jane Doe
Phone: (555) 9012
Address: 456 Maple St, Anytown, USA 12345",Patient Administrative,RESTRICTED,generated,patient registration document with contact details
"John P. Bottomley
123 Main Street
Anytown, USA 12345
(555) 0100 ext. 4567
john.bottomley@email.com

Patient Registration Document

Patient Name: John P. Bottomley
Date of Birth: February 12, 1985
Social Security Number: 8923-2198-8765
Address: 123 Main Street, Anytown, USA 12345
City: Anytown
State: USA
Zip Code: 12345

Contact Information for Primary Caregiver:
Primary Caregiver Name: Emily Wilson
Phone Number: (555) 2345
Email Address: emily.wilson@email.com

Insurance Information:
- Insurance Company: Green Valley Health
- Policy Number: GVH-012345
- Group Plan Type: A

Bank Information for Financial Assistance:
- Bank Name: Pacific Coast Bank
- Account Number: PCB-9876543210
- Routing Number: 123456789
- Bank Account Type: Personal Savings",Patient Administrative,RESTRICTED,generated,patient registration document with contact details
"Emily J. Wilson
123 Oakbrook Drive
Apt 4B
Springfield, IL 62704
(217) 342-0198
emily.j.wilson@email.com

Employee ID: EW001234

Personal Details:
- Date of Birth: February 12, 1985
- Social Security Number: 923-54-8263
- Driver's License State: Illinois
- Residency: Since 2007

Employment Information:
- Job Title: Registered Nurse
- Department: ICU
- Salary: $76,219.00 per annum
- Benefits Package:
  - Health Insurance (Aetna)
  - Dental and Vision Insurance (Delta Dental)
  - 401(k) Plan with employer match of 5%
  - Paid Time Off: 4 weeks per year
  - Sick Leave: 3 days per year

Bank Account Information for Direct Deposit:
- Bank Name: First Illinois National Bank
- Routing Number: 011178909
- Checking Account Number: 1234567890
- Bank Address: 456 Elm Street, Springfield, IL 62701",Patient Administrative,RESTRICTED,generated,staff personal employment record
"Brenton Reed
123 Maple Ridge Drive
Apt 402
Springfield, IL 62701
(555) 876-2345
brenton.reed@email.gov

Employment Information:
Employee ID: HR-1432
Job Title: Registered Nurse
Department: Medical ICU
Date of Hire: February 10, 2007
Current Status: Active
Salary: $94,321.41 per year

Bank Account Information (for direct deposit):
Account Number: 011-2345-6789-0123
Institution: Springdale Community Bank
Routing Number: 021-032-4567
Address: 789 Oakwood Drive, Springfield, IL 62711

Benefit Details:
Health Insurance: Blue Cross Blue Shield
Dental Insurance: United Healthcare
Retirement Plan: Employer Matched 401(k)
Holidays Per Year: 10 Paid Holidays + 5 Floating Holidays

Employee Information:
Marital Status: Married to Sarah Jenkins
Children: Two (Ava, Ethan)",Patient Administrative,RESTRICTED,generated,staff personal employment record
"Zara P. Bottoms
123 Oakdale Drive
Apex, CO 80804
(555) 234-5678 | zara.bottoms@email.com

Employment History:

* Medical Assistant, Spring Valley Hospital (2018-Present)
 + Assisted patients with vital signs and medical procedures
 + Maintained accurate patient records and completed paperwork as needed
* Certified Nursing Assistant, Golden Heights Care Center (2015-2018)
 + Provided basic care to residents, including bathing and dressing
 + Assisted with medication management and supervised activities

Education:

* Associate of Applied Science in Medical Assisting, Apex Community College (2015)

Certifications:

* Certified Medical Assistant (CMA), American Association of Medical Assistants (2018)
* Basic Life Support (BLS), American Heart Association (2020)

Bank Information:

Account Type: Checking
Account Number: 123456789
Routing Number: 011002567
Address: P.O. Box 98765, Apex, CO 80804

Social Security Number: 987-65-4321

Emergency Contact:

* Name: John F. Doe
* Address: 456 Maple Street, Apex, CO 80804
* Phone: (555) 901-2345",Patient Administrative,RESTRICTED,generated,staff personal employment record
"Beverly P. Bottomsworth, Staff ID: 001234
Date of Birth: February 27, 1975

Address: 456 Elmwood Drive, Apartment 3B, Springfield, CO 80814
Phone: (555) 221-8765
Email: [beverly.bottomsworth@springfieldhospital.org](mailto:beverly.bottomsworth@springfieldhospital.org)

Bank Account Information:
Account Type: Checking
Account Number: 9876543210
Bank Name: First National Bank of Springfield
Routing Number: 011876

Employment Information:

- Job Title: Registered Nurse
- Department: ICU
- Hire Date: January 10, 2005
- Salary: $60,000.00 per annum
- Benefits Include: Health Insurance, Paid Time Off, Retirement Plan

Professional Qualifications:
- RN (Licensed)
- BSN (Bachelor of Science in Nursing), University of Denver, May 2003
- CCRN (Certified Critical Care Registered Nurse)

Education and Certifications:

- High School Diploma, Lincoln High School, June 1999
- Certification in Basic Life Support, American Heart Association

Licenses:
- Colorado RN License #00001234",Patient Administrative,RESTRICTED,generated,staff personal employment record
"EMPLEOYMENT RECORD

Name: Regina P. Bottomsworth
Address: 901 Oakdale Drive, Apartment 3B
City: Riverview Heights
State: CO
Zip Code: 81234
Phone: 555-0198
Email: [regina.bottomsworth@riverheights.gov](mailto:regina.bottomsworth@riverheights.gov)

Date of Birth: February 12, 1987
Social Security Number: 876-54-2398

Employment History:

- Riverview Heights Hospital (2015-Present)
 - Staff Nurse, Med-Surg Unit
 - Date of Hire: January 19, 2016
- Part-Time Instructor, River Heights Community College (2012-2014)
 - Course: Medical Terminology
 - Semester: Fall 2013

Education:

- Bachelor of Science in Nursing, University of Riverview Heights (2008-2012)

Certifications:

- Basic Life Support (BLS) Certification Expiration Date: June 30, 2025
- Advanced Cardiovascular Life Support (ACLS) Certification Expiration Date: June 30, 2023

Bank Information:
Account Number: 0123456789
Bank Name: Riverview Heights Federal Credit Union
Routing Number: 123456789
Account Type: Checking

Emergency Contact:
Name: Aunt Mabel Thompson
Address: 456 Maple Street, Riverview Heights, CO 81234
Phone: 555-0174",Patient Administrative,RESTRICTED,generated,staff personal employment record
"John Smith
123 Main Street, Apt 456
Anytown, CA 12345
(555) 0100 ext. 1234
john.smith@anytownhospital.org

Employment Information:

* Job Title: Registered Nurse
* Department: Medical ICU
* Start Date: January 1, 2018
* End Date: N/A (Current Employee)
* Salary: $85,000/year
* Benefits: Health, Dental, Vision, 401(k), Paid Time Off

Bank Account Information:

* Checking Account: 1234567890 @ Anytown Bank (Routing # 0123456789)
* Savings Account: 9876543210 @ Anytown Bank (Routing # 9012345678)

Personal Details:

* Date of Birth: February 12, 1992
* Social Security Number: 999-87-8765
* Driver's License Number: CA-123456789

Professional Certifications:

* RN - California State Board of Registered Nursing
* BLS/CPR Certification - American Heart Association

Education:

* Associate Degree in Nursing - Anytown Community College (2016)
* Bachelor of Science in Nursing - University of Anytown (2018)

References:

Available upon request.",Patient Administrative,RESTRICTED,generated,staff personal employment record
"Emily Chen
123 Oakwood Drive
Apt 4B
Springfield, IL 62704
(555) 876-5432 | emilychen@email.com

Employment Record

Employee ID: EC001
Job Title: Registered Nurse
Department: Medical-Surgical Unit
Reports to: Karen Thompson, Charge Nurse

Employment Dates: January 10, 2018 - Present

Salary: $62,400.00 per year
Benefits Package: Health, Dental, Vision, 401(k) matching (3% annual contribution)
Paid Time Off: 2 weeks per year + 10 paid holidays

Education:
- Bachelor of Science in Nursing, University of Illinois at Springfield (2015)

Certifications:
- RN, Illinois Department of Public Health (2015)
- BLS/CPR, American Heart Association (2018)

Professional Affiliations:
- Member, Sigma Theta Tau International (2016-Present)
- Active Volunteer, American Cancer Society (2018-Present)

Bank Account Information:

Account Type: Checking
Routing Number: 111000025
Account Number: 1234567890
Bank Name: First Community Bank of Springfield

Please note that all information in this document is entirely fictional and not meant to be used for any real individual. This synthetic data is generated solely for the purpose of training an NLP classifier.",Patient Administrative,RESTRICTED,generated,staff personal employment record
"Emily Chen
123 Maple Ridge Drive
Apt 3B
Springfield, IL 62704
(555) 876-2345
emily.chen@email.com
(555) 012-3456 (Cell)

Employment Information:

- Department: Medical Imaging
- Job Title: Senior Radiologist
- Start Date: January 1, 2008
- End Date: June 30, 2022

Bank Account Information:

- Bank Name: First National Bank of Springfield
- Branch Location: 456 Oak Street
- Account Number: 9876543210
- Routing Number: 111000928
- Checking Balance: $2345.67
- Savings Account: 5432109876

Personal Details:

- SSN: 923-48-2198
- Date of Birth: February 12, 1975
- Marital Status: Married (to John Smith)
- Number of Dependents: 2",Patient Administrative,RESTRICTED,generated,staff personal employment record
"Emily J. Wilson
123 Maplewood Drive
Apartment 456
Riverview, CO 81234
(985) 678-3210 | ewilson@riverviewhospital.org

Employment Information:

Employee Name: Emily J. Wilson
Job Title: Registered Nurse
Department: Medical ICU
Job ID: RH-1234
Employment Start Date: 01/02/2018
Last Day of Employment: N/A (Active)

Personal Details:
Marital Status: Married
Children: 2
Religion: Presbyterian

Bank Information:

Bank Name: Riverview Community Bank
Account Type: Checking
Account Number: RCB-9876543210
Routing Number: 0112345678
Sort Code: 12-34-5678

Benefits and Payroll Information:
Pay Rate: $65.00/hour
Overtime Pay Rate: $85.00/hour
Benefits Include: Medical, Dental, Vision, Life Insurance, Retirement Plan

Address Change Notification (None)

Other Details:
CPR Certification: Yes
Basic Life Support Certification: Yes
Continuing Education Credits: 50",Patient Administrative,RESTRICTED,generated,staff personal employment record
"Emily J. Wilson
123 Elm Court
Apt 4B
Springfield, IL 62704
(217) 392-8192 | ewilson@emailinator.com

Employment Information:

Employee Name: Emily J. Wilson
Job Title: Registered Nurse
Department: Medical Intensive Care Unit (MICU)
Supervisor: Dr. Lisa Nguyen
Hire Date: February 10, 2018
Salary: $73,412.50 per annum
Benefits: Comprehensive health insurance, retirement plan, paid time off

Bank Information:

Account Holder: Emily J. Wilson
Account Type: Checking
Account Number: 1234567890
Routing Number: 021370264
Bank Name: Springville Bank & Trust
Address: 456 Oak Street
Springfield, IL 62701

Personal Details:

Marital Status: Single
Residence Type: Owner Occupant
Pets: None

Education and Certifications:

* Bachelor of Science in Nursing, University of Illinois at Springfield (2016)
* Certified Critical Care Nurse, American Red Cross (2020)

Professional Memberships:

* Member, American Nurses Association (ANA)
* Member, Critical Care Society",Patient Administrative,RESTRICTED,generated,staff personal employment record
"Emily J. Wilson
123 Oakwood Drive
Apt 4B
Springfield, IL 62704
(217) 555-8123
emily.j.wilson@email.com

Employment History:

Staff Nurse
Springfield Memorial Hospital (2018 - Present)

* Assisted with surgical procedures and patient care under the supervision of attending physicians
* Developed and implemented individualized care plans for patients with complex medical needs
* Collaborated with interdisciplinary teams to achieve optimal patient outcomes

Registered Nurse
Springfield Regional Hospital (2015 - 2018)

* Provided direct patient care in various units, including med-surg and ICU
* Conducted health assessments and developed education plans for patients and families
* Participated in quality improvement initiatives to enhance patient satisfaction and safety

Education:

* Bachelor of Science in Nursing, Springfield University (2015)
* Associate Degree in Nursing, Lincoln Community College (2013)

Certifications:

* Basic Life Support (BLS) certification, American Heart Association (2018)
* Certified Critical Care Registered Nurse (CCRN), American Association of Critical Care Nurses (2016)

Bank Information:

Account Type: Checking
Account Number: 0123456789
Routing Number: 111000026
Address: 456 Maple Street, Apartment 3A, Springfield, IL 62701",Patient Administrative,RESTRICTED,generated,staff personal employment record
"John Smith
123 Main Street, Apt 456
Anytown, CA 12345
(555) 0100 ext. 1234
john.smith@email.com

Employment Information:

- Employee ID: EMP-0123
- Job Title: Registered Nurse
- Department: Medical Staff
- Hire Date: 02/10/2018
- Salary: $95,000.00 per year
- Benefits Package: Includes comprehensive health insurance, retirement plan, and paid time off

Bank Information:

- Checking Account: Bank of Anytown, Account #1234567890
  Address: 456 Elm Street, Anytown, CA 12345
  Routing Number: 0112345678
  Balance: $12,431.19

- Savings Account: First National Bank of Anytown, Account #9012345678
  Address: 789 Oak Street, Anytown, CA 12345
  Routing Number: 0112345679
  Balance: $5,421.95

Personal Information:

- Marital Status: Married
- Children: 2
- Hobbies: Reading, hiking
- Education: Bachelor of Science in Nursing from Anytown University (2016)
- Awards and Recognition: Recipient of the 2020 Nurses' Excellence Award",Patient Administrative,RESTRICTED,generated,staff personal employment record
"Zara P. Bottomsworth
123 Oakwood Drive
Anytown, CA 95234
(555) 876-5432
zpb@medicalsearch.net

Date of Birth: February 12, 1985
Social Security Number: 6243-8196-2354
Driver's License State: California

Employment Details:

- Job Title: Chief Operating Officer
- Department: Hospital Administration
- Hire Date: January 1, 2010
- Salary: $250,000.00 per annum
- Benefits: Health, Dental, Vision, Life Insurance, Retirement Plan

Bank Account Information:
Account Type: Savings Account
Account Number: 1234567890
Institution: NewHope Bank
Routing Number: 0123456789
Bank Address: 456 Elm Street, Anytown, CA 95234

Education:

- Bachelor's Degree in Business Administration, University of California, Berkeley (2005)
- Master's Degree in Healthcare Management, University of Southern California (2012)

Professional Memberships:
- Member, American College of Healthcare Executives
- Member, Healthcare Financial Management Association",Patient Administrative,RESTRICTED,generated,staff personal employment record
"Emily Chen
123 Oakbrook Drive
Apt 4B
Springfield, IL 62704
(217) 765-4321
emily.chen@email.com

Personal Employment Record

Employee Name: Emily Chen
Employee ID: ECHEN001
Job Title: Registered Nurse
Employment Status: Active
Date of Birth: February 12, 1995
Social Security Number: 892-34-8192

Address History:
123 Oakbrook Drive
Springfield, IL 62704 (Current)
456 Elm Street
Springfield, IL 62701 (Previous)

Bank Information:

* Bank Name: First National Bank of Springfield
* Account Type: Checking
* Account Number: 1234567890
* Routing Number: 0112345678
* Bank Address: 789 Main St, Springfield, IL 62701

Employment Details:
- Hospital Name: Springfield Memorial Hospital
- Start Date: February 12, 2015
- End Date: N/A
- Job Title: Registered Nurse
- Salary: $75,000 per year
- Benefits: Health, Dental, Vision, Retirement Plan

Emergency Contact Information:
* Name: John Lee
* Relationship: Mother
* Phone Number: (217) 543-2100
* Email: john.lee@email.com",Patient Administrative,RESTRICTED,generated,staff personal employment record
"Emily J. Wilson
123 Oakwood Drive
Apt 3B
Riverview, CO 81234
(555) 742-0198 | ewilson@email.com | https://example.com/ewilson

Employment History:

Staff Registered Nurse at Riverview General Hospital (2018-Present)
- Provided direct patient care to adult and pediatric patients under the supervision of attending physicians.
- Participated in hospital-wide quality improvement initiatives to enhance patient outcomes.

Staff Certified Nursing Assistant at Willow Creek Rehabilitation Center (2015-2018)
- Assisted licensed nurses with basic patient care, including bathing, dressing, and mobilization as needed.
- Maintained accurate records of patient progress and notified supervising nurse of any changes or concerns.

Personal Financial Information:

Bank Account: 1234567890 | Bank Name: Riverview Community Bank
Bank Routing Number: 0112345678

Retirement Plan Contributions:
401(k) - $3,500/month contribution through Riverview General Hospital's employee plan",Patient Administrative,RESTRICTED,generated,staff personal employment record
"Here is a fictional synthetic hospital staff personal employment record:

Emily Wilson
123 Oak Drive
Anytown, CA 12345
(555) 234-5678 | ewilson@hospitallink.com
SW000001

Employee Information:
Name: Emily Wilson
Job Title: Registered Nurse
Department: Medical Intensive Care Unit
Reports to: Dr. Michael Davis

Personal Details:
Date of Birth: 02/12/1992
Social Security Number: 092-34-1567
Address History:
123 Oak Drive, Anytown, CA 12345 (01/2018 - Present)
456 Maple Street, Springfield, IL 62704 (06/2015 - 01/2018)

Work Experience:

Registered Nurse, Anytown General Hospital (01/2018 - Present)
- Care for critically ill patients in the Medical Intensive Care Unit
- Collaborate with healthcare teams to develop and implement patient care plans

Staff Bank Information:
Bank of Anytown Branch
Account Number: 0012345678
Routing Number: 123456789
IBAN: US0123456789012345

Employee Benefits:
Health Insurance: Blue Cross Blue Shield
Retirement Plan: Hospitallink Retirement Plan (401(k))

Security Clearance: Level 2",Patient Administrative,RESTRICTED,generated,staff personal employment record
"Emily Wilson
123 Oakdale Drive
Apt 4B
Springfield, IL 62704
(555) 876-5432
emily.wilson@email.com
Date of Birth: March 12, 1995

Employment Information:
Current Position: Registered Nurse
Department: Medical-Surgical
Shift: Day Shift
Work Schedule: Monday - Friday 7am - 3pm
Salary: $65,000 per year
Benefits Include:
- Health Insurance through SpringHill Benefits
- Dental and Vision Insurance through DentalCare Plus
- 401(k) Retirement Plan with Employer Matching

Bank Account Information:
Account Holder Name: Emily Wilson
Bank Name: FirstNational Bank of Springfield
Account Number: 1234567890
Routing Number: 12-3456789
Check Writing Limit: $500 per transaction
Automatic Payments Allowed for Direct Deposit

Special Instructions:
Emily is not eligible to work on weekends. She requires a minimum of two weeks' notice prior to taking time off.",Patient Administrative,RESTRICTED,generated,staff personal employment record
"Emily J. Wilson
123 Elm Street Apt 456
Springfield, IL 62704
(555) 876-2345 | ewilson@email.com

Employment History:

* Registered Nurse at Oakwood Hospital (2018 - Present)
	+ Date of Birth: March 12, 1992
	+ Social Security Number: 923-88-4567
	+ High School Diploma, Springfield High School (2006 - 2010)
	+ Associate's Degree in Nursing, Coles College of Health and Human Services (2010 - 2012)
* Licensed Practical Nurse at Green Valley Healthcare (2012 - 2018)
	+ Bank Account: HSBC Savings 123456789
	+ Credit Card: Capital One Platinum 9876.5432

Personal Details:

* Marital Status: Divorced
* Children: 1 son, age 7
* Hobbies: Yoga, hiking, reading
* Medical Conditions: Asthma, Allergies

Professional Certifications:

* BLS Certification (2018)
* CPR Certification (2020)

Education:

* Master's Degree in Public Health, University of Illinois at Urbana-Champaign (2015 - 2017)

References:

Available upon request.",Patient Administrative,RESTRICTED,generated,staff personal employment record
"Emily J. Wilson
123 Oakdale Drive
Apt 4B
Springfield, IL 62704
(217) 384-2198
emily.j.wilson@email.com
Employee ID: EJW00123

Staff Employment Record

Name: Emily J. Wilson
Title: Registered Nurse
Department: ICU
Job Title Since: January 1, 2018

Employment History:

* Springfield Memorial Hospital (2018-Present)
 + Registered Nurse, ICU
 + Shift Lead, Nights (2020-2022)
* Mercy General Hospital (2015-2018)
 + Staff Registered Nurse
 + Float Pool Membership (2016-2017)

Education:

* Bachelor of Science in Nursing, University of Illinois at Springfield (2014-2015)
* Associate Degree in Nursing, Coles College of DuPage (2009-2011)

Certifications:

* BLS/CPR/First Aid
* ACLS
* PALS

Bank Information:
Account Type: Checking
Account Number: 1234567890
Routing Number: 0112357654
Bank Name: First National Bank of Springfield",Patient Administrative,RESTRICTED,generated,staff personal employment record
"John P. Wilson
123 Elm Street
Apt 304
Springfield, IL 62704
(555) 234-5678 | (800) 123-4567 | jpwilson@springfieldhospital.com

Employment Record:

Employee ID: SPH-001234

Name: John P. Wilson
Date of Birth: February 12, 1985
Social Security Number: 92-34-2198

Address: 123 Elm Street, Apt 304, Springfield, IL 62704

Phone: (555) 234-5678 | (800) 123-4567

Email: jpwilson@springfieldhospital.com

Hiring Date: March 1, 2015
Job Title: Registered Nurse
Department: Medical ICU
Supervisor: Dr. Maria Rodriguez

Pay Rate: $85,000 per year
Hours Worked: 40 hours/week

Bank Information:
Bank of Springfield
Account Number: 0012345678
Routing Number: 11-0256
Account Type: Personal Checking

Credit Score: 750

Education:

* Bachelor's Degree in Nursing, University of Illinois (2012)
* Master's Degree in Healthcare Administration, Southern Illinois University (2015)

Licenses/Certifications:
Registered Nurse License State of IL #001234
Basic Life Support Certification #SPH-1234",Patient Administrative,RESTRICTED,generated,staff personal employment record
"Emily Chen
123 Oakdale Drive
Apt 456
Springfield, IL 62704
(555) 876-5432
echen@springfield.org

Employment History:

* Hospital Administrator, Springdale General Hospital (2018 - Present)
* Staff Nurse, University of Illinois Medical Center (2015 - 2018)
* Medical Assistant, Oakwood Clinic (2012 - 2015)

Education:
Bachelor of Science in Nursing, University of Chicago (2012)
Associate of Applied Science in Medical Assisting, Elgin Community College (2009)

Licenses/Certifications:
Illinois RN License (#123456)
Basic Life Support Certification (BLS)
CPR/First Aid Certification

Bank Information:
Account Type: Checking
Account Number: 9876543210
Routing Number: 111000027
Bank Name: First American Bank
Address: 789 Main St, Springfield, IL 62701",Patient Administrative,RESTRICTED,generated,staff personal employment record
"Emily J. Wilson
123 Elm Street, Apt 456
Anytown, CA 12345
(555) 219-8765 | ewilson@email.gov

Employment Record

Name: Emily J. Wilson
Employee ID: EW001234
Job Title: Registered Nurse
Department: Medical Unit 3
Supervisor: Dr. Lisa Nguyen

Personal Details:
- Date of Birth: 02/12/1992
- Social Security Number: 92-76-2198
- Emergency Contact: Mr. David M. Davis, 789 Oak Street, Anytown, CA 12345, (555) 456-7890

Employment History:

- Registered Nurse, Anytown General Hospital (2015-Present)
- Staff Nurse, Springville Community Hospital (2012-2015)

Education:
- Bachelor of Science in Nursing, Anytown University School of Nursing (2012)
- Associate Degree in Nursing, Springville Community College (2008)

Bank Account Information for Direct Deposit:
- Bank Name: First National Bank of Anytown
- Account Number: 123456789
- Routing Number: 0123456789
- Address: 456 Maple Street, Apt 101, Anytown, CA 12345",Patient Administrative,RESTRICTED,generated,staff personal employment record
"Emily J. Wilson
123 Maple Ridge Drive
Apt 4B
Springfield, IL 62704
(555) 876-2345
emily.j.wilson@gmail.com

Employment Details:
Position: Registered Nurse
Department: Medical ICU
Start Date: March 15, 2008
End Date: Present

Personal Details:
Marital Status: Married
Spouse's Name: David M. Wilson
Spouse's Occupation: High School Physics Teacher
Residence: Same as above

Bank Account Information (for direct deposit):
Account Type: Checking
Account Number: 4567890123
Routing Number: 121000789
Institution: Springfield Community Bank & Trust

Tax Information:
Social Security Number: 987654321X
Employee ID: RWL1234
Benefits Plan: Health Savings Account (HSA)

Education and Certifications:
- Bachelor of Science in Nursing, University of Illinois at Springfield (2006)
- Registered Nurse Certification, State of Illinois (2008)
- Certified Critical Care Nurse, American Association of Critical Care Nurses (2010)",Patient Administrative,RESTRICTED,generated,staff personal employment record
"Employment Record - Staff Personal Details

Name: Ethan Patel
Address: 456 Elm Street, Apt 3B, Springfield, CO 80503
Phone: (720) 987-6542
Email: [ethanp@springfieldmed.com](mailto:ethanp@springfieldmed.com)

Bank Account Information:
Account Type: Checking
Account Number: 9876543210
Routing Number: 121000358
Bank Name: First National Bank of Springfield

Social Security Number: 842-19-8765
Date of Birth: February 12, 1992

Marital Status: Married to Rachel Lee Patel
Spouse's Occupation: Registered Nurse
Children: Two (Emily and Jackson)

Education:
Bachelor of Science in Nursing, University of Colorado Denver (2010-2014)
Master of Science in Healthcare Administration, Colorado State University (2016-2018)

Professional Affiliations:
Member, American Nurses Association
Member, Society for Healthcare Leadership

Certifications:
RN - Registered Nurse
CENP - Certified Emergency Nurse Practitioner

Languages Spoken: English, Spanish",Patient Administrative,RESTRICTED,generated,staff personal employment record
"Emily J. Wilson
123 Elm Street, Apartment 456
Anytown, CA 12345
(555) 654-3210 | ewilson@email.com

Employee Information:

* Employee ID: EW0001
* Job Title: Registered Nurse
* Department: Medical Staff
* Dates of Employment: January 1, 2018 - Present

Personal Details:

* Marital Status: Married to John D. Wilson
* Number of Children: Two (Jack and Lily)
* Education: Bachelor of Science in Nursing, Anytown University School of Nursing (2015)

Banking Information:

* Checking Account: EW1234567890, Bank of America
* Routing Number: 121000358
* Address: 123 Main Street, Anytown, CA 12345

Employment History:

* Anytown General Hospital (2018 - Present)
 + Registered Nurse
 + Supervised patient care under the direction of Senior Registered Nurses
 + Developed and implemented new patient treatment plans to improve outcomes
* Anytown Community Hospital (2015 - 2018)
 + Registered Nurse
 + Assisted with daily operations and staff development

Certifications:

* Basic Life Support Certification (BLS), American Heart Association (2020)
* Advanced Cardiovascular Life Support Certification (ACLS), American Heart Association (2019)

Professional Memberships:

* Anytown Nurses Association
* American Nurses Association",Patient Administrative,RESTRICTED,generated,staff personal employment record
"Emily J. Wilson
123 Oakwood Drive
Apartment 456
Anytown, CA 01234
(555) 742-2198
emilyjwilson@email.com

Employment Details:

Position: Registered Nurse
Department: Intensive Care Unit
Reports to: Dr. Lisa Nguyen
Date of Hire: January 1, 2015
Contract Type: Full-time

Bank Details:

- Bank Name: First National Bank of Anytown
- Account Number: FNB001234
- Routing Number: 123456789
- Bank Address: 567 Maple Street, Anytown, CA 01234

Work Experience:

Anytown General Hospital (2015 - Present)
Registered Nurse, Intensive Care Unit
- Provided high-quality patient care to critically ill adults.
- Collaborated with interdisciplinary teams to develop and implement individualized care plans.

Pleasantview Memorial Hospital (2010 - 2014)
Staff Nurse, Medical-Surgical Unit
- Assessed patient needs and developed strategies to address these needs.
- Participated in hospital-wide quality improvement initiatives.",Patient Administrative,RESTRICTED,generated,staff personal employment record
"John Smith
123 Main Street, Apt 456
Anytown, USA 12345
(555) 0100 | (800) 123-4567 | john.smith@email.com | smithjoh@hospital.org

Employment Information:
Date of Birth: February 12, 1990
Social Security Number: 92-78-2198
Date Hired: January 1, 2015

Education:
Bachelor of Science in Nursing, University of Medical Studies (2012)
Master of Science in Public Health, Harvard University (2016)

Work Experience:

Staff Nurse, Anytown General Hospital (2015-Present)

* Provide primary and specialty care to patients
* Participate in hospital rounds and multidisciplinary team meetings
* Develop and implement patient education programs

Certifications:
Registered Nurse (RN)
Advanced Cardiovascular Life Support (ACLS)
Pediatric Advanced Life Support (PALS)

Bank Account Information for Direct Deposit:
Account Name: John Smith
Account Number: 0012345678
Routing Number: 1234567890
Institution Name: Anytown Bank & Trust",Patient Administrative,RESTRICTED,generated,staff personal employment record
"Emily J. Wilson
123 Maple Ridge Drive
Apt 4B, Springfield, IL 62704
(217) 555-0101
emily.j.wilson@email.com

Date of Birth: February 12, 1987
SSN: 987-65-4321
Bank Account: 1234567890 @ First National Bank of Springfield (Account Balance: $5,421.19)
Employment History:

Employee ID: EW001
Job Title: Registered Nurse
Department: Medical Intensive Care Unit
Hiring Date: January 2, 2018

Education:
- BSN, University of Illinois at Chicago College of Nursing (2016)

Certifications:
- Basic Life Support, American Heart Association
- Advanced Cardiovascular Life Support, American Heart Association

Salary: $82,410.00 per year
Benefits:

Health Insurance: UnitedHealthcare Group Plan 1234
Dental Insurance: Delta Dental of Illinois
401(k) Retirement Plan: 5% employer match

Employee Conduct:
- All hospital employees are expected to maintain confidentiality of patient information.
- Any unauthorized disclosure of confidential information may result in disciplinary action.

Note: This document is for training purposes only and should not be used in any real-world application.",Patient Administrative,RESTRICTED,generated,staff personal employment record
"Emily J. Wilson
123 Oakwood Drive
Apt 3B
Springfield, IL 62701
(217) 345-2198 | ewilson@email.gov

Date of Birth: February 12, 1992
Social Security Number: 934-62-8191

Employment Details:
Current Position: Registered Nurse
Hospital Name: Springdale Regional Hospital
Address: 456 Elm Street
Springfield, IL 62704

Employee Type: Full-time
Employment Status: Active
Tenure: 5 years

Salary Information:
Gross Annual Salary: $85,000.00
Net Annual Salary (after taxes): $73,421.19
Benefits Package: Includes health insurance, dental insurance, and retirement plan.

Bank Account Information for Direct Deposit:
Account Name: Emily J. Wilson
Bank Name: First National Bank of Springfield
Routing Number: 0418765656
Account Number: 234567890

Employee Clearance Level: Level 3 (Access to all areas of the hospital)

Certifications and Education:

- BSN, University of Illinois College of Medicine
- CCRN II Certification
- ACLS Certification

Professional Memberships:
- American Nurses Association (ANA)
- Illinois Nurses Association (INA)",Patient Administrative,RESTRICTED,generated,staff personal employment record
"Emily J. Wilson
123 Maple Street, Apt 3B
Anytown, CA 95312
(555) 876-2345 | emily.wilson@email.com | LinkedIn: linkedin.com/in/emilyjwilson

Employment Information:

Employee ID: EJW001
Job Title: Registered Nurse
Department: ICU
Employing Organization: Oakdale Hospital
Start Date: January 2, 2020
End Date: N/A

Work Experience:

Registered Nurse, ICU (Jan 2, 2020 - Present)

- Conducted routine patient assessments and developed individualized care plans
- Administered medications and treatments as prescribed by physicians
- Collaborated with interdisciplinary teams to coordinate patient care

Education:

Bachelor of Science in Nursing, Anytown University (2018)
Registered Nurse License #RNG123456

Professional Memberships:

- American Nurses Association (#ANAPRN1234)
- California Nurses Association (#CANRN56789)

Bank Information for Direct Deposit:

Account Type: Checking
Account Number: 9876543210
Routing Number: 121000012
Bank Name: First National Bank of Anytown",Patient Administrative,RESTRICTED,generated,staff personal employment record
"Emily Chen
123 Oakwood Drive
Apartment 412
Anytown, CA 12345
(555) 876-5432
emily.chen@email.com

Employment Information:

* Job Title: Registered Nurse
* Department: Medical Intensive Care Unit
* Shift: Nights
* Salary: $65,000.00 per year
* Benefits:
 + Health Insurance (Blue Cross)
 + Dental Plan (Delta Dental)
 + Vision Coverage (EyeMed)
* Paid Time Off: 2 weeks per year
* Holidays Observed: New Year's Day, Memorial Day, Independence Day, Thanksgiving Day

Bank Information:

* Checking Account: 0123456789abcd (First National Bank of Anytown)
* Routing Number: 0112345678
* Account Type: Checking

Personal Details:

* Date of Birth: February 12, 1992
* Social Security Number: 9876543210
* Marital Status: Married
* Dependents: 1 son (age 10)

Work History:

* Registered Nurse, Anytown General Hospital (2018 - Present)
 + Provided nursing care to patients in the Medical Intensive Care Unit
 + Developed and implemented individualized care plans for patients

Education:

* Bachelor of Science in Nursing, Anytown University (2015 - 2018)",Patient Administrative,RESTRICTED,generated,staff personal employment record
"John Smith
123 Main Street, Apt 456
Anytown, CA 01234
(555) 0100 ext. 1234
john.smith@anytownhospital.org

Employment Information:

- Job Title: Registered Nurse
- Department: ICU
- Start Date: January 1, 2018
- End Date: (Open)
- Salary: $85,000 annually
- Benefits:
  - Health Insurance (BlueCross BlueShield)
  - Dental Insurance (Delta Dental)
  - Vision Insurance (VSP)
  - Retirement Plan (401(k))

Bank Information:

- Bank Name: First National Bank of Anytown
- Account Type: Individual Checking
- Account Number: 1234567890
- Routing Number: 0123456789
- IBAN: US12FNBANYT1234567890

Personal Details:

- Date of Birth: March 22, 1992
- Social Security Number: 987654321
- Driver's License Number: CA-98765432
- Credit Score: 720

Education:

- Bachelor of Science in Nursing, Anytown University (2015)
- Associate Degree in Nursing, Sunshine Community College (2013)

Professional Affiliations:

- Member, American Nurses Association (ANA)
- Member, California Nurses Association (CNA)",Patient Administrative,RESTRICTED,generated,staff personal employment record
"Emily J. Wilson
1234 Oakbrook Drive
Apartment 456
Springfield, IL 62704
(555) 876-5432
emily.j.wilson@email.com
(555) 010-8000

Employment with Springdale Regional Hospital:

*   Date of Hire: March 15, 2005
*   Job Title: Registered Nurse
*   Current Status: Active
*   Contract Type: Full-Time
*   Annual Salary: $80,000.00
*   Benefits Package:
    *   Health Insurance (Springdale Regional Hospital Plan)
    *   Dental Insurance (Springfield Smile Care)
    *   Vision Insurance (Clear View Vision)

Bank Account Information for Direct Deposit:

Account Number: 1234567890
Routing Number: 0111150123
Institution Name: Springfield Bank & Trust

Social Security Number: 478-95-8231

Address for Mailing Purpose:
Emily J. Wilson
1234 Oakbrook Drive
Springfield, IL 62704",Patient Administrative,RESTRICTED,generated,staff personal employment record
"Emily Wilson
123 Maple Ridge Drive
Apt 3B
Riverview, CO 81234
(987) 654-2100 | emilywilson@email.com

Employment Information:
- Date of Hire: March 15, 2018
- Job Title: Registered Nurse
- Department: Medical Unit
- Salary: $75,000.00 per annum
- Benefits Include: Health Insurance, 401(k) Matching, Paid Time Off (4 weeks), and Annual Bonuses

Bank Information for Direct Deposit:
Account Name: Emily Wilson
Account Number: 0012345678
Routing Number: 1210-4567
Bank Name: Riverview National Bank of America

Work Experience:

Registered Nurse - Riverview General Hospital (March 15, 2018 – Present)

* Managed patient care and created personalized treatment plans
* Conducted routine check-ups and provided medical consultations to patients
* Collaborated with the healthcare team to ensure comprehensive patient care

Education:
- Associate of Science in Nursing, Pima Community College (2015–2016)
- Bachelor of Science in Nursing, University of Utah (2016–2018)

Certifications:

- Basic Life Support (BLS) Certification
- Advanced Cardiovascular Life Support (ACLS) Certification",Patient Administrative,RESTRICTED,generated,staff personal employment record
"Emily J. Wilson
123 Maple Ridge Drive
Anytown, CA 98765
(555) 876-5432
ewilson@anytownhospital.org

Employment Information:

Employee ID: HWL-1234
Job Title: Registered Nurse
Department: Medical Surgery
Date of Birth: February 12, 1990
Social Security Number: 923-84-2198
Driver's License Number: CA-987654

Employment History:

Anytown Hospital (2018-Present)
Registered Nurse, Medical Surgery Department

Anytown Community Hospital (2015-2018)
Registered Nurse, Med-Surg Unit

Anytown College of Nursing (2012-2015)
Bachelor of Science in Nursing

Education and Certifications:

* Master of Science in Nursing, University of California, Berkeley (2020)
* Certified Registered Nurse Anesthetist, American Association of Nurse Anesthetists (2018)

Bank Account Information for Direct Deposit:

Account Number: 001234567890
Routing Number: 123456789
Bank Name: Anytown Bank & Trust

Payroll Information:

Gross Pay Period: January 1-31, 2023
Net Pay Period: January 1-31, 2023
Tax Withholding: 10%

Note: This document is for synthetic training data purposes only and does not reflect any real individual's information.",Patient Administrative,RESTRICTED,generated,staff personal employment record
"Emily J. Wilson
123 Oakwood Drive
Anytown, CA 12345
(555) 876-5432 | ewilson@email hospital.org
Employment Information:

Job Title: Registered Nurse
Department: ICU
Employment Status: Full-time
Start Date: January 1, 2018

Education:
• BSN, University of California, San Francisco (2015)
• MSN, University of Oregon (2020)

Certifications:
• BLS/CPR Certification (2018)
• Advanced Cardiovascular Life Support (ACLS) Certification (2020)

Work Experience:

Registered Nurse, Anytown General Hospital (2018 - Present)
• Managed patient care for critically ill patients
• Collaborated with interdisciplinary teams to develop and implement care plans
• Educated patients and families on disease management and treatment options

Bank Account Information:
Account Type: Checking
Account Number: 9876543210
Routing Number: 123456789
Bank Name: First National Bank of Anytown",Patient Administrative,RESTRICTED,generated,staff personal employment record
"John Smith
123 Main Street
Anytown, CA 98765
555-0100 ext. 4567
john.smith@anytownhospital.org

Employee ID: E0001
Employment Date: 02/10/2018
Job Title: Registered Nurse
Department: Medical Staff

Bank Account Information:
Account Type: Checking
Account Number: 1234567890
Routing Number: 1122334455
Bank Name: Anytown Bank & Trust

Benefits:
- Health Insurance: Blue Shield of Anytown
- Dental Insurance: Anytown Dental Plan
- Vision Insurance: Anytown Vision Care
- Retirement Plan: Anytown Hospital Pension Fund

Employment History:

Anytown Hospital (2018-Present)
Registered Nurse, Medical Staff

Anytown Nursing Home (2015-2018)
Staff Registered Nurse

Education:

* Bachelor of Science in Nursing, Anytown University (2015)

Licenses:
- RN License, State of Anytown (2015)
- CPR Certification, American Red Cross (2018)",Patient Administrative,RESTRICTED,generated,staff personal employment record
"John Smith
123 Main Street, Apt 456
Anytown, CA 01234
(555) 0100 | (555) 0101 | john.smith@email.com

Staff Personal Employment Record

Name: John Smith
Date of Birth: 02/15/1985
Social Security Number: 92-54-8234
Address: 123 Main Street, Apt 456, Anytown, CA 01234

Employment Information:

* Job Title: Registered Nurse
* Department: Medical Unit A
* Hire Date: 06/01/2018
* Salary: $65,000.00
* Benefits: Health, Dental, Vision, 401(k)

Bank Account Information:

* Checking Account: 1234567890 @ BankOfAnytown.com
 + Routing Number: 011224
 + Account Type: Checking
 + Balance: $10,421.19

Personal Details:

* Marital Status: Married to Jane Doe
* Dependents: 2 children (Emily and Michael)
* Education: BSN from Anytown University, MSN from ABC University
* Certifications: CCRN, CNOR

Background Check Results:
No criminal history found.

References:
Available upon request.",Patient Administrative,RESTRICTED,generated,staff personal employment record
"John Smith
123 Main Street, Apt 456
Anytown, CA 12345
(555) 0100 ext. 2345 | john.smith@email.com

Date of Birth: March 12, 1992

Employee Type: Full-time Staff

Employment Start Date: January 1, 2018

Job Title: Registered Nurse

Department: Medical Unit 3

Supervisor: Dr. Jane Doe
Phone: (555) 0200 ext. 1123
Email: jane.doe@email.com

Bank Information:
Account Type: Checking
Routing Number: 123456789
Account Holder: John Smith
Last Four Digits: 3729
Bank Name: Anytown Bank & Trust

Social Security Number: 987-65-4321 (for tax purposes only)

Address History:

* 123 Main Street, Apt 456, Anytown, CA 12345 (current)
* 789 Oak Drive, Apt 101, Othertown, CA 67890 (previous residence)
* 321 Pine St, Apt 234, Smallville, CA 56789 (previous residence)

Education:

* Bachelor of Science in Nursing, Anytown University (2018)
* Master's Degree in Nursing Administration, Othertown University (2022)

Certifications:

* Basic Life Support (BLS) - Renewed June 1, 2020
* Advanced Cardiovascular Life Support (ACLS) - Certified February 10, 2019

Note: This document is for synthetic training purposes only and should not be used to represent real individuals or entities.",Patient Administrative,RESTRICTED,generated,staff personal employment record
"Emily J. Wilson
123 Elm Street, Apt 456
Anytown, CA 12345
(555) 234-5678 | ewilson@email.com

Employee ID: EW123456
Date of Birth: 02/12/1990
Social Security Number: 923-54-9821
Driver's License Number: CA987654

Employment Information:
- Job Title: Registered Nurse
- Department: Medical Surgery
- Hire Date: 01/01/2018
- Current Employment Status: Active

Work Experience:

Registered Nurse, Anytown General Hospital (01/01/2018 - Present)
- Managed patient care for adult medical patients
- Collaborated with multidisciplinary teams to develop treatment plans
- Assisted in the implementation of new hospital policies and procedures

Education:

Bachelor of Science in Nursing, Anytown Community College (06/12/2015 - 05/16/2017)

Bank Information:
- Checking Account: Bank of America 9876541234, PO Box 876543 Anytown, CA 12345
- Savings Account: Wells Fargo 5432109876, PO Box 765432 Anytown, CA 12345",Patient Administrative,RESTRICTED,generated,staff personal employment record
"Emily Wilson
123 Oakwood Drive
Anytown, CA 01234
(555) 235-0123
emiliewilson@email.com

Personal Employment Record

Employee ID: EW001234
Job Title: Registered Nurse
Department: Medical ICU
Reports to: Dr. Lisa Nguyen

Employment History:

* Anytown General Hospital (2020-Present)
 + Registered Nurse, Medical ICU
 + Supervised a team of 10 nurses in the care of critically ill patients
 + Assisted with the development and implementation of new hospital policies
* Sunnyville Community Hospital (2018-2020)
 + Staff Nurse, Medical Unit
 + Participated in quality improvement initiatives to reduce patient falls

Education:

* Bachelor of Science in Nursing, Anytown University (2016)
* Associate Degree in Nursing, Sunnyville Community College (2014)

Certifications:

* BLS/CPR Certification, American Heart Association (2020)
* ACLS Certification, American Heart Association (2018)

Bank Information:
Account Type: Checking
Account Number: 9876543210
Routing Number: 123456789
Bank Name: Anytown Bank & Trust

Salary and Benefits:
Annual Salary: $85,000.00
Health Insurance: Premium paid by employer ($300/month)
401(k) Plan: Employer match of 5% ($1,250/year)

Note: This document is for synthetic training data purposes only and should not be used for any real-world applications.",Patient Administrative,RESTRICTED,generated,staff personal employment record
"Zara P. Patel
123 Oakbrook Drive
Apt 4B
Springfield, IL 62704
(555) 876-5432
zpatel@email.com

Employment History:

Employee ID: EMP-0123
Job Title: Registered Nurse
Department: Medical ICU
Start Date: March 15, 2018
End Date: Present

Employer:
Springfield General Hospital
456 Elm Street
Springfield, IL 62701

Salary: $65,000.00 annually
Benefits:

* Health Insurance (Blue Cross)
* Dental Insurance (Delta Dental)
* Vision Insurance (UnitedHealthcare)

Bank Information:

Account Type: Checking
Routing Number: 121000178
Account Number: 9876543210
Bank Name: Springville Bank & Trust

Tax Information:
Social Security Number: 8-9-2-3-4-5-6-7-0
ITIN: 9-1-2-3-4-5-6-7-0

Professional Affiliations:

* American Nurses Association (ANA)
* Illinois Nurses Association (INA)

Certifications:
Basic Life Support (BLS)
Advanced Cardiovascular Life Support (ACLS)",Patient Administrative,RESTRICTED,generated,staff personal employment record
"Emily J. Wilson
123 Oakdale Drive
Apt 3B
Springfield, IL 62704
(217) 123-4567
emilyjwilson@email.com

Employment Information:
Employee ID: JW0001
Job Title: Registered Nurse
Department: Medical Staff
Start Date: January 1, 2018
End Date: N/A (Active)

Personal Details:
Marital Status: Married
Spouse's Name: David K. Wilson
Spouse's Occupation: Accountant

Banking Information:
Bank: First National Bank of Springfield
Account Type: Checking
Account Number: 1234567890
Routing Number: 0112345678
Bank Address: 456 Broadway St, Springfield, IL 62701

Emergency Contact:
Name: Sarah Taylor
Relationship: Mother
Phone Number: (217) 987-6543
Email: sarahjtaylor@email.com

Professional Affiliations:
- American Nurses Association Member since 2019
- Springfield Medical Staff Association Member since 2020

Employee Benefits:
- Health Insurance through Aetna
- Dental Insurance through Delta Dental
- 401(k) Retirement Plan with Employer Match",Patient Administrative,RESTRICTED,generated,staff personal employment record
"John Smith (Staff ID: S12345)
Employment Record

Date of Birth: 12/08/1990
Address: 456 Elm Street, Apt 101
City: Springfield
State: IL
Zip: 62704
Phone: 555-0100
Email: [john.smith@email.com](mailto:john.smith@email.com)

Education:
- Bachelor of Science in Nursing, University of Illinois at Springfield (2015)
- Master of Science in Public Health, University of Missouri-Kansas City (2018)

Work Experience:
- Registered Nurse, Springdale Hospital (2020-Present)
  - Assessed and treated patients under the direction of physicians
  - Developed and implemented patient care plans to ensure optimal outcomes

- Staff Nurse, Oakwood Hospital (2018-2020)
  - Collaborated with interdisciplinary teams to provide quality patient care
  - Maintained accurate and up-to-date patient records

Financial Information:
- Bank Account: Checking: checking1234567890, Savings: savings9876543210
- Payroll Deductions:
  - Taxes: $500/month
  - Health Insurance: $300/month
  - 401(k): $200/month

Certifications:
- Basic Life Support (BLS)
- Advanced Cardiovascular Life Support (ACLS)",Patient Administrative,RESTRICTED,generated,staff personal employment record
"Emily J. Wilson
123 Oakwood Drive
Apartment 456, Anytown, CA 01234
(925) 876-5432
emilyjwilson@email.com

Staff Personal Employment Record

Employee Name: Emily J. Wilson
Employee ID: EW001234
Job Title: Registered Nurse
Department: Medical Staff

Employment Information:

* Date of Hire: February 10, 1997
* Previous Employer: Oakwood General Hospital (December 1, 1995 - January 30, 1997)
* Education: Anytown University School of Nursing (Graduated May 15, 1996)

Banking Information:

* Bank Name: First State Savings Bank of Anytown
* Account Number: 0123456789
* Routing Number: 123456789
* Checking Account Holder Name: Emily J. Wilson

Beneficiaries:

* Primary Beneficiary: James R. Wilson (husband)
* Secondary Beneficiary: Jane D. Wilson (mother)

Insurance Information:

* Health Insurance: Anytown Health Plan (Policy Number: AH001234)
* Life Insurance: Oakwood Life Insurance Company (Policy Number: OL001234)",Patient Administrative,RESTRICTED,generated,staff personal employment record
"Emily J. Wilson
123 Maple Ridge Drive
Anytown, CO 80410
(555) 234-5678 | ewilson@anytownhospital.org

Employment with Anytown Hospital:
Employee ID: TWL001
Date of Hire: March 12, 2018
Current Position: Registered Nurse - Medical Floor
Job Title Previous: Nursing Assistant
Department: Medical Services

Education:

• Associate's Degree in Nursing, Denver Community College (2016)
• Bachelor's Degree in Health Sciences, University of Colorado Boulder (2020)

Certifications:

• RN License, State of Colorado (2018)
• BLS Certification, American Heart Association (2019)

Bank Information for Direct Deposit:
Institution: First National Bank of Anytown
Routing Number: 123456789
Account Number: 987654321

Benefits Information:

• Health Insurance: Anytown Hospital Group Plan
• Retirement Plan: 403(b) Annuity Contributions
• Paid Time Off: 10 days per year, plus federal holidays

Professional Memberships:
National Association of Registered Nurses (2019)
Colorado Association of Nursing Professionals (2020)

Continuing Education Credits: 25 hours, last updated December 15, 2022",Patient Administrative,RESTRICTED,generated,staff personal employment record
"Emily Wilson
123 Oakwood Drive
Anytown, CA 01234
(555) 876-5432
ewilson@medical.net

Employment Record:

Employee Name: Emily Wilson
Job Title: Registered Nurse
Department: Med-Surg
Date of Birth: February 12, 1990
Social Security Number: 92-3456789

Work Experience:

- Registered Nurse, Anytown General Hospital (2018-Present)
- Licensed Practical Nurse, Sunshine Community Health (2015-2018)

Education:

- Associate Degree in Nursing, Anytown Community College (2015)
- Bachelor of Science in Nursing, University of California, San Francisco (2018)

Certifications:

- Basic Life Support
- Advanced Cardiovascular Life Support

Bank Account Information:

- Checking: 1234567890 @ First National Bank (Anytown, CA)
- Savings: 9876543210 @ First National Bank (Anytown, CA)

Tax Information:

- Employee Identification Number: W0123456789
- Tax Withholding Percentage: 20%
- Dependent(s) Name: John Wilson",Patient Administrative,RESTRICTED,generated,staff personal employment record
"Emily J. Wilson
123 Oakwood Drive, Apartment 456
Anytown, CA 01234
(555) 234-5678 | ewilson@fakeemail.com

Employment Information:

* Job Title: Registered Nurse
* Department: Medical-Surgical Unit
* Shift: Day Shift
* Hours Worked: Monday-Friday 7am-3pm
* Salary: $65,000/year paid bi-weekly via direct deposit to account #4567890123
* Benefits: Health, Dental, Vision, 401k

Bank Account Information:

Account Type: Checking
Account Number: 9876543210
Routing Number: 123456789
Bank Name: First National Bank of Anytown

Personal Details:

Born: February 12, 1992
Social Security Number: 852-34-5678
Marital Status: Single
Children: None

References:
Dr. Lee Kim, MD - (555) 901-2345
Ms. Jane Smith, HR Representative - (555) 456-7890",Patient Administrative,RESTRICTED,generated,staff personal employment record
"Emily Wilson
123 Maple Avenue, Apt 456
Anytown, CA 12345
(555) 234-5678 | ewilson@email.com

Employment Information:

Staff ID: HW001234
Job Title: Registered Nurse
Department: Medical-Surgical Unit
Date of Birth: February 12, 1995
Social Security Number: 987-65-4321
Marital Status: Married
Dependent(s): One child (age 7)

Work History:

Anytown General Hospital (2020-Present)
Registered Nurse, Medical-Surgical Unit

Anytown Community Hospital (2018-2020)
Staff Registered Nurse, Med-Surg Unit

Education:

* BSN, Anytown University School of Nursing (2018)
* CCRN, American Association of Critical Care Nurses (2020)

Certifications:

* BLS/CPR
* ACLS
* PALS

Bank Information:

Account Type: Checking
Institution: MainStreet Bank
Account Number: 987654321
Routing Number: 123456789

Emergency Contact:
John Wilson
456 Oak Street, Anytown, CA 12345
(555) 012-3456 | jwilson@email.com",Patient Administrative,RESTRICTED,generated,staff personal employment record
"Emily Chen
123 Oakwood Drive
Apt 3B
Anytown, CA 01234
(555) 234-5678
echen@anytownhospital.org

Employment Information:

Employee Name: Emily Chen
Employee ID: ECH-001
Job Title: Registered Nurse
Department: Medical ICU
Hire Date: 2018-02-27
Salary: $85,000.00/year
Benefits: Health, Dental, Vision, 401(k), Paid Time Off

Bank Information:

* Checking Account: 0111121211 @ BankOfAnytown National Bank
* Savings Account: 0022222233 @ Anytown Federal Credit Union
* Direct Deposit: ECH-001 @ BankOfAnytown National Bank

Work Schedule:
Monday - Friday, 8am - 5pm
Rotate Saturdays for on-call shift
Holidays observed (with pay)

Professional Certifications:

* BSN, University of California, San Francisco (2016)
* CCRN, American Association of Critical Care Nurses (2020)
* ACLS, American Heart Association (2019)

Employee Conduct:
* Adhere to hospital policies and procedures
* Maintain confidentiality of patient information
* Report any conflicts or concerns to supervisor",Patient Administrative,RESTRICTED,generated,staff personal employment record
"John Smith
123 Main Street, Apt 456
Anytown, USA 12345
(555) 0100 ext. 3125
john.smith@email.com

Employment Information:

Employee ID: STAFF-0012
Title: Registered Nurse
Department: Medical Staff
Hire Date: February 10, 2018
Job Title Effective Date: March 1, 2019

Work Schedule:
Monday - Friday, 8am - 5pm
Saturday, 9am - 1pm (on-call rotation)

Education:

* Bachelor of Science in Nursing, ABC University (2016)
* Associate Degree in Nursing, DEF Community College (2014)

Licensure/Certifications:

* RN License, State of Anytown (2018)
* Basic Life Support Certification, American Heart Association (2020)
* Advanced Cardiovascular Life Support Certification, American Heart Association (2022)

Bank Account Information:
Account Type: Checking
Account Number: 1234567890
Routing Number: 111100022
Bank Name: XYZ Bank of Anytown

Personal Details:

* Marital Status: Single
* Children: None
* Hobbies: Reading, hiking, cooking",Patient Administrative,RESTRICTED,generated,staff personal employment record
"John Smith 123 Main Street Apt 456, Anytown, USA 01234 (555) 0100 x1234 john.smith@email.com
Department of Cardiology, Staff Personal Employment Record

Employee Name: Emily J. Wilson
Employee ID: W-001234
Job Title: Registered Nurse
Date of Birth: February 12, 1987
Social Security Number: 987-65-4321
Last four digits of Bank Account: 4321

Employment Information:
- Date of Hire: March 15, 2010
- Contract Type: Full-time
- Salary: $60,000.00 per year
- Benefits Package: Health, Dental, Vision, 401(k)

Education and Certifications:
- Bachelor of Science in Nursing, University of Anytown (2008)
- Certified Registered Nurse (CRNA), American Association of Nurse Practitioners (2012)

Bank Account Information:
- Bank Name: First National Bank of Anytown
- Branch Address: 789 Elm Street, Anytown, USA 01234
- Routing Number: 123456789
- Account Number: 9876543210
- Bank Contact: Customer Service, (555) 123-4567

Employee's Spouse Information:
- Name: Michael Lee Wilson
- Occupation: High School English Teacher
- Address: 567 Oak Street Apt 101, Anytown, USA 01234
- Phone Number: (555) 9012",Patient Administrative,RESTRICTED,generated,staff personal employment record
"John Smith
123 Main Street, Apt 456
Anytown, CA 12345
(555) 0100 | john.smith@email.com

Personal Employment Record

Staff ID: STAFF-001

Name: John Smith
Title: Registered Nurse
Department: Medical ICU
Employee Type: Full-Time
Employment Status: Active

Date of Birth: February 12, 1985
Social Security Number: 987-65-4321
Address for Tax Purposes: 123 Main Street, Anytown, CA 12345

Bank Account Information:
Account Type: Checking
Account Number: 5432-2143-5678-3210
Routing Number: 111234567
Bank Name: First National Bank of Anytown

Salary: $65,000.00 per annum
Benefits: Medical, Dental, Vision, Life Insurance
Vacation Time: 15 days per year
Holidays: New Year's Day, Memorial Day, Independence Day, Thanksgiving Day

Employee Conduct Policy:
All employees are expected to maintain confidentiality regarding patient information and adhere to HIPAA guidelines.

Supervisor: Jane Doe | (555) 1234 | jane.doe@email.com",Patient Administrative,RESTRICTED,generated,staff personal employment record
"John Smith
123 Main Street, Apt 456
Anytown, CA 12345
(555) 0100 | (555) 5678 | john.smith@email.com

Employment Information:

* Job Title: Registered Nurse
* Department: Medical Intensive Care Unit
* Reporting Manager: Dr. Jane Doe
* Start Date: March 1, 2018
* End Date: Present

Personal Details:
- Date of Birth: February 12, 1992
- Social Security Number: 92-76-2198
- Marital Status: Single
- Dependents: None

Bank Information:

* Checking Account: Smith-Jones Savings
 + Bank Name: First National Bank of Anytown
 + Account Number: 0012345678
 + Routing Number: 1234567890
 + Account Type: Checking

* Savings Account: Main Street Retirement Fund
 + Bank Name: First National Bank of Anytown
 + Account Number: 9876543210
 + Routing Number: 0987654321
 + Account Type: High Yield Savings",Patient Administrative,RESTRICTED,generated,staff personal employment record
"John Smith
123 Main Street, Apt 456
Anytown, CA 01234
(555) 0100 ext. 2345
john.smith@anytownhospital.org

Employment History:

- Anytown Hospital (2018 - Present)
    - Staff Registered Nurse
    - Shift: Nights
- Sunshine Medical Center (2015 - 2018)
    - Staff Registered Nurse
    - Shift: Days

Education:

- Anytown Community College (2010 - 2012)
    - Associate Degree in Nursing
- California State University, Anytown (2006 - 2010)
    - Bachelor of Science in Biology

Certifications:

- BLS Certification (2018)
- ACLS Certification (2016)

Bank Information:
Account Number: 1234567890
Routing Number: 9876543210
Bank Name: First National Bank of Anytown",Patient Administrative,RESTRICTED,generated,staff personal employment record
"Emily J. Wilson
123 Elm Street, Apt 456
Anytown, CA 95324
(555) 876-5432 | ewilson@email.com

Employment History:

- Registered Nurse, ABC Medical Center (2018 - Present)
    - Staffed ICU units for patients with critical respiratory conditions
    - Conducted daily rounds to monitor patient progress and adjust treatment plans as needed
- Registered Nurse, DEF Hospital (2015 - 2018)
    - Worked in the pediatric ward, caring for children with various medical conditions

Education:

- BSN, University of State College (2015)

Certifications:

- Basic Life Support (BLS), American Heart Association (2018)
- Pediatric Advanced Life Support (PALS), American Heart Association (2016)

Bank Information:

- Account Number: 123456789
- Routing Number: 0123456789
- Bank Name: First National Bank of Anytown

Personal Details:

- Married to Michael D. Wilson, a high school teacher
- Two children, Emily Anne and Benjamin James
- Hobbies include hiking, reading, and practicing yoga",Patient Administrative,RESTRICTED,generated,staff personal employment record
"Emily J. Wilson
123 Oakdale Drive, Apt 456
Anytown, CA 95324
(555) 876-5432 | ewilson@anytownmail.com
emily.j.wilson@gmail.com
Employment Status: Active

Personal Details:

Date of Birth: March 12, 1995
Social Security Number: 92-78-2198
Driver's License Number: CA1234567890

Work Experience:

Anytown General Hospital (2020-Present)
Staff Nurse
- Assisted with surgeries and patient care under the supervision of senior nurses
- Maintained accurate medical records for patients admitted to the hospital
- Collaborated with cross-functional teams to improve patient outcomes

Notre Dame University (2018-2020)
Bachelor of Science in Nursing
- Completed coursework in nursing theory, physiology, and pharmacology
- Participated in clinical rotations at local hospitals
- Graduated Magna Cum Laude

Education:

Certified Registered Nurse (CRNA) Program
Anytown Medical Center (2020)
Completed a two-year program in CRNA studies

Banking Information:
Account Type: Checking
Account Number: 9876543210
Routing Number: 121000928
Address: Anytown Federal Credit Union, 456 Main Street, Anytown, CA 95324",Patient Administrative,RESTRICTED,generated,staff personal employment record
"John Smith
123 Main Street, Apt 456
Anytown, CA 12345
(555) 0100 ext. 2345
[john.smith@email.com](mailto:john.smith@email.com)
(555) 123-4567

Personal Employment Record - Staff

Name: John Smith
Job Title: Registered Nurse
Department: Medical Unit
Reports To: Jane Doe, Nurse Manager
Hire Date: February 10, 2018
Current Salary: $85,000/year
Benefits: Health, Dental, Vision, 401(k)
Vacation Time: 2 weeks/year
 Sick Leave: 5 days/year

Bank Information:
Account Type: Checking
Account Number: 9876543210
Routing Number: 123456789
Bank Name: First National Bank of Anytown",Patient Administrative,RESTRICTED,generated,staff personal employment record
"John Smith
123 Main Street, Apt 456
Anytown, CA 01234
(555) 0100 | (555) 1010 | john.smith@email.com

Employee ID: E123456
Date of Birth: February 12, 1995
Social Security Number: 92-78-2198

Current Address:
123 Main Street, Apt 456
Anytown, CA 01234

Residential History:

Previous Address: 789 Oak Street
Anytown, CA 01234 (Moved Out)
Dates of Residence: January 2018 - December 2020

Employment Information:
Job Title: Registered Nurse
Hospital Name: Anytown General Hospital
Dates of Employment: June 2018 - Present

Banking Information:
Account Type: Checking
Routing Number: 123456789
Account Number: 987654321
Bank Name: Anytown Community Bank",Patient Administrative,RESTRICTED,generated,staff personal employment record
"John Smith
123 Main Street
Anytown, CA 12345
(555) 0100 ext. 4567
john.smith@anytownhospital.org

Employee ID: #HST-0012
Date of Birth: March 12, 1990
Social Security Number: 92-87-6543
Date Hired: February 22, 2018

Employment Status: Full-time
Job Title: Registered Nurse
Department: Medical-Surgical Unit
Supervisor: Dr. Jane Doe
Salary: $75,000/year
Benefits:

* Health Insurance: Blue Cross Blue Shield, Policy #BCBS-1234
* Dental Insurance: Delta Dental, Policy #DD-9876
* 401(k) Plan: Anytown Hospital Retirement Plan, Account #AH-001

Education:

* Bachelor of Science in Nursing, Anytown University, 2015
* Master of Science in Nursing, Anytown University, 2018

Certifications:

* BLS Certification, American Heart Association, 2020
* ACLS Certification, American Heart Association, 2022

Note: This employee is eligible for paid time off and vacation leave.",Patient Administrative,RESTRICTED,generated,staff personal employment record
"Dear Dr. Thompson,

I am writing to refer Mr. Reginald P. Bottomsworth, a 45-year-old male, for further assessment and treatment of his chronic back pain. Mr. Bottomsworth has been experiencing persistent discomfort in his lower back, which has been ongoing for several years.

Patient Summary:

* Name: Reginald P. Bottomsworth
* Date of Birth: 12/02/1978
* Address: 456 Elm Street, Apartment 3B, Anytown, CA 12345
* Phone Number: (555) 654-3210
* Email: [rbbottomsworth@gmail.com](mailto:rbbottomsworth@gmail.com)

Medication and Treatment:

Mr. Bottomsworth is currently taking 500mg of ibuprofen twice daily and has been advised to maintain a healthy weight through diet and exercise. Further assessment will be required to determine the best course of treatment.

Please contact me at (555) 654-3210 or [rbbottomsworth@gmail.com](mailto:rbbottomsworth@gmail.com) if you require any additional information.

Sincerely,
Dr. Emily J. Lee

Bank Details:

Account Holder: Reginald P. Bottomsworth
Account Number: 1234567890
Sort Code: 12-34-56
Bank Name: Anytown Bank",Patient Administrative,RESTRICTED,generated,patient GP referral letter with personal details
"Here is a fictional patient GP referral letter:

Dear Dr. Lee,

Re: Referral for Treatment of Ms. Emily Wilson

I am writing to refer my daughter, Ms. Emily Wilson, to you for treatment of her chronic back pain. As her general practitioner, I have been managing her condition with medication and lifestyle modifications, but unfortunately, she has not experienced significant improvement.

Ms. Wilson was born on February 12, 1995, in Manchester, England, and resides at 456 Park Lane, London SW1A 2JJ. She is a 28-year-old marketing manager at XYZ Corporation, where she works remotely from home. Her phone number is 0777 123 456 and her email address is emily.wilson@xyzcorp.co.uk.

Ms. Wilson was diagnosed with chronic lower back pain three years ago after a traumatic incident while hiking in the mountains. She has tried various treatments, including physiotherapy and pain management medication, but her symptoms persist.

I am requesting that you assess Ms. Wilson's condition and provide treatment recommendations. Please contact me if you require any further information about her medical history or current medications.

My office hours are Monday to Friday, 9am-5pm. You can reach me on my mobile phone at 0777 123 456 or via email at drjohnsmith@ghospital.nhs.uk.

Thank you for your time and expertise in treating Ms. Wilson's condition.

Sincerely,
Dr. John Smith
GP Registration Number: GH001234",Patient Administrative,RESTRICTED,generated,patient GP referral letter with personal details
"Dear Dr. Lee,

Re: Referral for Assessment and Treatment of Chronic Back Pain at Oakwood Hospital.

I am writing to formally refer Mr. Edward Pembroke, a 42-year-old male resident of 145 Elm Crescent, Leeds LS2 3HN, who has been under my care since January 2020 for chronic lower back pain. Following a series of consultations and investigations, I have diagnosed him with degenerative disc disease affecting L4-L5.

Mr. Pembroke is currently experiencing significant discomfort and limited mobility due to his condition. I recommend that he undergoes an MRI scan to assess the extent of the damage and discusses possible surgical interventions with you. I also suggest that he begins physical therapy to maintain mobility and strength in his back muscles.

Please note that Mr. Pembroke's general practitioner is not available for immediate consultation, but I have provided his contact information below. He can be reached on 07778-953421 or edwardpembroke@email.com

Bank Details:
Sort Code: 08-03-41
Account Number: CB1234567
IBAN: GB08 0318 1987 6321 9876",Patient Administrative,RESTRICTED,generated,patient GP referral letter with personal details
"Dear Dr. Lee,

Re: Referral for Mr. Reginald Thornton-Furst

I am writing to refer my patient, Mr. Reginald Thornton-Furst, to your specialist care for further evaluation and management of his condition. Mr. Thornton-Furst has been experiencing persistent symptoms of anxiety and depression, which have significantly impacted his daily life.

Mr. Thornton-Furst was recently assessed by our hospital's outpatient department, where a thorough medical examination and review of his medical history were conducted. Based on the findings, it is recommended that he receives specialist treatment to address these concerns.

Your expertise in this area would be greatly valued, and I am confident that your involvement will lead to a positive outcome for Mr. Thornton-Furst. Please find attached a summary of his medical history and test results for your review.

Patient Details:

* Name: Reginald Thornton-Furst
* Date of Birth: 12/02/1985
* Address: 456 Elm Street, Anytown, USA 12345
* Phone Number: 555-8765
* Email: [reggie.thorntonfursth@outlook.com](mailto:reggie.thorntonfursth@outlook.com)

Bank Details:

* Account Number: 9876543210
* Sort Code: 12-34-56
* Bank Name: Anytown Bank Limited

Please do not hesitate to contact me if you require any further information or clarification.

Yours sincerely,

Dr. Emily J. Patel
GP Partner, Anytown Medical Centre",Patient Administrative,RESTRICTED,generated,patient GP referral letter with personal details
"Here is a fictional patient GP referral letter:

John Smith, 123 Main Street, Anytown, USA 12345, (555) 0100, john.smith@email.com
Date: February 22, 2023

Dear Dr. Lee,

I am writing to refer my nephew, Alex Johnson, 456 Elm Road, Othertown, USA 67890, (812) 3456, alex.johnson@email.org, who has been experiencing recurring episodes of asthma. His current symptoms are severe and affect his daily life.

Alex was initially diagnosed with asthma at the age of 12 by our family physician. Over the years, we have tried various treatments, including inhalers and oral medications, but his symptoms persist. Recently, he has started to experience wheezing and shortness of breath during physical activity, which has significantly impacted his ability to participate in sports.

I would like to request a referral for Alex to see you at your earliest convenience. I have attached his medical history and test results for your review. Please let me know if there are any additional steps we need to take or if there's any further information you require from us.

Thank you for considering my nephew's case.

Sincerely,
Jane Smith, Parent

Bank Account Details:
Account Number: 123456789
Sort Code: 12-34-56
Bank Name: Anytown Bank",Patient Administrative,RESTRICTED,generated,patient GP referral letter with personal details
"Here is a fictional patient GP referral letter:

Dear Dr. Lee,

Re: Referral for Treatment at Oakwood Hospital

I am writing to refer my 45-year-old son, Reginald P. Bottomsworth, for specialist treatment at your hospital. Mr. Bottomsworth has been experiencing persistent symptoms of irritable bowel syndrome (IBS) and has been diagnosed with gastroparesis.

Mr. Bottomsworth was referred by his general practitioner, Dr. Emily J. Wilson, who has assessed his condition and believes that further investigation is required. We would like to request a referral for Mr. Bottomsworth to undergo a series of tests, including an endoscopy and a gastroscopy, to determine the cause of his symptoms.

Mr. Bottomsworth's medical history includes hypertension and hyperlipidemia. He is currently taking atorvastatin 20mg daily and lisinopril 10mg daily. He has a family history of cardiovascular disease and diabetes.

Please let us know if there are any additional tests or investigations that Mr. Bottomsworth needs to undergo, as well as the estimated wait time for these procedures.

Our bank details are as follows:

* Account Name: Reginald P. Bottomsworth
* Bank Name: Oakwood Bank & Trust
* Account Number: 1234567890
* Sort Code: 12-34-56

Please contact me directly if you require any further information or clarification.

Yours sincerely,
Dr. Sophia Patel",Patient Administrative,RESTRICTED,generated,patient GP referral letter with personal details
"Dear Dr. Lee,

I am writing to refer Mr. Ethan Patel for further assessment and treatment of his ongoing respiratory issues at your specialist clinic, located at 456 Oakwood Avenue, Anytown, CA 12345.

Mr. Patel has been experiencing persistent coughing fits and shortness of breath since the summer of 2022. Despite attempting home remedies and over-the-counter medications, his symptoms have persisted, and we are concerned that a more comprehensive evaluation is necessary.

As per our family's health insurance plan, coverage for specialist consultations will be covered at 100% by Blue Cross Blue Shield of America (Account Number: BL-0123456). Please feel free to contact our financial department if you require any further documentation or clarification on the billing process.

We kindly request that Mr. Patel undergo a thorough evaluation, including pulmonary function tests and possible imaging studies, as soon as possible. We are available for follow-up appointments at your convenience.

Please do not hesitate to contact me directly should you have any questions regarding this referral.

Sincerely,

Dr. Sophia Jensen
FPC - General Practitioner

Phone: 555-5678
Email: [sjensen@anytownmed.com](mailto:sjensen@anytownmed.com)",Patient Administrative,RESTRICTED,generated,patient GP referral letter with personal details
"John Smith, MD
123 Main Street, Apt 456
Anytown, CA 01234
(555) 0100 ext. 4567
[john.smith@medicalpractice.com](mailto:joh.smith@medicalpractice.com)

February 22, 2023

Dr. Jane Doe, Psychiatrist
ABC Medical Group
456 Elm Street, Suite 789
Othertown, CA 01212
(555) 1234
[jane.doe@abcmg.org](mailto:jane.doe@abcmg.org)

Dear Dr. Doe,

I am writing to refer my patient, Emily Chen, for follow-up treatment of her depression and anxiety. Ms. Chen was seen by me on January 15th, 2023, where she presented with symptoms of post-traumatic stress disorder (PTSD) following a traumatic event in her childhood.

Ms. Chen has been experiencing persistent headaches, sleep disturbances, and difficulty concentrating. Her past medical history is notable for hypertension and hyperlipidemia. She is currently taking lisinopril 10mg daily and atorvastatin 20mg daily.

I recommend that Ms. Chen continue to receive therapy sessions with me every two weeks, as well as consider medication augmentation with an SSRI. I also suggest she joins a support group for PTSD survivors.

Please contact me if you require any additional information or if you would like to schedule a consultation for Ms. Chen.

Sincerely,

John Smith, MD

cc: Emily Chen, 987 Oak Street, Apt 101, Anytown, CA 01234 (emily.chen@email.com)",Patient Administrative,RESTRICTED,generated,patient GP referral letter with personal details
"Referral Letter for Patient Treatment at Oakwood Hospital

Dear Dr. Lee,

Re: Referral for Mr. Reginald Pembly, Patient ID: OP123456

I am writing to refer Mr. Reginald Pembly, a 52-year-old male, to our hospital for further assessment and treatment of his chronic back pain. Mr. Pembly was seen by my colleague, Dr. Jane Wilson, on February 10th, who diagnosed him with herniated discs in the lumbar region.

Mr. Pembly's medical history includes a previous surgery for appendicitis at the age of 18 and a bout of mononucleosis in college. He is currently taking medication for his back pain, but it has not been effective in managing his symptoms. Mr. Pembly is requesting referral to our spinal surgery team for further evaluation and possible surgical intervention.

Patient Information:

Name: Reginald Pembly
Address: 456 Elm Street, Apt 3B
City, State, Zip: Anytown, CA 12345
Phone: 555-2198
Email: [rpembly@email.com](mailto:rpembly@email.com)

Bank Account Information (for payment of medical expenses):
Account Number: 0012345678
Bank Name: First National Bank of Anytown
Routing Number: 0123456789

Please let me know if you require any further information or if there's anything else I can do to facilitate Mr. Pembly's treatment.

Sincerely,
Dr. Emily Chen",Patient Administrative,RESTRICTED,generated,patient GP referral letter with personal details
"John Smith,
123 Main Street,
Anytown, USA 12345,
(555) 0100 ext. 234,
john.smith@email.com

Dear Dr. [Unknown],

I am writing to refer my patient, Emily Johnson, for further evaluation and management of her chronic hypertension. Following a routine check-up at our office on February 10th, Mrs. Johnson's blood pressure readings remained elevated despite her adherence to the prescribed medication regimen.

During this visit, we discussed the potential benefits of lifestyle modifications and referred her to specialists in cardiology and nutrition. Her current medication list includes lisinopril 20mg daily and amlodipine 5mg twice daily. We have also recommended that she aim for a sodium intake of less than 2,000mg per day.

Mrs. Johnson's medical history reveals previous episodes of migraines and fatigue, both of which we suspect may be exacerbated by her hypertension. We will continue to monitor her condition closely and make adjustments to her treatment plan as necessary.

Please feel free to contact us if you require any further information regarding Mrs. Johnson's care. Our office is located at 123 Main Street, Anytown, USA 12345, and can be reached at (555) 0100 ext. 234 or via email at emily.johnson@email.com.

Sincerely,

Dr. Jane Davis
Primary Care Physician",Patient Administrative,RESTRICTED,generated,patient GP referral letter with personal details
"Here is a fictional synthetic patient GP referral letter:

Zara Patel
123 Maplewood Drive
Auckland 1021
 Phone: 021 345 678
Email: [zapatil@gmail.com](mailto:zapatil@gmail.com)

Dear Dr. Lee,

I am writing to refer my friend, Rohan Desai, for further assessment and treatment at your surgery. Rohan has been experiencing persistent back pain and stiffness in his left leg since a recent skiing trip last month.

Rohan has undergone a series of tests, including an MRI scan, which revealed a herniated disc in the L4/L5 vertebrae. He has been prescribed physical therapy and pain management medication by his primary care physician, but the symptoms persist. I believe that your expertise in orthopedic surgery would be beneficial in addressing this issue.

Rohan is currently employed as an accountant at XYZ Corporation, and lives with his wife, Nalini, who works part-time as a teacher. He has two children, Aarav and Kiara, aged 10 and 12 respectively. Rohan's last bank statement shows a balance of $15,420.19, with a monthly debit of $2,500.00 towards his mortgage.

I would appreciate it if you could contact me to discuss further arrangements for Rohan's appointment. Please let me know if there is any additional information required from my end.

Thank you for your time and expertise.

Sincerely,
Zara Patel

CC: Rohan Desai (desai.rohan@gmail.com)",Patient Administrative,RESTRICTED,generated,patient GP referral letter with personal details
"John Smith, Esq.
123 Main Street
Anytown, CA 12345
(555) 0100 ext. 4567
john.smith@email.com

To Whom It May Concern,

I am writing to refer Mr. John Smith for further evaluation and treatment of his ongoing respiratory issues at our institution. Following a recent series of tests, it has become apparent that he requires specialized care and monitoring to effectively manage his condition.

Mr. Smith's current symptoms include persistent coughing, shortness of breath, and fatigue. His medical history includes a previous diagnosis of asthma, for which he has been managing with inhalers and lifestyle modifications. However, recent changes in his environment have led to concerns about potential exacerbation of his condition.

I recommend that Mr. Smith be seen by one of our pulmonologists at our earliest convenience for further evaluation and treatment. It is also essential that he adheres to his current medication regimen and makes necessary lifestyle adjustments to mitigate his symptoms.

Please feel free to contact me directly if you require any additional information or clarification regarding this referral.",Patient Administrative,RESTRICTED,generated,patient GP referral letter with personal details
"Dear Dr. Johnson,

I am writing to refer Mr. Reginald P. Bottomsworth to our specialist department for further evaluation and treatment of his chronic back pain. Following a recent MRI scan, it has become clear that his condition requires specialized care beyond what can be provided by primary care.

Mr. Bottomsworth presented with persistent symptoms of lower back pain, radiating down into his legs, accompanied by numbness and tingling in his left arm. He has tried various over-the-counter remedies and physical therapy, but to no avail. Our team believes that an interventional procedure may offer relief from his suffering.

As per our standard referral protocols, we have attached a copy of Mr. Bottomsworth's medical history, which includes details of his previous hospitalizations, medications, and test results. You will also find attached a list of our specialist team members who will be in charge of his care.

Please note that Mr. Bottomsworth has been prescribed 500mg of ibuprofen twice daily to manage his pain. It is essential that he adheres to this regimen until further notice.

Bank details for reimbursement purposes are as follows: Account Number: 1234567890, Sort Code: 11-23-45, Bank Name: First National Bank.

Contact information:

Name: Emily J. Wilson
Position: Administrative Assistant
Phone: 011-8765-3210
Email: [ewilson@hospitalsecretariat.co.uk](mailto:ewilson@hospitalsecretariat.co.uk)

Please do not hesitate to contact us if you require any additional information.

Sincerely,
Dr. Helen M. Lee",Patient Administrative,RESTRICTED,generated,patient GP referral letter with personal details
"Here is a fictional synthetic patient GP referral letter:

Dear Dr. Lee,

Re: Referral for Treatment at Oakwood Hospital

I am writing to refer Mr. Reginald P. Bottomsworth, a 42-year-old male, to our hospital for further treatment of his chronic back pain. Mr. Bottomsworth has been experiencing persistent discomfort in the lower back region and has not found relief through conservative measures.

Mr. Bottomsworth is currently residing at 876 Elm Street, Apt 3B, Springfield, OH 55212. He can be reached at (555) 654-3210 or via email at reggie.bottomsworth@gmail.com.

Our hospital will provide Mr. Bottomsworth with specialist care and treatment options, including physical therapy, pain management, and possibly surgery if necessary. We estimate the total cost of treatment to be approximately $25,000, which will need to be covered by his insurance provider.

Please note that Mr. Bottomsworth has a pre-existing condition and may require additional tests or procedures prior to treatment. Our hospital team will discuss these options with him in more detail upon arrival.

If you have any questions regarding this referral, please do not hesitate to contact me.

Sincerely,
Dr. Emily J. Chen
GP Partner, Springdale Medical Practice

Bank Account Details for Payment:
Account Holder: Reginald P. Bottomsworth
Account Number: 1234567890
Sort Code: 12-34-56
Bank Name: First National Bank of Springfield",Patient Administrative,RESTRICTED,generated,patient GP referral letter with personal details
"Dear Dr. Lee,

I am writing to refer my patient, Zara Patel, who has been under my care for several months due to persistent knee pain. Following a series of consultations and diagnostic tests, including an MRI scan, I have diagnosed her with patellofemoral pain syndrome.

Zara has been experiencing pain in the front of her knee, particularly after climbing stairs or jumping, and has also reported stiffness and swelling. She has tried various over-the-counter treatments without relief, which is why I am referring her to you for further management.

I have attached Zara's medical records, including her test results and treatment history, for your review. Please feel free to contact me if you require any additional information.

Patient Details:

* Name: Zara Patel
* Date of Birth: 12/02/1995
* Address: 456 Elm Street, Apartment 3B, Anytown, CA 12345
* Phone Number: 555-8765
* Email: [zarapatel@email.com](mailto:zarapatel@email.com)

Bank Details for Referral Fee:

* Account Name: Zara Patel's Care Fund
* Bank Name: Anytown Bank
* Account Number: 9876543210
* Sort Code: 12-34-5678

Please let me know if you require any further information. I look forward to hearing from you soon.

Sincerely,
Dr. Rohan Desai",Patient Administrative,RESTRICTED,generated,patient GP referral letter with personal details
"Here is a fictional patient GP referral letter:

Dr. Emily J. Wilson, General Practitioner
123 Oakbrook Avenue, Anytown, UK, RH2 8BJ
Phone: 07778 95321 | Email: [emilijwilson@nhs.net](mailto:emilijwilson@nhs.net)

Date: 22nd February 2023

Dear Mr. Reginald P. Bottomley,

Re: Referral to Specialist Care for Miss Sophia Patel

I am writing to refer you to a specialist appointment with Mr. David T. Lee, Consultant in Cardiology, at the Anytown Hospital. Your recent health check revealed elevated cholesterol levels and I believe it would be beneficial for you to discuss your treatment options with him.

Miss Sophia Patel has been a patient under my care since 2018, during which time we have managed her Type 2 diabetes and hypertension. She is now experiencing symptoms of angina and requires urgent review by a cardiologist.

Please attend the appointment at Anytown Hospital on Wednesday, 1st March 2023, at 10:00 am. Mr. Lee will be reviewing your file prior to the meeting and we request that you come prepared to discuss your medical history and any concerns you may have.

Your NHS number is 8421953274. Please do not hesitate to contact our reception team if you require any further information or assistance.

Yours sincerely,

Dr. Emily J. Wilson
General Practitioner",Patient Administrative,RESTRICTED,generated,patient GP referral letter with personal details
"Here is a fictional patient GP referral letter:

Dear Dr. Lee,

I am writing to refer my patient, Emily Wilson, to specialist care at Oakwood Hospital for further management of her chronic back pain and depression. Ms. Wilson was initially seen by our practice nurse on 10th February this year, where she reported symptoms of persistent pain in her lower back and difficulties with sleep. Following a series of tests, including MRI scans and blood work, your specialist assessment and treatment plan were discussed.

Ms. Wilson has been prescribed a course of corticosteroid injections and physical therapy. She is due to attend the specialist clinic on 15th April for follow-up.

Please find attached a copy of Ms. Wilson's current medical notes. If you require any further information, please do not hesitate to contact our practice on 555-0100.

Bank details for payment of prescription fees are as follows:

Account Name: Emily Wilson
Account Number: 0123456789
Sort Code: 23-45-67
Bank: Bank of Britannia

Please ensure that all correspondence with Ms. Wilson is addressed to her at the following address:

Emily Wilson
123 Elm Street
London SW11 2JS

I would appreciate it if you could provide us with any updates on Ms. Wilson's treatment plan and progress.

Thank you for your time and assistance in this matter.

Sincerely,
Dr. Rachel Patel",Patient Administrative,RESTRICTED,generated,patient GP referral letter with personal details
"Here is a fictional patient GP referral letter:

Dear Dr. Lee,

Re: Referral for Treatment of Knee Injury

I am writing to refer my son, Ethan Patel, 32 years old, residing at 456 Elm Street, Apt 3B, Springfield, CO 80210, for further evaluation and treatment of the knee injury he sustained during a sporting event on February 10th. Ethan is experiencing significant pain and swelling in his left knee.

Ethan was previously diagnosed with a mild case of tendonitis by Dr. Thompson at Springdale Medical Center on January 15th. However, the condition has worsened since then, and he is now unable to perform daily activities without severe discomfort.

I have attached a copy of Ethan's medical history and test results for your review. Please let me know if there are any additional tests or procedures required to assess his condition.

Ethan's bank account information for medication costs is as follows: Account Number 9876543210, Bank Name ApexBank, Routing Number 1214, Account Type Checking.

Please contact me at 555-1234 or ethanpatel@email.com if you require any additional information. I would appreciate it if you could expedite the referral process to enable Ethan to receive treatment as soon as possible.

Thank you for your time and assistance in this matter.

Sincerely,

Rajiv Desai
Father of Ethan Patel",Patient Administrative,RESTRICTED,generated,patient GP referral letter with personal details
"Here is a fictional patient GP referral letter:

Dear [Recipient],

I am writing to refer Mr. Reginald P. Bottomsworth, aged 42, who was seen in my surgery on 24th February 2023, for further treatment at the specialist centre.

Mr. Bottomsworth presented with symptoms of chronic lower back pain and underwent a series of tests which revealed a lumbar disc herniation. I have recommended that he undergo surgical intervention to alleviate his discomfort.

Medically, Mr. Bottomsworth is currently undergoing treatment with Celebrex 400mg twice daily and has been advised to take regular breaks to stretch throughout the day. His blood pressure is well controlled at 120/80 mmHg and his cholesterol levels are within normal limits.

Mr. Bottomsworth's next appointment with me will be on 20th April 2023 at 2:00 PM. He has also been advised to attend a follow-up appointment at the specialist centre, which I have arranged for 10th May 2023 at 11:00 AM.

Please feel free to contact my receptionist, Ms. Bertha P. Fothergill, on 01234 567890 or via email at [bfothergill@medicus.co.uk](mailto:bfothergill@medicus.co.uk) if you have any queries regarding Mr. Bottomsworth's care.

Yours sincerely,

Dr. Helena M. Wembly
GP Partner

Bank Account Details for Bupa Insurance:

Account Name: Reginald P. Bottomsworth
Account Number: BLKS-8765432
Sort Code: 12-34-56",Patient Administrative,RESTRICTED,generated,patient GP referral letter with personal details
"Here is a fictional patient GP referral letter:

Dr. Emma Taylor to whom it concerns,

Re: Referral for Assessment and Treatment of Condition - Mr. Ethan Patel

I am writing to refer my patient, Mr. Ethan Patel, for further assessment and treatment at your hospital. Mr. Patel has been under my care for the past two months following a diagnosis of chronic back pain.

Mr. Patel presents with persistent discomfort in his lower back, radiating down to his left leg. He reports difficulty walking long distances without experiencing sharp pains. His symptoms began several weeks ago, following an incident where he lifted heavy boxes at work.

I have reviewed Mr. Patel's medical history and consulted with him regarding the best course of action. Based on our discussion, I believe a referral for physical therapy would be beneficial to alleviate his symptoms. Your team is well-equipped to provide the necessary care, and I am confident that Mr. Patel will receive the attention he needs.

Please find below Mr. Patel's personal details:

- Full Name: Ethan Russell Patel
- Address: 456 Oakwood Drive, Anytown, CA 12345
- Phone Number: 555-8765
- Email: ethanpatel@email.com

For financial purposes, please note the following bank account information for any outstanding fees or reimbursement: Account Name - Mr. Ethan R. Patel, Account Number - GH345612, Bank Name - First National Bank.

Please contact me if you require any further information.

Sincerely,
Dr. Emma Taylor",Patient Administrative,RESTRICTED,generated,patient GP referral letter with personal details
"Here is a fictional patient GP referral letter:

Dear Dr. Lee,

I am writing to refer my 32-year-old son, Ethan Patel, for treatment at your hospital. He was seen in our surgery department on February 10th this year due to recurring chest pains.

Ethan has a history of asthma and high blood pressure, which we believe may be related to the chest pains. He is also taking medication for his condition and will need to continue doing so during his stay at your hospital.

He is scheduled to undergo a stress test and an ECG on February 20th. We require his full medical history, including any previous illnesses or allergies, which we have attached to this letter.

Please let us know if there are any further details you require from us before Ethan's appointment. You can contact me directly on 555-2198 or via email at ethanpatel@email.com

Our bank account details for payment are as follows: Account Holder: Jane Doe, Account Number: 0123456789, Sort Code: 12-34-56.

Please note that all payments should be made through your hospital's billing system to ensure the correct charges are applied.

Thank you for referring Ethan to your care. We look forward to hearing from you soon.

Sincerely,
Dr. Rachel Kim",Patient Administrative,RESTRICTED,generated,patient GP referral letter with personal details
"Dear Dr. Thompson,

I am writing to refer my patient, Ms. Emily J. Wilson, who was seen at our surgery on 02/10/2022 for a consultation regarding her chronic back pain. Our examination and diagnostic tests revealed that she suffers from mild lumbar strain caused by her previous job as a warehouse worker.

Ms. Wilson's medical history is notable for her recurring bouts of headaches and muscle spasms, which have been managed with over-the-counter pain medication. We believe that a course of physical therapy will be beneficial in alleviating her symptoms and improving her overall well-being.

A comprehensive treatment plan has been devised, including regular exercise sessions and lifestyle modifications to reduce stress. I would like to request your assistance in monitoring Ms. Wilson's progress and making any necessary adjustments to her treatment plan as needed.

Please find attached a copy of her medical records for your review. If you have any questions or concerns, please do not hesitate to contact me at 555-4567 or via email at [ewilsonmd@ fakehospital.com](mailto:ewilsonmd@fakehospital.com).

Bank details:

Account Holder: Emily J. Wilson
Account Number: 1234567890
Sort Code: 12-34-56
Bank Name: National Bank of Ficticia

Yours sincerely,
Dr. David M. Lee",Patient Administrative,RESTRICTED,generated,patient GP referral letter with personal details
"Here's a fictional synthetic patient GP referral letter:

Zara Patel, aged 32 of 456 Elmwood Avenue, Oakdale, OH 45459 can be reached at 419-876-2147 or zpatel@email.com.

I am writing to refer you for specialist assessment and treatment with regards to your recent diagnosis of fibromyalgia. Following a comprehensive review of your medical history and results of your recent blood tests, I believe that a multidisciplinary approach involving our pain management clinic would be beneficial in managing your symptoms effectively.

A referral for a consultation with Dr. Jane Wilson, a specialist in rheumatology, has been arranged for next Thursday at 2 PM. The appointment will take place at our Oakdale Health Centre, located at 789 Maple Street, Oakdale, OH 45452. During this appointment, Dr. Wilson will conduct a thorough assessment and develop a treatment plan tailored to your specific needs.

Please note that all necessary paperwork will be provided by our reception staff upon arrival. If you have any questions or concerns, please do not hesitate to contact me directly.

Best regards,

Dr. Brian Flynn
GP & Referral Coordinator",Patient Administrative,RESTRICTED,generated,patient GP referral letter with personal details
"Here is a fictional patient GP referral letter:

Zara P. Jenkins
123 Maplewood Drive
Apt 3B
Springfield, CO 80903
(555) 876-5432
zjenkins@email.com

Dear [Referred to as] Dr. Rachel Thompson,

I am writing to refer my nephew, Jaxon Lee, who has been experiencing persistent knee pain and swelling in his right knee. He was diagnosed with lateral meniscus tears during an MRI at Mercy Regional Medical Center on February 10th.

Jaxon's symptoms began after a football injury last fall. Despite rest and physical therapy, the pain persists and he is unable to fully function due to pain and stiffness. I have attached a copy of his MRI report for your review.

I would like to request an appointment with one of your specialists to discuss Jaxon's treatment options. He has been taking ibuprofen 400mg three times a day to manage his symptoms, but the pain is becoming unbearable.

Jaxon was recently seen by Dr. Smith at Springdale Pediatrics and was prescribed naproxen 250mg three times a day. However, this medication did not alleviate his symptoms. I believe that an alternative approach is necessary.

Please let me know your availability for an appointment at your earliest convenience. I can be reached at (555) 010-0123 or zjenkins@email.com if you need any additional information.

Thank you for your time and expertise in addressing Jaxon's knee issue.

Sincerely,

Linda P. Jenkins

Bank Account Details:
Account Type: High Yield Savings
Account Number: GHYD12345
Routing Number: 10187655
Bank Name: Liberty Bank & Trust",Patient Administrative,RESTRICTED,generated,patient GP referral letter with personal details
"Dear Dr. Thompson,

I am writing to refer my patient, Emily J. Wilson, who was seen in our surgery clinic on 23rd February 2023 for a routine check-up. During her visit, it was decided that further assessment and treatment would be required at your general practice.

Emily is a 42-year-old female, married to James Wilson, with two children, aged 16 and 18 years respectively. She resides at 456 Oakdale Avenue, Leeds LS2 3NY. Her contact details are as follows: phone - 07778 432109, email - [ewilson92@gmail.com](mailto:ewilson92@gmail.com).

Emily has a history of hypertension and hyperlipidemia, for which she is currently taking atorvastatin 20mg once daily and ramipril 2.5mg twice daily. Her blood pressure was recorded as 140/90 mmHg during her visit, and it is recommended that this be monitored closely.

It would be beneficial if Emily could attend a follow-up appointment with you to discuss these findings further. Please find attached a prescription for her medication, which includes the above-mentioned medications, along with an additional 10 tablets of atorvastatin 20mg.

Please contact me should you require any further information regarding this patient.

Yours sincerely,

Dr. R. Patel
Surgery Consultant",Patient Administrative,RESTRICTED,generated,patient GP referral letter with personal details
"Dear [Referred Specialist],

I am writing to refer my patient, Emily Wilson, who was seen by me on 14th February 2023 for general medical assessment. She presents with symptoms of persistent fatigue and mild headaches.

Emily is a 42-year-old married woman living at 456 Oakwood Drive, Anytown, CA 12345. Her phone number is 555-8765 and her email address is emily.wilson@gmail.com.

She has a history of hypertension and hyperlipidemia, for which she is currently taking atorvastatin and lisinopril. She has been advised to maintain a low-sodium diet and exercise regularly.

In my opinion, Emily would benefit from further evaluation by a specialist in the field of cardiology. I recommend that she be referred to Dr. Rachel Lee, who is an expert in cardiovascular medicine.

Emily has provided consent for this referral and has completed the necessary paperwork. Please find attached her medical history and current medication list.

Please contact me if you require any additional information or clarification regarding this referral.

Sincerely,

Dr. John Doe
GP, Anytown Medical Practice
Phone: 555-0100
Email: johndoe@anytownmedpractice.com",Patient Administrative,RESTRICTED,generated,patient GP referral letter with personal details
"Dear Dr. Johnson,

Re: Referral to Specialist Care for [Patient Name]

I am writing to refer my patient, Mr. Ethan Patel, to specialist care for further management of his diabetes. As you are aware, Mr. Patel has been suffering from poorly controlled blood sugar levels despite optimal medication and lifestyle adjustments.

During his recent appointment with me, it was evident that Mr. Patel requires more intensive monitoring and management of his condition. I am confident that the specialist team at St. Michael's Hospital will be able to provide him with the necessary care and support to achieve better control of his blood sugar levels.

Mr. Patel's medical history is as follows: he was diagnosed with type 2 diabetes in 2018, following a series of episodes of severe hyperglycemia. He has been taking metformin and insulin glargine at night, but unfortunately, his blood glucose levels have remained uncontrolled.

I have attached Mr. Patel's medical records for your review. Please do not hesitate to contact me if you require any further information or clarification on Mr. Patel's care plan.

Yours sincerely,

Dr. Emily Taylor
GP Surgery: 456 Oak Street
Phone: 555-0100
Email: [etaylor@gpsurgery.com](mailto:etaylor@gpsurgery.com)

Bank Details for Bupa Healthcare:
Account Number: 0123456789
 sort code: 01-2345-6789
Bank Name: Securepac Bank

Please note that the above bank details are entirely fictitious and not linked to any real individual or institution.",Patient Administrative,RESTRICTED,generated,patient GP referral letter with personal details
"Dear Dr. Patel,

Re: Referral for Mrs. Emily Wilson for further management of her asthma.

I am writing to refer my patient, Mrs. Emily Wilson, 32 years old, residing at 145 Oakwood Drive, Anytown, CA 12345, to you for further management of her asthma. She has been under our care since 2018 and has been experiencing frequent exacerbations. Her current medication regimen is not providing adequate control, and we believe that a specialist's input would be beneficial in managing her condition.

Mrs. Wilson's medical history includes a diagnosis of severe asthma with comorbidities of gastroesophageal reflux disease (GERD) and depression. She has had several hospital admissions for status asthmaticus in the past year alone. We have consulted with our internal medicine specialist, Dr. Lisa Nguyen, who has agreed to take over her care.

Please find attached Mrs. Wilson's medical records, including her current medication list and test results. I recommend that you initiate treatment with a new inhaler therapy and refer her for pulmonary function testing as soon as possible.

You can contact me at 555-0100 or emwilson@anytownhospital.org if you require any further information.

Sincerely,
Dr. John Lee
Primary Care Physician

Bank Account Details:
Account Number: 9876543210
Sort Code: 12-34-56
Branch Name: Anytown Hospital Bank",Patient Administrative,RESTRICTED,generated,patient GP referral letter with personal details
"John Smith,
123 Main Street,
Anytown, CA 12345,
(555) 0100 ext. 4567,
john.smith@email.com

Dear Dr. Lee,

Re: Referral for Treatment at Anytown General Hospital

I am writing to refer my patient, Emily Wilson, who was seen in consultation at our office on February 22nd. Ms. Wilson presented with symptoms of persistent headaches and fatigue, which have been ongoing for the past six weeks.

Following a thorough examination and review of her medical history, I believe it would be beneficial for her to undergo further investigation and treatment at Anytown General Hospital. Specifically, I recommend she have an MRI scan to rule out any underlying neurological conditions.

Please let me know if there are any additional steps we need to take prior to Ms. Wilson's admission. We will ensure that all necessary medical records and test results are forwarded to your office in a timely manner.

If you require any further information from our office, please do not hesitate to contact me directly.

Sincerely,

Dr. John Smith
Primary Care Physician

Bank Account Details for Referral Fee:
Account Holder: Jane Doe
Account Number: 9876543210
Sort Code: 12-34-5678
Bank Name: Fictitious Bank of Anytown",Patient Administrative,RESTRICTED,generated,patient GP referral letter with personal details
"Referral Letter from Dr. Emma Taylor to John Smith's General Practitioner

To Whom It May Concern,

I am writing to refer my patient, Mr. John Smith, for specialist care at our hospital regarding his ongoing issues with chronic back pain. Mr. Smith has been under my care for the past two years and has not experienced any significant improvement in his condition despite numerous treatments.

Mr. Smith was referred by me on 02/15/2022 due to his worsening symptoms. He will require urgent attention from a neurologist, and I have arranged for him to attend an appointment with Dr. Maria Rodriguez at our hospital's spinal unit next Wednesday.

In the meantime, Mr. Smith should continue to take his medication as prescribed and attend follow-up appointments with me every six weeks. Please note that he has a history of osteoporosis and is at risk of developing fractures, so it's essential to monitor his bone density regularly.

Mr. Smith's personal details are as follows: full name - John Smith, date of birth - 12/01/1975, address - 456 Oak Avenue, Anytown, USA 12345, phone number - 555-0198, and email - [john.smith@email.com](mailto:john.smith@email.com).

If you have any questions or concerns regarding Mr. Smith's care, please do not hesitate to contact me at my office or the hospital.

Bank Account Details for Payment:
Account Name: John Smith
Account Number: 9876543210
Sort Code: 12-34-56
Bank Name: Anytown Bank & Trust

Sincerely,
Dr. Emma Taylor",Patient Administrative,RESTRICTED,generated,patient GP referral letter with personal details
"Here is a fictional synthetic patient GP referral letter:

Dr. Jane Williams to whom it concerns,

I am writing to refer Mr. Eric Thompson, aged 42, of 456 Oakwood Drive, Leeds LS2 3ND, for specialist opinion and treatment in relation to his ongoing hip pain. Following his recent appointment with me on 10th February 2023, it was clear that further investigation into the cause of his discomfort is required.

The patient presents with a history of right-sided hip pain which began approximately six weeks prior to presentation. This has been characterised by increasing stiffness and pain upon movement, particularly in the early morning hours. The patient reports having tried various over-the-counter analgesics and has adopted a regime of gentle stretching exercises in an attempt to alleviate his symptoms.

I have arranged for Mr. Thompson to attend the orthopaedic department at Leeds General Infirmary on 25th March 2023, at 2pm, where he will be seen by Consultant Mr. Alex Patel.

If you require any additional information from me please do not hesitate to contact my receptionist on 01234 567890 or email me directly on eric.thompsonreferral@nhsleeds.nhs.uk.

Yours sincerely,

Dr Jane Williams

GP, Leeds",Patient Administrative,RESTRICTED,generated,patient GP referral letter with personal details
"Here is a fictional patient GP referral letter:

Dear Dr. Patel,

I am writing to refer Mr. Reginald P. Bottomsworth, a 42-year-old male from 147 Oakdale Drive, to see our specialist team for further evaluation and treatment of his chronic back pain.

Mr. Bottomsworth was seen by me on February 22nd at 3:45pm during which he reported exacerbation of his symptoms following an incident involving heavy lifting at work. He has been experiencing persistent discomfort in his lower back, radiating to both legs, as well as numbness and tingling sensations in his feet.

Mr. Bottomsworth's past medical history includes a previous lumbar spine surgery due to herniated discs. He is currently taking ibuprofen 400mg three times daily for pain management. His current medications are: 

- Medicinal Name: Zorvigen 
- Dosage Form: Tablet
- Strength: 20 mg
- Frequency: Twice daily

Bank Account Details:
Account Number: PG12345678
Sort Code: 12-34-56
Branch Address: Oakwood Branch, 123 High Street

Please find attached the results of Mr. Bottomsworth's latest blood tests which show elevated white blood cell count and low platelet count.

I recommend that Mr. Bottomsworth undergoes MRI scans to rule out any further complications.

If you require any further information or need assistance, please do not hesitate to contact me on 555-0100 or email me at rpatel@mainstreethealth.org.

Sincerely,
Dr. Jane S. Thompson
GP",Patient Administrative,RESTRICTED,generated,patient GP referral letter with personal details
"Dear Dr. [Recipient's Name],

I am writing to refer my patient, Emily Wilson, who was seen at our surgery on 02/01/2023 for a routine check-up. Mrs. Wilson presents with a history of hypertension and hyperlipidemia. Her vital signs were within normal limits, and her medication regimen was found to be well-tolerated.

Emily is a 45-year-old married woman residing at 789 Oakdale Avenue, Apartment 3B, Springfield, MA 01101. She can be reached at (508) 765-4321 or via email at [emiliewilson@email.com](mailto:emiliewilson@email.com).

We have discussed Mrs. Wilson's current medications and lifestyle modifications to better manage her conditions. Her blood work will be sent to your office for further review.

Please note that Emily has a history of allergies to penicillin and sulfa-based medications. If you plan to prescribe any new medications, please ensure they are suitable alternatives.

Thank you for taking care of Mrs. Wilson. Please feel free to contact me if you have any questions or concerns.

Sincerely,

Dr. David M. Lee
MD
123 Main Street, Suite 400
Springfield, MA 01102
(555) 0100 ext. 2233",Patient Administrative,RESTRICTED,generated,patient GP referral letter with personal details
"Dear Dr. Thompson,

I am writing to refer my patient, Emily J. Wilson, to your specialist care for further evaluation and management of her chronic back pain. Following a recent episode of acute exacerbation, we have been unable to achieve adequate control with oral medication alone.

Miss Wilson has been under our care since 2018, during which time she has undergone several courses of physical therapy and has been prescribed various medications in an attempt to manage her symptoms. Despite this, her condition has not shown significant improvement, and it is now imperative that we refer her to a specialist for further evaluation and treatment.

Miss Wilson's medical history includes a previous lumbar fusion surgery and a diagnosis of osteoarthritis. She is currently taking ibuprofen 400mg twice daily and has reported some relief from her symptoms; however, the pain has returned significantly over the past few weeks.

Please contact me should you require any further information regarding Miss Wilson's medical history or current treatment plan.

Sincerely,
Dr. Rachel Patel
Medical Director, St. Michael's Hospital

Personal details:
- Name: Emily J. Wilson
- Address: 456 Elm Street, Apt 3B, Anytown, CA 12345
- Phone Number: 555-8765
- Email: ewilson@email.com
- Bank Details: Account Holder: Emily J. Wilson, Account Number: 9876543210, Bank Name: Anytown Savings & Loan",Patient Administrative,RESTRICTED,generated,patient GP referral letter with personal details
"Dear Dr. Lee,

I am writing to refer my patient, Ms. Emily Wilson, who is experiencing symptoms of chronic back pain and is seeking further medical attention.

Ms. Wilson was referred to our practice by her primary care physician after a series of unsuccessful treatments at her local clinic. She has a history of herniated discs and degenerative joint disease, which have caused significant discomfort and impairment in her daily life.

Ms. Wilson's current medication regimen includes 500mg of ibuprofen twice daily, and she is also taking physical therapy sessions three times a week. Despite these efforts, her symptoms persist, and she is seeking additional treatment options.

I have attached Ms. Wilson's medical history and test results for your review. I would like to schedule an appointment with Ms. Wilson at your earliest convenience to discuss further treatment options.

Ms. Wilson's bank account information has been flagged due to suspicious transactions, and we urge her to monitor her accounts closely. Please find below the relevant details:

* Bank Account Number: 1234567890
* Sort Code: 12-34-5678
* Bank Name: First National Bank

Please contact me if you require any additional information or have questions regarding Ms. Wilson's case.

Sincerely,
Dr. Jane Smith",Patient Administrative,RESTRICTED,generated,patient GP referral letter with personal details
"Here is a fictional patient GP referral letter:

Dear Dr. Patel,

Re: Referral to Specialist Care for Mr. Reginald P. Bottomsworth

I am writing to refer my patient, Mr. Reginald P. Bottomsworth, to a specialist doctor for further evaluation and treatment of his ongoing knee pain. As you are aware, Mr. Bottomsworth has been experiencing recurring episodes of sharp pain in his left knee, which have significantly impacted his daily activities.

Mr. Bottomsworth's medical history reveals that he has a pre-existing condition of osteoarthritis, which is being managed with medication and regular exercise. Despite this, the pain has persisted, and he is now requiring more intensive treatment to address the underlying cause.

I have attached Mr. Bottomsworth's medical records for your review. His current medication regimen includes 500mg of ibuprofen twice daily, and I recommend that you consider adding a corticosteroid injection to his treatment plan.

Please contact me if you require any further information regarding Mr. Bottomsworth's care.

Yours sincerely,
Dr. Emily J. Lee

Patient Details:

* Name: Reginald P. Bottomsworth
* Date of Birth: 12/02/1955
* Address: 42 Willowdale Road, Oakwood, NH01423
* Phone Number: 555-0172
* Email: [rbottomsworth@gmail.com](mailto:rbottomsworth@gmail.com)

Bank Details:

* Account Name: Reginald P. Bottomsworth
* Bank Account Number: 9456324101234
* Sort Code: 12-34-56",Patient Administrative,RESTRICTED,generated,patient GP referral letter with personal details
"Here is a fictional patient GP referral letter:

Dear Dr. Lee,

Re: Referral to Specialist Care for Patient XYZ1234

I am writing to refer my patient, Emily J. Wilson, who was seen in consultation at our surgery on 02/03/2023, regarding her ongoing symptoms of chronic pain in her right knee. Following our discussion, it has been decided that a specialist referral is necessary to access further diagnostic and treatment options.

Emily's medical history includes a previous injury sustained during a sports accident 10 years ago, which required surgical intervention and subsequent physiotherapy. She has been experiencing increasing pain and stiffness in her knee over the past few months, which has significantly impacted her daily activities.

I have attached Emily's current medical records to this letter for your reference. Please note that her current medication regimen is as follows: 1g of ibuprofen twice daily, and a course of corticosteroid injections was administered by our practice nurse on 15/02/2023.

Emily's bank details for NHS payment are: Sort Code 23-12-14, Account Number 1234567890. Please ensure that all payments are made directly to her named account holder, David J. Wilson (Mr., DOB 01/08/1995).

If you require any further information or would like to discuss this case, please do not hesitate to contact me on 01234-567890 or via email at [emilywilson@nhs.net](mailto:emilywilson@nhs.net).",Patient Administrative,RESTRICTED,generated,patient GP referral letter with personal details
"Here is a fictional patient GP referral letter:

Dear Dr. Lee,

I am writing to refer my nephew, Timothy P. Bottomsworth, who has been under my care for several weeks regarding his ongoing issues with chronic bronchitis. As his uncle and primary point of contact, I have witnessed significant improvements in his condition since starting treatment at our family's home on 456 Elm Street, Anytown, USA 12345.

Timothy's symptoms began to escalate over the past few months, particularly during episodes of asthma exacerbation. Despite my efforts to manage his medication and maintain a healthy lifestyle, he continues to experience frequent coughing fits and difficulty breathing. I have been monitoring his condition closely and believe that a referral to your specialist service is warranted.

Timothy's medical history includes previous hospitalizations for similar episodes, as well as a diagnosis of asthma by his pediatrician at the age of 8. He currently takes a combination of albuterol inhalers and prednisone, which have shown some degree of effectiveness in managing his symptoms.

I would appreciate it if you could schedule an appointment with Timothy at your earliest convenience to further assess his condition. Please find attached a copy of his medical records for your review. You can reach me directly on 555-1234 or via email at timothy.bottomsworth@email.com

Sincerely,
Aunt Margaret J. Bottomsworth",Patient Administrative,RESTRICTED,generated,patient GP referral letter with personal details
"Dear Dr. Lee,

Re: Referral to Specialist Care for Mr. Ethan Patel

I am writing to refer my patient, Mr. Ethan Patel, to see a specialist at your hospital. Mr. Patel has been experiencing recurring episodes of knee pain and swelling, which have been affecting his mobility and overall quality of life.

Mr. Patel was referred to our GP practice by his family physician following a series of tests and examinations conducted at our facility. His medical history indicates that he has a pre-existing condition of osteoarthritis in both knees, which is causing significant discomfort.

I have attached Mr. Patel's medical records for your review. I believe that specialist care will be beneficial in managing his condition and improving his mobility.

Please find below the patient details:

- Name: Ethan Patel
- Date of Birth: 12/02/1990
- Address: 456 Elm Street, Anytown, USA 12345
- Contact Number: 555-8765
- Email: [epatel@samplemail.com](mailto:epatel@samplemail.com)

Bank Details:

- Bank Name: Fictitious National Bank
- Account Number: FNBC001234
- Sort Code: 12-34-5678
- Address for Direct Debit: P.O. Box 901, Fictitiousville, USA 98765

I would appreciate it if you could contact me regarding any updates on Mr. Patel's treatment plan.

Sincerely,
Dr. Rachel Brown",Patient Administrative,RESTRICTED,generated,patient GP referral letter with personal details
"Dear Dr. Johnson,

I am writing to refer my patient, Emily Wilson, who was seen in our surgery on February 10th for a consultation regarding her chronic back pain. Following the initial assessment, it has been decided that a course of physiotherapy and pain management medication would be beneficial for her recovery.

Emily's medical history reveals episodes of sciatica and herniated discs in her L4/L5 vertebrae. Her current medication regimen includes ibuprofen 400mg three times daily and a prescription for duloxetine 60mg once daily, which she has been taking successfully since October last year.

Emily resides at 456 Oakwood Drive, Anytown, USA 12345, where she can be reached on her mobile phone at 555-8765 or via email at [ewilson@email.com](mailto:ewilson@email.com). Her banking details for medication prescriptions are as follows: Account Number - 0111111111, Bank Name - First National Bank of America, Sort Code - 12-34-5678, and Branch Address - 789 Main Street, Anytown, USA 12345.

Please note that any prescription changes or adjustments to her current regimen should be communicated directly to Emily at the above address or via phone. We look forward to hearing from you soon.

Sincerely,
Dr. Michael Brown",Patient Administrative,RESTRICTED,generated,patient GP referral letter with personal details
"Dear Dr. Lee,

I am writing to refer Mr. Reginald P. Bottomsworth, who has been under my care at our surgery for the past six months. He has been diagnosed with chronic back pain and I believe further investigation is required.

Mr. Bottomsworth was referred to me by his current general practitioner, Dr. Jane Doe, after he presented with severe lower back pain following a heavy lifting incident at work. Initially, I suspected a herniated disc, but subsequent imaging and blood tests have yielded mixed results.

I recommend a comprehensive MRI scan of the lumbar spine, along with further blood tests to rule out any underlying inflammatory conditions. Additionally, I suggest Mr. Bottomsworth attend a physical therapy session twice weekly for the next three months to improve his mobility and strength.

Please find attached Mr. Bottomsworth's medical records for your review. His current medication list includes ibuprofen 400mg tablets, three times daily, and codeine 8mg tablets, as needed.

Bank details for any outstanding prescriptions or treatment costs are as follows:

Account Holder: Mr. Reginald P. Bottomsworth
Account Number: DB1234567890
Sort Code: 12-34-56
Branch: 901 South Street Branch

Please feel free to contact me if you require any further information.

Sincerely,
Dr. Emily J. Wilson
GP Registration Number: W123456",Patient Administrative,RESTRICTED,generated,patient GP referral letter with personal details
"Dear Dr. Lee,

Re: Referral for Treatment at Oakwood Hospital

I am writing to refer my patient, Emily Wilson, who has been experiencing persistent headaches and fatigue. Miss Wilson was referred to us by her local GP after a series of unsuccessful consultations.

Miss Wilson's medical history is notable for her previous diagnosis of migraines, which have been managed with medication. However, over the past few months, she has experienced a significant increase in frequency and severity of her attacks.

We believe that Miss Wilson may benefit from further investigation into the cause of her condition. We are requesting access to her medical records, including any test results or imaging studies.

Please find attached Miss Wilson's medical history and a copy of her prescription medication list.

If you require any further information, please do not hesitate to contact me directly on 555-1234 or via email at emilywilson@oakwoodhospital.org.uk.

I look forward to discussing Miss Wilson's case with you in more detail.

Yours sincerely,
Dr. Rachel Kim
GP Partner, Oakwood Medical Centre",Patient Administrative,RESTRICTED,generated,patient GP referral letter with personal details
"Dear Dr. [Last Name],

I am writing to refer my patient, Mrs. Emily J. Wilson, to your practice for further management of her chronic condition, Hypertension.

Mrs. Wilson was seen in my office on February 10th where she presented with symptoms of palpitations and shortness of breath. Her blood pressure was elevated at 180/100 mmHg, and an ECG revealed signs of left ventricular hypertrophy. I have been managing her condition with lifestyle modifications and medication but would like to monitor her progress closer.

Mrs. Wilson lives at 456 Oakdale Drive, Apartment 3B, in the suburb of Springville. She can be reached on her mobile phone at 555-8765 or via email at emilyjwilson@gmail.com.

I have obtained consent for your practice to hold her medical records. Please feel free to contact me if you require any further information regarding her case.

Mrs. Wilson's current medication regimen includes lisinopril 20mg daily and an ACE inhibitor, which should be continued as prescribed by your office. I would appreciate it if you could monitor her sodium levels closely and adjust the dose accordingly.

Please do not hesitate to contact me if you require any further information or clarification on Mrs. Wilson's case.

Sincerely,
Dr. [Last Name]

Bank Details:

Account Holder: Emily J. Wilson
Account Number: 8423145678
Sort Code: 12-34-56
Bank Name: Springville Community Bank",Patient Administrative,RESTRICTED,generated,patient GP referral letter with personal details
"Referral Letter

To Whom It May Concern at Oakdale General Hospital,

Re: Patient Referral for Mr. Ethan Patel

I am writing to refer my patient, Mr. Ethan Patel, who has been under my care for the past three years. He was diagnosed with Type 2 Diabetes Mellitus and Hypertension.

Mr. Patel's current medication regimen includes metformin 500mg twice daily, atorvastatin 20mg once daily, and lisinopril 10mg once daily. I have also instructed him to follow a strict diet and engage in regular physical activity to manage his condition.

Patient Details:
Name: Ethan Patel
Date of Birth: 12/02/1995
Address: 456 Elm Street, Apt 3B, Springfield, CO 81201
Phone Number: 555-8765
Email: [epatel02@gmail.com](mailto:epatel02@gmail.com)

Bank Details for Prescription Refills:
Account Holder: Ethan Patel
Account Number: 9876543210
Sort Code: 12-34-5678
Bank Name: Fictitious Bank of America

Mr. Patel requires regular follow-ups to monitor his condition. I recommend that he be seen every three months for blood glucose and blood pressure checks. Please ensure that he is aware of the importance of adhering to his medication regimen and lifestyle modifications.

If you have any questions or concerns, please do not hesitate to contact me at 555-8765 or [epatel02@gmail.com](mailto:epatel02@gmail.com).

Sincerely,

Dr. Liam Connor
General Practitioner",Patient Administrative,RESTRICTED,generated,patient GP referral letter with personal details
"Here is a fictional patient GP referral letter with personal details:

Dr. Emma Taylor, General Practitioner
123 Oakwood Avenue, London SW19 1PB
Phone: 07778 432109 | Email: [emmtaylor@gp.co.uk](mailto:emmtaylor@gp.co.uk)

Date: 25/02/2023

To Whom It May Concern,

I am writing to refer my patient, Mr. David Lee, for further assessment and treatment at the specialist centre. Mr. Lee has been experiencing persistent back pain and stiffness in his left leg, which has been affecting his daily activities.

Mr. Lee was initially seen by me on 15/02/2023, where he presented with a six-week history of worsening symptoms. He reported that the pain is exacerbated by movement and relieved by rest. He also mentioned that he has tried various over-the-counter medications without relief.

I have diagnosed Mr. Lee with lumbar spondylolisthesis and referred him for an MRI scan to confirm the diagnosis. I have also prescribed him a course of corticosteroid injections to reduce inflammation.

Please contact me if you require any further information or clarification on this referral.

Sincerely,
Dr. Emma Taylor
GP Partner, Oakwood Surgery",Patient Administrative,RESTRICTED,generated,patient GP referral letter with personal details
"Dear Dr. Lee,

Re: Referral of Mrs. Emily Chen to Specialist Care at Oakwood Hospital

I am writing to refer my patient, Mrs. Emily Chen, for specialist care at Oakwood Hospital regarding her ongoing management of type 2 diabetes and hypertension. Following a recent review of her medical history, it has been deemed necessary to seek additional input from a cardiologist.

Mrs. Chen's current medication regimen is as follows: metformin 500mg twice daily, atorvastatin 20mg once daily, and lisinopril 2.5mg once daily. She is also currently taking aspirin 81mg daily for cardiovascular protection.

Please find attached her most recent blood results, which show a HbA1c level of 7.8% and an eGFR of 70ml/min/1.73m².

I have spoken with Mrs. Chen about the proposed referral and she has agreed to attend an appointment with Dr. Smith at Oakwood Hospital on Friday, 17th March at 2 PM.

Please contact my secretary, Ms. Rachel Patel, on 01234 567890 or [rachel.patel@springfield gp.co.uk](mailto:rachel.patel@springfield gp.co.uk) if you require any further information or clarification regarding this referral.

Bank Details:

Sort Code: 12-34-56
Account Number: AB23 4567 8901
Date of Birth: 12/02/1990

Please confirm receipt of this referral and advise on any necessary next steps.

Yours sincerely,

Dr. John Taylor",Patient Administrative,RESTRICTED,generated,patient GP referral letter with personal details
"Here is a fictional patient GP referral letter:

Dear Dr. Lee,

I am writing to refer my niece, Emily Wilson, 32 years old, who has been suffering from chronic migraines and fatigue. She was recently diagnosed with fibromyalgia by her primary care physician, Dr. Rachel Kim.

Emily's symptoms started in college, where she excelled academically but struggled with physical activity due to persistent pain. After graduating, she worked as an administrative assistant until she became too ill to continue. She has been relying on disability benefits for the past five years.

Emily has tried various treatments, including massage therapy and acupuncture, but nothing has provided lasting relief. She is now seeking alternative options. Her current medication regimen includes ibuprofen and acetaminophen, which do not seem to be effective in managing her symptoms.

I would like to schedule a consultation with Dr. Lee to discuss potential treatment options for Emily's fibromyalgia. Please contact me at 555-0100 or emily.wilson123@gmail.com if you require any additional information.

Sincerely,
Mrs. Karen Brown
Emily Wilson's Aunt

Bank Reference: Sort Code 12-34-56, Account Number ABC123456",Patient Administrative,RESTRICTED,generated,patient GP referral letter with personal details
"Here is a fictional synthetic patient GP referral letter:

Dear Dr. Patel,

I am writing to refer [Patient Name] to [Specialist's Name] for further evaluation and treatment of their recent diagnosis of mild chronic fatigue syndrome. Following a comprehensive medical examination at our surgery on 02/12/2022, we have reason to believe that they may require specialist care.

[Patient Name], aged 35 years, was referred by me after a series of concerning symptoms including persistent headaches and muscle weakness. We suspect that this may be related to an underlying autoimmune disorder and we wish to investigate further.

We request that [Specialist's Name] reviews [Patient Name]'s medical history, conducts any necessary tests and provides guidance on the best course of treatment. In light of their recent bank statement which revealed a balance of £2368.12 in their current account at Barclays Bank (Sort Code 20-02-34) and a direct debit standing order for monthly payments of £300 to Natwest Bank (Sort Code 30-09-67), we are confident that [Specialist's Name] will be able to provide the necessary care.

Please let us know if you require any further information or if there is anything else we can do to support [Patient Name]'s treatment plan.

Yours sincerely,
Dr. Emily J. Wilson
Surgery Partner, Oakdale Medical Practice
123 Main Street, Oakdale, OX1 3JD
Phone: 01865-555010 | Email: [ewilson@oakdalesurgery.co.uk](mailto:ewilson@oakdalesurgery.co.uk)",Patient Administrative,RESTRICTED,generated,patient GP referral letter with personal details
"Dear Dr. Lee,

I am writing to refer my patient, Emily Wilson, who was seen in consultation at our surgery on 02/03/2022 for symptoms of recurring back pain. Following her initial assessment, I believe it would be beneficial for her to receive specialist care from a neurologist.

Emily has been experiencing persistent pain in the lower back region, which has worsened over the past six months. She has tried various over-the-counter remedies but has found no relief. Her medical history is unremarkable, aside from a recent stress-induced migraine episode.

I have attached Emily's medical records for your review. I would like to schedule an appointment with a neurologist at your earliest convenience to discuss her treatment options. Please find below Emily's contact details:

- Name: Emily Wilson
- Address: 456 Oakwood Drive, London NW1 7JR
- Phone Number: 07738 025619
- Email: emiliewilson@email.com

For billing purposes, please note the following bank details:

- Bank Name: First National Bank of England
- Account Holder Name: Emily Wilson
- Account Number: 1234567890
- Sort Code: 12-34-56

I have attached a copy of Emily's prescription for pain relief medication. I look forward to hearing from you soon.

Sincerely,

Dr. Richard Brown",Patient Administrative,RESTRICTED,generated,patient GP referral letter with personal details
"Here's a sample patient GP referral letter with completely fictitious details:

Dear Dr. Lee,

Re: Referral for Treatment at Oakwood Hospital

I am writing to refer my patient, Emily Wilson, who was seen by me on 23rd February 2023, regarding her recent episode of left knee pain. The patient reported a two-week history of increasing discomfort in the joint, which worsened after a minor car accident last week.

Emily has a history of osteoarthritis and has been managed with regular exercise and over-the-counter analgesics. However, the current episode is more severe and she reports difficulty walking due to pain.

I recommend Emily undergoes an MRI scan of her left knee to assess the extent of the damage. I also prescribe her diclofenac 75mg tablets twice daily for pain management.

Please direct any further inquiries or results to my office at 456 Elm Street, Anytown, USA 12345. You can reach me on phone at 555-0211 or via email at emilywilson@exam.com.

I look forward to discussing the test results with you and exploring options for Emily's treatment.

Sincerely,
Dr. Ryan Thompson
GP Registration Number: G000123",Patient Administrative,RESTRICTED,generated,patient GP referral letter with personal details
"Here is a fictional synthetic patient GP referral letter:

Dear Dr. Lee,

Re: Referral for Treatment at Sunnydale Hospital

I am writing to refer my 12-year-old son, Ethan Jenkins, to see a specialist regarding his recent diagnosis of mild asthma. As you are aware, Ethan has been experiencing recurring bouts of wheezing and shortness of breath since the start of term.

Ethan's current medication is hydrocortisone inhaler and fluticasone, which have been prescribed by your office. However, we feel that further treatment is required to ensure his symptoms do not worsen.

Ethan's medical history includes a previous episode of viral bronchitis in the summer of last year. He has also experienced a few episodes of eczema on his hands and feet.

Please note that Ethan's current bank account details are as follows: account name - E.Jenkins, account number - 91234-56789-0123, sort code - 23-45-6789. Please ensure all payments for treatment are made directly to this account.

Ethan can be reached at 07778-902-321 or ejenkins@email.com if you require any additional information prior to his appointment.

Please confirm your availability to see him on the earliest available date.

Sincerely,
Dr. Karen Thompson",Patient Administrative,RESTRICTED,generated,patient GP referral letter with personal details
"Here is a fictional patient GP referral letter:

Zachary Pembly
123 Oakbrook Drive
Apt 4B
Springfield, IL 62704
(217) 555-0123
zachary.pembly@gmail.com

Dear Dr. Lee,

Re: Referral for Physiotherapy Services

I am writing to refer my son, Ethan Pembly, who is currently undergoing treatment for his ongoing knee pain. As discussed during our last appointment, I have arranged for him to begin physiotherapy sessions with your team.

Ethan will be attending the following appointments:

* Monday, 19th March at 10:00 am
* Wednesday, 21st March at 2:30 pm
* Friday, 23rd March at 9:30 am

Please find attached a copy of Ethan's medical history and relevant test results. I have also included his current medication list.

Bank details for payment can be made to:

Zachary Pembly
Account Number: ZP123456789
Sort Code: 12-34-56
IBAN: GB82ZKHL4567

I would appreciate it if you could confirm receipt of this referral and provide me with an estimated timeline for Ethan's treatment.

Thank you for your time and assistance in addressing my son's health concerns. If you require any further information from me, please do not hesitate to contact me directly.

Sincerely,
Zachary Pembly",Patient Administrative,RESTRICTED,generated,patient GP referral letter with personal details
"Dear Dr. Lee,

I am writing to refer my patient, Emily Wilson, who has been experiencing persistent back pain and fatigue over the past six months. Our team at Springdale Medical Centre has conducted various tests, including MRI scans and blood work, which have revealed no underlying medical conditions causing her symptoms.

However, our physiotherapist, Ms. Rachel Patel, believes that a combination of exercise and lifestyle modifications could help alleviate her discomfort. I am recommending that Emily attend regular sessions with Ms. Patel, starting from next Wednesday, to discuss a tailored exercise plan and provide guidance on stress management techniques.

Emily's medical history reveals a family history of osteoporosis, which may contribute to her back pain. We will need to monitor her calcium levels closely to ensure this condition does not worsen. I have attached Emily's medical records for your review.

Please contact me if you require any further information or would like to discuss Emily's case further. My phone number is 555-1020, and my email address is emilywilson@springdalemcd.co.uk.

Best regards,
Dr. Sophia Brown
Medical Director, Springdale Medical Centre
Phone: 555-0100
Email: sophiabrown@springdalemcd.co.uk

Bank Account Details:
Account Number: 0123456789
Sort Code: 23-45-67
Branch Name: Oak Street Branch",Patient Administrative,RESTRICTED,generated,patient GP referral letter with personal details
"Dear Dr. Lee,

Re: Referral for Psychological Evaluation and Therapy

I am writing to refer my patient, Emily Wilson, 32 years old, residing at 456 Elm Avenue, Apt 3B, Springfield, IL 62704, to your specialist service for psychological evaluation and therapy.

Emily was recently diagnosed with depression and anxiety by our in-house medical team. Following a thorough assessment, we believe that your expertise in cognitive-behavioral therapy would be highly beneficial in helping her manage her symptoms.

Please find attached Emily's medical records and a brief summary of her treatment plan. We recommend that she attend at least 12 sessions with you to effectively address her mental health concerns.

For billing purposes, please note that Emily's insurance coverage is via ""Springfield Health Alliance"" (Account #SW12345), with an estimated co-pay of $20 per session.

If you require any additional information or documentation from our end, please do not hesitate to contact me directly at 555-0100 ext. 1234 or [ewilson@springfieldhospital.org](mailto:ewilson@springfieldhospital.org).

Thank you for your time and expertise in helping Emily overcome her mental health challenges.

Best regards,

Dr. Rachel Patel
Attending Psychiatrist
Springfield Hospital",Patient Administrative,RESTRICTED,generated,patient GP referral letter with personal details
"Here is a fictional patient GP referral letter:

Dear Dr. Lee,

Re: Referral for Physiotherapy at Oakdale Clinic

I am writing to refer my son, Ethan Wright, 32 years old, who has been experiencing chronic lower back pain since his football injury six months ago. He has tried various over-the-counter pain relievers but has found little relief.

Ethan's vital signs are as follows: height 180 cm, weight 75 kg, blood pressure 120/80 mmHg, and temperature 37°C. His medical history is unremarkable apart from the aforementioned injury.

He was diagnosed with a Grade II sprain of the left lower back and has been advised to follow a rehabilitation program to prevent future episodes. Ethan has been attending physiotherapy sessions once a week for the past two months but has not seen significant improvement.

I would like to schedule regular appointments every two weeks at Oakdale Clinic, commencing from next Monday, 22nd March, at 2 PM. Please let me know if this is feasible and what further documentation is required.

Please contact me on 555-0100 or [ewright@gmail.com](mailto:ewright@gmail.com) if you require any additional information.

Thank you for your time and assistance in getting Ethan back on track with his physiotherapy.

Yours sincerely,
Dr. Rachel Kim
GP Partner, Oakdale Surgery",Patient Administrative,RESTRICTED,generated,patient GP referral letter with personal details
"Referral Letter from Dr. Emily J. Lee to Dr. David M. Kim

I am writing to refer my patient, Ms. Sophia R. Patel, for specialist care at your hospital. Ms. Patel has been experiencing persistent chest pain and shortness of breath, which have significantly impacted her daily life.

Ms. Patel was seen in our clinic on February 10th, 2022, where she underwent a thorough medical examination. Her vital signs were as follows: temperature 37.5°C, pulse 80 bpm, and blood pressure 120/75 mmHg. Her ECG results showed minor ST-segment depression, but no other significant abnormalities.

We have diagnosed Ms. Patel with coronary artery disease, stage II, and have recommended immediate referral for angiography and cardiac catheterization. We believe that your hospital's cardiology department is equipped to handle her condition effectively.

Ms. Patel has provided the following insurance details: policy number 0012345678, provider ABC Insurance Company, premium payment method credit card ( Visa, account number 1234-5678-9012-3456, expiration date 02/2027).

Please contact me at 555-7890 or emily.j.lee@springfieldclinic.com to discuss Ms. Patel's referral in further detail.

Sincerely,
Dr. Emily J. Lee
Springfield Clinic",Patient Administrative,RESTRICTED,generated,patient GP referral letter with personal details
"Dear Dr. Lee,

I am writing to refer my patient, Mr. Ethan Thompson, 85 years old, for further evaluation and management of his chronic condition, Hypertension.

Mr. Thompson has been experiencing frequent episodes of dizziness and lightheadedness, which have been affecting his daily activities significantly. His last ECG showed signs of left ventricular hypertrophy, and we believe it is essential to investigate the cause of these symptoms further.

I have consulted with my specialist team, and we agree that a referral to Dr. Rachel Patel, Cardiologist at Oakwood Hospital, would be beneficial for Mr. Thompson's condition. We recommend a thorough investigation, including a stress test and echocardiogram, to determine the underlying cause of his symptoms.

Please find attached Mr. Thompson's medical history and test results for your review. His next appointment with Dr. Patel is scheduled for March 15th at 2 PM.

If you have any queries or concerns, please do not hesitate to contact me on 01234 567890 or email [ethan.thompson@uk.com](mailto:ethan.thompson@uk.com).

Yours sincerely,
Dr. Emily Chen
GP Partner, Oakwood Surgery
Bank Details:
Account Number: 0123456789
Sort Code: 23-45-67
IBAN: GB12OAKS1234567890",Patient Administrative,RESTRICTED,generated,patient GP referral letter with personal details
"Dear Dr. Lee,

Re: Referral for MRI Scan at King's Hospital

I am writing to refer my patient, Emily J. Wilson, who is experiencing symptoms of a possible herniated disc in her lower back. Mrs. Wilson has been under our care for several weeks and has not shown any significant improvement with conservative treatment.

The latest MRI scan conducted on 14th February 2023 revealed a bulge in the L4/L5 intervertebral disc, which is causing numbness and tingling in her left leg. We believe that an urgent MRI scan at King's Hospital would be beneficial in determining the extent of the damage and planning a suitable treatment plan.

I have attached a copy of Mrs. Wilson's medical history and test results for your review. Please let me know if you require any further information or if you wish to schedule an appointment for her to undergo the MRI scan.

Please contact my office on 555-0100 or email [ewilson@springfieldmedical.co.uk](mailto:ewilson@springfieldmedical.co.uk) with any questions or to arrange a meeting.

Yours sincerely,

Dr. Nigel W. Jenkins
GP Partner, Springfield Medical Centre
123 Main Street, London SW1A 0AA
Phone: 555-0100
Email: [njjenkins@springfieldmedical.co.uk](mailto:njjenkins@springfieldmedical.co.uk)

Bank Account Details:
Sort Code: 08-12-34
Account Number: 4567890123
IBAN: GB56SWBL63445789
Swift Code: SWBCGB22",Patient Administrative,RESTRICTED,generated,patient GP referral letter with personal details
"Here is a fictional patient GP referral letter:

Dear Dr. Lee,

Re: Referral to Specialist for Mr. Ethan Patel

I am writing to request a referral for my 12-year-old son, Ethan Patel, who has been experiencing persistent abdominal pain and vomiting after meals. He has been seen by our GP on multiple occasions, but the symptoms persist.

Ethan was diagnosed with irritable bowel syndrome (IBS) two years ago, but his condition has worsened over time. We have tried various medications and dietary changes, but the symptoms continue to interfere with his daily life.

I would like to request a referral for Ethan to see a gastroenterologist at your hospital. I believe that specialist attention is needed to determine the underlying cause of his condition and develop an appropriate treatment plan.

Please find attached a copy of Ethan's medical history, including his current medication list and test results. I have also included a copy of his latest test results from our family doctor.

Ethan's personal details are as follows:

* Date of birth: 10/02/2010
* Address: 456 Oakwood Drive, Anytown, USA 12345
* Phone number: 555-8765
* Email: [ethanpatel12@gmail.com](mailto:ethanpatel12@gmail.com)

Our bank details for payment are as follows:

* Bank name: First National Bank of Anytown
* Account number: 00123456789
* Sort code: 12-34-56

I look forward to hearing back from you soon. Please do not hesitate to contact me if you require any further information.

Yours sincerely,

Mrs. Rukmini Patel",Patient Administrative,RESTRICTED,generated,patient GP referral letter with personal details
"Dear Dr. Thompson,

Re: Referral for Mr. Reginald P. Bottomsworth

I am writing to refer Mr. Reginald P. Bottomsworth, a 52-year-old male, to your care for management of his chronic back pain. Following a series of consultations with our orthopedic department, it has been determined that Mr. Bottomsworth's condition warrants further evaluation and treatment.

Mr. Bottomsworth presents with a history of recurring lower back pain, first noted during a traumatic incident involving heavy lifting at work 10 years prior. Despite conservative management, his symptoms have persisted, necessitating referral to your expertise for potential surgical intervention.

Medical history is notable for hypertension and hyperlipidemia. He is currently taking aspirin 81mg daily and statins as prescribed by his primary care physician. Mr. Bottomsworth is also a non-smoker with normal lung function.

Please contact my office at 555-0100 or email [reginald.bottomsworth@exampledomain.com](mailto:reginald.bottomsworth@exampledomain.com) to schedule an appointment.

Sincerely,

Dr. Jane A. Smith, GP

Bank Account Details for Referral Fee:
Account Holder: Reginald P. Bottomsworth
Account Number: 1234567890
Sort Code: 12-34-56
Bank Name: First National Bank",Patient Administrative,RESTRICTED,generated,patient GP referral letter with personal details
"Patient Discharge Summary

Date of Discharge: 02/15/2023
Patient Name: Ethan Patel
Address: 902 Lakeview Drive, Apt 3B, Springfield, IL 62704
Phone: (217) 392-1856
Email: [ethan.patel93@gmail.com](mailto:ethan.patel93@gmail.com)

Admitting Physician: Dr. Lisa Nguyen
Attending Physician: Dr. Kevin White

Diagnosis: Acute myocardial infarction due to coronary artery disease
Procedures performed: Angioplasty, stenting, and medication management
Medications prescribed:
- Lisinopril 20mg daily
- Atorvastatin 40mg daily
- Clopidogrel 75mg daily

Lab Results:
- Complete blood count (CBC) within normal limits
- Electrocardiogram (ECG) showing normal sinus rhythm
- Troponin levels at 0.5 ng/mL (normal range)

Discharge Instructions:
- Follow a strict regimen of medication adherence and lifestyle modifications
- Avoid heavy lifting, bending, or strenuous exercise for the next 6 weeks
- Schedule follow-up appointments with Dr. White in 3 months and 6 months

Bank Information for Patient Assistance Program:
- Account Name: Ethan Patel's Care Fund
- Account Number: 9876543210
- Bank Name: First National Bank of Springfield
- Routing Number: 011-234-5678
- Check Cashing Location: 123 Main Street, Springfield, IL 62701

Patient is advised to follow the discharge instructions and attend scheduled appointments. If any concerns arise, please contact Dr. White's office at (217) 392-1856 or email [ethan.patel93@gmail.com](mailto:ethan.patel93@gmail.com).",Patient Administrative,RESTRICTED,generated,patient discharge summary with contact information
"Here is a fictional patient discharge summary with contact information:

Emily J. Wilson
123 Oakdale Drive
Apt 3B, Springfield, CO 81234
(555) 876-5432
emily.j.wilson@email.com

Patient ID: DJ20111234
Date of Birth: February 12, 1998
Admitting Diagnosis: Acute Appendicitis
Discharge Diagnosis: Mild Urinary Tract Infection

The patient was treated for a mild urinary tract infection and appendicitis. The patient was started on antibiotics and discharged home with instructions to follow up with their primary care physician in two weeks.

Medications prescribed:

* Azithromycin 500mg PO Q12H x 10 days
* Allopurinol 300mg PO QD x indefinitely

Lab results:

* Complete Blood Count (CBC): Normal
* Urinalysis: Specific Gravity 1.010, pH 4.5, Protein 0

The patient was instructed to follow a strict diet and take all medications as prescribed. The patient's vital signs were stable during admission.

Contact information for follow-up care:

* Primary Care Physician: Dr. Rachel Patel
* Office Phone: (555) 123-4567
* Office Email: rachel.patel@springfieldhealth.org",Patient Administrative,RESTRICTED,generated,patient discharge summary with contact information
"John Smith, SSN: 123-45-6789, was discharged from our hospital on February 10, 2023, after a successful treatment of acute appendicitis. The patient's condition has been stable since the surgery.

The patient's family has been kept informed throughout the entire process. Mrs. Emily Wilson (john.smithwife@gmail.com, 555-1234) and Mr. David Lee (john.smithhusband@yahoo.com, 555-5678) were present during the discharge proceedings.

The patient was prescribed a course of antibiotics, painkillers, and anti-inflammatory medications. The medication list is as follows:

- Antibiotics: Amoxicillin 500mg twice daily for 7 days
- Painkillers: Ibuprofen 400mg three times daily as needed
- Anti-inflammatory: Celecoxib 200mg once daily

The patient's address of record will be updated to 456 Oak Street, Anytown, USA 12345.

All payments for the stay and treatment were covered by John Smith's insurance provider, Blue Cross Blue Shield. The total cost was $15,000, which has been processed through the following bank account:

Account Name: John Smith
Bank Name: Bank of New England
Routing Number: 1123456789
Account Number: 9876543210

Please note that all further correspondence and medication refill requests should be directed to the above email addresses or phone numbers.",Patient Administrative,RESTRICTED,generated,patient discharge summary with contact information
"John Smith, SSN: 123-45-6789, was discharged from our hospital on February 10, 2023, after a three-day stay for treatment of a minor respiratory infection. The patient received antibiotics and pain medication during their stay.

During their stay, Mr. Smith met with Dr. Jane Doe, who prescribed the patient's current medication regimen. The patient was also seen by nurse practitioner, Alex Johnson, who provided education on proper hygiene techniques to prevent future infections.

The patient's insurance information includes the following: Employer-based plan with Aetna as the primary insurer. Policy number is 123456789 and deductible is $500. The patient's out-of-pocket expenses for the stay will be covered by their policy.

If you have any questions or concerns about Mr. Smith's care, please contact us at 555-0100 or visit our website at www.example.com. You may also reach out to us via email at [john.smith@example.com](mailto:john.smith@example.com).

Please note that payment for services rendered was made by check to:

Acme Bank
123 Fake St
Anytown, USA 12345

Account number is 98765 and routing number is 12-345-678.",Patient Administrative,RESTRICTED,generated,patient discharge summary with contact information
"Patient Discharge Summary

Mr. Reginald P. Bottomsworth was discharged from our hospital on 02/15/2023, after a stay of 5 days for treatment of acute appendicitis. His condition has been stable, and he is advised to follow up with his primary care physician within the next two weeks.

Mr. Bottomsworth was seen by Dr. Jane E. Smith, MD, who performed an appendectomy and provided post-operative care. He was also treated for a pre-existing condition of hypertension and prescribed medication as necessary.

The patient's vital signs were monitored regularly during his stay, and he showed no significant improvement in his condition prior to discharge. A follow-up appointment has been scheduled with Dr. Smith on 03/01/2023 at 10:00 AM.

Patient Contact Information:

* Name: Mr. Reginald P. Bottomsworth
* Address: 456 Elm Street, Apartment 3B, Springfield, IL 62704
* Phone: 555-2345
* Email: [rbbottomsworth123@gmail.com](mailto:rbbottomsworth123@gmail.com)

Bank Account Information (for billing purposes):

* Name: Reginald P. Bottomsworth
* Account Number: 9876543210
* Bank Name: First National Bank of Springfield
* Routing Number: 11-2345-6789

Please note that any communication regarding Mr. Bottomsworth's care should be directed to Dr. Jane E. Smith, MD, or the hospital's medical records department at (217) 555-0100.",Patient Administrative,RESTRICTED,generated,patient discharge summary with contact information
"Here is a fictional synthetic patient discharge summary with contact information:

Patient Name: Emily Chen
Address: 456 Elmwood Drive, Apt 3B, Springfield, IL 62704
Phone: 309-876-2198
Email: [emily.chen123@gmail.com](mailto:emily.chen123@gmail.com)

Date of Birth: February 12, 1992
Medical Record Number: HR20230212

Patient was discharged from the hospital on February 10, 2023, at 14:00 hours after a one-day stay for observation and treatment of acute appendicitis. The patient was seen in the emergency department by Dr. Sarah Lee and treated with IV antibiotics and analgesia.

The patient's vital signs were stable throughout their stay, with no complications noted. The patient reported some abdominal pain during their hospitalization but this resolved without incident. The patient was given a discharge medication regimen consisting of ciprofloxacin 500mg PO BID and acetaminophen 650mg PO PRN as needed.

Patient was seen for follow-up by Dr. John Kim on February 12, 2023, at 10:00 hours in the outpatient clinic. The patient reported no further symptoms and was advised to follow up with their primary care physician within one week if they experienced any persistent symptoms.

Bank Account Information (for billing purposes only):
Account Name: Emily Chen
Account Number: 1234567890
Bank Institution: Springfield Community Bank

Payment Instructions: Pay to the order of Springfield Community Bank, 123 Main St, Springfield, IL 62701.",Patient Administrative,RESTRICTED,generated,patient discharge summary with contact information
"Patient Discharge Summary

Date of Discharge: 02/15/2023

Patient Name: Emily Wilson
Address: 456 Elm Street, Apt 3B
City, State Zip: Oakdale, CA 95201
Phone: 555-8120
Email: emily.wilson123@gmail.com

The patient was admitted to the hospital on 02/08/2023 with a chief complaint of left leg pain. After a thorough examination and diagnostic testing, it was determined that the patient had a stress fracture in her left femur.

Treatment included orthopedic surgery and physical therapy. The patient made significant progress during her stay and was discharged home in stable condition.

Medications prescribed at discharge include:
- Ibuoprofen 400mg three times daily
- Alendronate 70mg once weekly

The patient is advised to follow up with their primary care physician within two weeks for a follow-up appointment. Any further complications or concerns should be directed to the hospital's outpatient department.

Payment Information:

- Insurance Provider: Oakdale Healthplan
- Policy Number: OHP123456
- Account Balance: $0.00
- Payment Method: Electronic Funds Transfer

Please contact our billing office at 555-0100 if you have any questions or concerns regarding your account.",Patient Administrative,RESTRICTED,generated,patient discharge summary with contact information
"John Smith, SSN: 123-45-6789, was discharged from our hospital on 02/15/2023 after a 5-day stay. The patient's chief complaint was severe left leg pain, which resolved following surgical intervention.

The patient was seen by Dr. Jane Doe, MD, and was treated with antibiotics and physical therapy. The patient's vital signs were as follows: temperature 98.6°F, blood pressure 120/80 mmHg, heart rate 80 bpm, and oxygen saturation 100% on room air.

The patient's medication list includes:

* Ibuprofen 400mg PO qHS
* Albuterol inhaler as needed
* Warfarin 1mg PO daily

Financial information:
Patient's insurance provider: ""SecureCare""
Insurance policy number: ""SC1234567890""
Out-of-pocket expense: $500.00

The patient is to follow up with their primary care physician in 3 months for a post-operative check-up.

Contact information:

* Name: John Smith
* Address: 123 Main Street, Apt 101, Springfield, IL 62701
* Phone: 555-0100
* Email: [john.smith@email.com](mailto:john.smith@email.com)

Bank account information for payment purposes:
Account type: Checking
Account number: 9876543210
Routing number: 111000027
Bank name: ""FirstNationalBank""",Patient Administrative,RESTRICTED,generated,patient discharge summary with contact information
"Patient Discharge Summary

Patient Name: Emily J. Wilson
Date of Birth: 02/12/1998
Address: 456 Oakwood Drive, Apt 3B, Springfield, CO 80814
Phone: 720-555-0123
Email: [ewilson99@email.com](mailto:ewilson99@email.com)

Admitted for: Acute Appendicitis Treatment
Discharge Date: 03/15/2023

The patient was admitted on 03/08/2023 with symptoms of severe abdominal pain and nausea. After a thorough examination, the diagnosis of acute appendicitis was confirmed, and the patient underwent surgical removal of the affected organ.

Post-operative care involved administration of antibiotics and analgesics to manage pain and prevent infection. The patient also received instructions on wound care and follow-up appointments with our clinic.

The patient's vital signs were monitored closely throughout the stay, and they demonstrated a good recovery. They were discharged home on 03/15/2023 in stable condition.

Follow-up appointment scheduled for 06/01/2023 at 2 PM at 456 Oakwood Drive, Apt 3B, Springfield, CO 80814.

Billing Information:

Insurance Provider: Springdale Insurance Co.
Policy Number: SIC-1234
Account Number: 0012345678

Bank Account Details:
Account Name: Emily J. Wilson
Bank: First National Bank of Colorado
Routing Number: 121000178
Account Number: 9876543210",Patient Administrative,RESTRICTED,generated,patient discharge summary with contact information
"Emily J. Wilson
123 Maple Ridge Drive
Anytown, CA 12345
(555) 345-6789
emily.wilson@email.com

Patient Discharge Summary:

The patient, Mr. Ethan T. Lee, was discharged from our hospital on 02/15/2023 after a one-week stay for treatment of acute appendicitis. The patient is now advised to follow a strict diet and attend follow-up appointments with his primary care physician.

Medications prescribed:
- Ciprofloxacin (Cipro) 500mg twice daily
- Metronidazole (Flagyl) 250mg three times daily

Allergies: None noted

Surgical procedures performed:
- Appendectomy via open incision

Lab results:
- White blood cell count: 12,000/μL
- Blood culture negative for Group A streptococcus
- Electrolyte panel within normal limits

The patient's condition has stabilized, and he is now under the care of his primary physician, Dr. Rachel M. Patel.

Please contact our office at (555) 0100 to schedule any follow-up appointments or inquiries regarding Mr. Lee's care.

Bank Account Information:
Account Number: 012345678
Routing Number: 123456789
Checking Account Holder Name: Emily J. Wilson",Patient Administrative,RESTRICTED,generated,patient discharge summary with contact information
"John Smith, SSN: 987-65-4321, was discharged from our hospital on February 22nd, 2023. He was admitted for treatment of acute appendicitis and underwent surgical intervention.

The patient's address is 456 Oak Street, Apartment 312, Anytown, USA 12345. His primary phone number is 555-0100, and his secondary contact number is 555-0101.

John Smith's insurance information is as follows: Employer-Sponsored Insurance (ESI) through XYZ Corporation, with a policy number of ESI123456. His bank account details for reimbursement are as follows:

Account Type: Checking
Account Number: 9876543210
Routing Number: 0123456789
Bank Name: Anytown Savings Bank

Patient's medications were discontinued upon discharge, and no follow-up appointments have been scheduled.

John Smith was informed of the risks associated with his condition and the potential for complications in future surgeries. He received instructions on post-operative care and follow-up appointments at a future date.

A copy of this summary has been provided to John Smith, who acknowledged receipt and understanding of its contents.",Patient Administrative,RESTRICTED,generated,patient discharge summary with contact information
"Patient Discharge Summary

Mrs. Emily Wilson
123 Elmwood Drive
Anytown, CA 12345
(555) 876-5432
emily.wilson@email.com

Date of Discharge: March 12, 2023

The patient was discharged from the hospital after a successful treatment for acute appendicitis. The patient experienced a smooth recovery and was able to return home without any complications.

Medications prescribed:
- Ibuprofen 400mg three times daily
- Augmentin 250mg twice daily
- Metformin 500mg once daily

Follow-up appointment: April 15, 2023 at 9:00 AM with Dr. Smith.

Patient's insurance information:
- Policy Number: HWY123456
- Insurance Provider: Anytown Health Insurance
- Group Plan ID: G001234

Patient's bank account details for payment:
- Account Name: Emily Wilson
- Bank Institution: First National Bank of USA
- Routing Number: 011010000
- Account Number: 1234567890

Please contact the hospital at (555) 0100 or email emily.wilson@email.com if you have any questions regarding this discharge summary.",Patient Administrative,RESTRICTED,generated,patient discharge summary with contact information
"John Smith (MRN: 001234) was discharged from our hospital on February 22, 2023, after a two-day stay. The patient was treated for a minor skin irritation on his left ankle.

Mr. Smith is a resident of 123 Main Street, Apt 4B, Anytown, USA 12345. He can be reached at (555) 0100 or john.smith@email.com.

The patient's insurance provider is XYZ Insurance Co., with policy number XZY-001234. His bank account information for billing purposes is as follows: Account Name: John Smith; Account Number: 9876543210; Bank: ABCBank of Anytown; Routing Number: 123456789.

During his stay, Mr. Smith received treatment from Dr. Jane Doe, MD, and was prescribed a topical cream to apply directly to the affected area. The patient reported significant improvement in symptoms upon discharge.

The total cost of care for this visit was $235.99, which will be billed to the patient's insurance provider. If you have any questions or concerns regarding your bill, please do not hesitate to contact us at (555) 0100 or via email at john.smith@email.com.

We wish Mr. Smith a speedy recovery and appreciate the opportunity to serve him during his recent visit.",Patient Administrative,RESTRICTED,generated,patient discharge summary with contact information
"John Smith, SSN: 882-12-3456, was discharged from our hospital on February 10th after a three-day stay. He was admitted with severe bronchitis and was treated with antibiotics and rest.

Mr. Smith was born in Des Moines, IA, on August 22nd, 1985. His address is 123 Main Street, Apt 4, Anytown, CA 12345. He can be reached at (555) 0100 or john.smith@email.com.

His insurance provider is XYZ Insurance Company, policy number #ABC-9876. Mr. Smith was covered under the Blue Cross plan. His account balance stood at $235.56 after his stay.

Medications prescribed to Mr. Smith included Albuterol Inhaler and Azithromycin 500mg tablets. He was also given a prescription for Robitussin DM syrup, which he can pick up at Anytown Pharmacy.",Patient Administrative,RESTRICTED,generated,patient discharge summary with contact information
"Patient Discharge Summary

This is to inform you that Mr. Reginald P. Bottomsworth, patient ID 2145, was discharged from our hospital on February 22, 2023, after a stay of four days.

Mr. Bottomsworth was admitted with complaints of acute back pain and was treated with physical therapy and medication. He made significant progress during his stay and was able to return home with minimal assistance.

As part of his discharge instructions, Mr. Bottomsworth is advised to follow up with his primary care physician within two weeks for further evaluation. Additionally, he is recommended to maintain a healthy diet and engage in regular exercise to alleviate back pain.

Patient Contact Information:

- Name: Reginald P. Bottomsworth
- Address: 123 Maplewood Drive, Apt 3B, Springfield, IL 62704
- Phone: (555) 876-5432
- Email: [rbbottomsworth@email.com](mailto:rbbottomsworth@email.com)

Bank Information for Billing:

- Account Number: 9456123456
- Bank Name: First National Bank of Springfield
- Routing Number: 0123456789
- Checking Account Type: Primary Checking",Patient Administrative,RESTRICTED,generated,patient discharge summary with contact information
"Patient Discharge Summary

Date of Birth: 02/15/1995
Social Security Number: 923-54-8234
Admission Date: 03/10/2022
Discharge Date: 04/01/2022
Medical Record Number: MR-2022-001234

Patient Name: Emily J. Wilson
Address: 456 Elm Street, Apt 3B, Springfield, IL 62704
Phone: (217) 555-0100
Email: [ewilson92@gmail.com](mailto:ewilson92@gmail.com)

The patient was admitted with a chief complaint of acute bronchitis and was treated with antibiotics and rest. The patient made an uneventful recovery and was discharged on April 1, 2022.

Medications prescribed at discharge:
- Azithromycin 500mg twice daily
- DayQuil DX 12 tablets daily

Lab results on discharge:
- Complete Blood Count (CBC): Within normal limits
- Chest X-ray: Clear with no signs of consolidation or pneumonia
- Electrolytes: Slightly elevated potassium levels

The patient was instructed to follow up with their primary care physician in six weeks for a follow-up appointment. The patient was also advised to maintain good hygiene and avoid close contact with others to prevent the spread of respiratory infections.

Payment Information:
- Insurance Provider: Springfield Hospital Insurance (SHI)
- Policy Number: SHI-123456
- Payment Method: Checking Account (Account # 9876543210)

Please note that any resemblance to actual individuals or entities is purely coincidental.",Patient Administrative,RESTRICTED,generated,patient discharge summary with contact information
"John Smith (SSN: 9876543210) was discharged from our hospital on February 10th after a successful treatment of acute appendicitis. The patient was treated with antibiotics and surgical intervention.

Mr. Smith is a 32-year-old male, residing at 123 Main Street, Apartment 4B, Anytown, CA 12345. His phone number is 555-0100 ext. 4567 and his email address is john.smith@email.com.

The patient's insurance information includes: Medical Mutual of Ohio (Policy Number: 123456789), with a primary contact at 555-0198. The patient's bank account information for medication reimbursement is as follows: Bank of America (Account Number: 98765432100), Routing Number: 011000026.

Medications prescribed to the patient include Ciprofloxacin 500mg twice daily and Augmentin 500mg three times daily. The patient was also advised on post-operative care and follow-up appointments at our clinic.

The patient's emergency contact information includes: his wife, Jane Smith (555-0199), residing at 456 Elm Street, Anytown, CA 12345. The patient is expected to follow up with his primary care physician within two weeks of discharge.",Patient Administrative,RESTRICTED,generated,patient discharge summary with contact information
"John Smith was discharged from our hospital on February 10th, 2023, after a two-day stay. He was admitted with symptoms of minor nausea and fatigue. After treatment, he is expected to make a full recovery.

Mr. Smith's insurance information includes policy number HSA-0123456 and his primary care provider is Dr. Jane Doe at XYZ Clinic. His insurance company is SecureCare Insurance Group with policyholder ID SCG-123456.

Our hospital charges total $2,500.00. Payment plans are available through our billing department. For more information, please contact Karen Brown at 555-0100 or email kbrown@securecare.com.

Mr. Smith's medications during his stay included Acetaminophen and Water with Electrolytes. He was also prescribed a short course of Antibiotic Ointment for minor skin irritations.

If you have any questions about Mr. Smith's care, please contact our discharge team at (555) 121212 or discharge@abcmedicine.com.",Patient Administrative,RESTRICTED,generated,patient discharge summary with contact information
"John Smith, SSN: 123-45-6789, was discharged from our hospital on 02/15/2023. He was admitted for knee replacement surgery and is currently recovering at home.

Patient's address: 456 Elm Street, Apt 3B, Springfield, IL 62701
Phone: 555-0100 ext 1234
Email: [jsmith@email.com](mailto:jsmith@email.com)

Mr. Smith has been treated for osteoarthritis in both knees and underwent a total knee replacement surgery on February 10th, 2023. The procedure was successful, and he is expected to make a full recovery.

Medications prescribed at discharge:

- Celecoxib 200mg twice daily
- Gabapentin 300mg three times daily
- Ibuprofen 400mg as needed

Patient's insurance information: 
- Insurance Company: Springdale Health Plan
- Policy Number: SPR-1234567
- Primary Contact: Jane Doe, (555) 0200 ext 5678, [jdoe@springdalehealthplan.com](mailto:jdoe@springdalehealthplan.com)

Follow-up appointment has been scheduled for March 15th, 2023. Please contact our office at 555-0100 ext 1234 to schedule any future appointments or answer questions regarding Mr. Smith's treatment plan.

Patient's emergency contact is Emily Wilson, (555) 0055, [ewilson@email.com](mailto:ewilson@email.com).",Patient Administrative,RESTRICTED,generated,patient discharge summary with contact information
"Patient Discharge Summary

Mr. Reginald P. Bottomsworth was discharged from our hospital on 02/15/2023, after a 5-day stay for treatment of acute bronchitis. He was advised to follow up with his primary care physician and monitor his symptoms.

Medications prescribed at discharge include:

* Azithromycin 500mg twice daily
* Albuterol inhaler as needed
* Antibiotic ointment for cough

Lab results showed a normal white blood cell count and no signs of infection.

Personal and contact information for Mr. Bottomsworth is as follows:
Address: 456 Elm Street, Apt 3B, Springfield, IL 62701
Phone: 217-555-0100
Email: [rbbottomsworth@gmail.com](mailto:rbbottomsworth@gmail.com)

Patient's insurance information is as follows:
Insurance Company: Springdale Health Insurance
Policy Number: SHI123456
Bank Account Information for Co-Payments: 
- Checking: 1234567890, Bank of Springfield, IL
- Savings: 9876543210, Springdale Federal Credit Union

Discharge summary was completed by Dr. Jane Doe, MD.

If you have any questions or concerns about Mr. Bottomsworth's treatment plan, please do not hesitate to contact our office at (217) 555-0100.",Patient Administrative,RESTRICTED,generated,patient discharge summary with contact information
"Patient Discharge Summary

Patient Name: Emily Chen
Address: 456 Elm Street
City, State, ZIP: Oakdale, CA 94542
Phone: 714-862-0198
Email: [echen456@outlook.com](mailto:echen456@outlook.com)

Medical Record Number: HR2022123456

Date of Birth: February 12, 1995
Insurance Carrier: Pacific Healthcare Plan (PHC)
Member ID: PHC1234567890
Primary Care Physician: Dr. Lisa Nguyen, MD
Phone: 555-1234

Summary of Admission:
The patient was admitted on January 10, 2022, with a primary diagnosis of acute appendicitis and underwent laparoscopic surgery. Post-operative care included pain management and wound care.

Discharge Instructions:

* Follow-up appointment scheduled for February 15, 2022
* Continue to take antibiotics as prescribed
* Monitor wound healing progress
* Contact Dr. Nguyen or the surgical department at 555-1234 with any concerns

Medications:
* Ciprofloxacin (Cipro) - 500mg twice daily
* Metronidazole (Flagyl) - 750mg three times daily

Lab Results:
* Complete Blood Count (CBC): normal
* Electrolyte Panel: normal
* Liver Function Tests (LFTs): within normal limits

Patient was discharged on January 14, 2022, at 10:00 AM. The patient is advised to follow up with their primary care physician for further evaluation and management.

Bank Account Information (for billing purposes):
Account Name: Emily Chen
Account Number: 0123456789
Routing Number: 021000025
Bank Name: Pacific Coast Bank",Patient Administrative,RESTRICTED,generated,patient discharge summary with contact information
"Here is a fictional patient discharge summary with contact information:

Emily Chen, SSN 882-01-8192, was discharged from our hospital on February 22, 2023. She was treated for acute Appendicitis and was prescribed antibiotics and pain medication.

Emily was born in Lima, Peru, and resides at 456 Elm Street, Apt 3B, Springfield, OR 97404. Her phone number is 555-8765 and her email address is emilychen93@gmail.com.

Emily's insurance provider is ""Springfield Health Partners"" with policy number SHP-1234. Her copay for this visit was $25.00, which was paid by her credit card on file: Visa  ****1234 (exp:12/2027).

Emily's medication list includes:

* Antibiotics (doxycycline): take 2 tablets twice a day
* Pain medication (acetaminophen): take 1 tablet every 4 hours as needed

Emily was seen by Dr. Lisa Nguyen, MD, and Dr. James Lee, DO.

Please contact Emily at 555-8765 or emilychen93@gmail.com if you have any questions or concerns about her care.

Discharge instructions:

* Follow up with your primary care physician in 1 week
* Monitor for signs of infection (fever, redness, swelling)
* Continue to take prescribed medications as directed",Patient Administrative,RESTRICTED,generated,patient discharge summary with contact information
"Zara P. Johnson
123 Elmwood Drive
Apt 456
Springfield, IL 62704
(555) 384-2198
zjar001@email.com

Patient Name: Zara P. Johnson
Date of Birth: 02/15/1992
Admitting Diagnosis: Acute Respiratory Distress Syndrome (ARDS)
Discharge Diagnosis: Community-Acquired Pneumonia
Length of Stay: 5 days
Vital Signs upon Discharge:
- Temperature: 99.5°F
- Blood Pressure: 120/80 mmHg
- Oxygen Saturation: 96% on room air

Medications:
- Azithromycin (500mg po q24h)
- Albuterol (2 puffs q4h via metered dose inhaler)
- Prednisone (20mg po q8h)

Lab Results:
- White Blood Cell Count: 12.5k/μL
- C-Reactive Protein: 50 mg/L

Radiology Results:
- Chest X-ray showing bilateral infiltrates consistent with pneumonia

Discharge Instructions:
- Follow up with your primary care physician in 2 weeks for a follow-up exam.
- Continue to take azithromycin as directed.
- Monitor oxygen saturation levels and report any concerns.

Bank Account Information (for payment purposes only):
Account Number: 9842134678
Routing Number: 021000277
Bank Name: First National Bank of Springfield",Patient Administrative,RESTRICTED,generated,patient discharge summary with contact information
"John Smith, SSN: 123-45-6789, was discharged from our hospital on February 22, 2023, after a two-day stay. He was treated for a mild case of viral gastroenteritis.

Smith resides at 123 Main Street, Apartment 4B, Anytown, CA 12345. His contact information is as follows:

Phone: 555-0100
Email: [jsmith@email.com](mailto:jsmith@email.com)
 Fax: 555-0500

Bank Information for Payment:
Account Type: Checking
Account Number: 9876543210
Routing Number: ghij1234
Bank Name: First National Bank of Anytown",Patient Administrative,RESTRICTED,generated,patient discharge summary with contact information
"Patient Discharge Summary

Patient Name: Emily Wilson
Address: 142 Cedar Lane, Apt 3B, Springfield, CO 82064
Phone Number: (303) 456-2198
Email: [ewilson@email.com](mailto:ewilson@email.com)

Admitting Diagnosis: Acute bronchitis with cough and fever
Discharging Diagnosis: Community acquired pneumonia
Medical Treatment: Amoxicillin 500mg oral twice daily for 10 days, Rest and hydration as needed

Lab Results:
- White Blood Cell Count (WBC): 12.5 k/μL (Normal range: 4-11 k/μL)
- Blood Culture: Negative
- Chest X-ray: Revealed bilateral infiltrates consistent with pneumonia

Medications:
- Amoxicillin 500mg oral twice daily for 10 days
- Acetaminophen 650mg oral twice daily as needed for pain and fever
- Vitamin D 2000 IU oral daily to prevent deficiency

Allergies: None

Dietary Instructions: Avoid spicy foods, dairy products, and heavy exercise.

Patient's Family Members: Sarah Johnson (Mother) - 456 Elm Street, Springfield, CO 82064, Phone: (303) 789-0123, Email: [sjohnson@email.com](mailto:sjohnson@email.com)
 
Discharge Summary:
The patient was discharged home with a clean bill of health after successfully recovering from pneumonia. The patient's family member, Sarah Johnson, was notified and provided with necessary information on post-discharge care.

Follow-up appointment is scheduled for 3 months to monitor for any signs of complications or recurrence.

Please contact the office if you have any questions or concerns.
Phone: (303) 456-2198
Email: [ewilson@email.com](mailto:ewilson@email.com)",Patient Administrative,RESTRICTED,generated,patient discharge summary with contact information
"Patient Discharge Summary

Patient Name: Emily J. Wilson
Address: 142 Oakwood Drive
City, State ZIP: Springville, UT 84110
Phone: (801) 765-4123
Email: [ewilson@email.com](mailto:ewilson@email.com)

Date of Birth: February 12, 1992
Admit Date: January 20, 2023
Discharge Date: March 1, 2023

Reason for Admission: Acute myocardial infarction (heart attack)
Procedure(s) Performed: Angioplasty, stent placement
Medications Prescribed:

* Lisinopril 20mg daily
* Simvastatin 40mg daily
* Aspirin 81mg daily

Patient was hospitalized for two days to treat a heart attack and underwent successful angioplasty and stent placement. The patient is now stable and able to be discharged home with follow-up appointments scheduled.

Financial Information:

* Insurance Provider: UtahCare Health Plan (policy number: UC-123456)
* Deductible: $500
* Coinsurance: 20% of eligible expenses

Prescription Refill Instructions: Please call our pharmacy at (801) 765-4123 to refill prescriptions.",Patient Administrative,RESTRICTED,generated,patient discharge summary with contact information
"Patient Discharge Summary

Patient Name: Emily Wilson
Address: 456 Oakdale Drive, Apt 3B, Springville, CO 80122
Phone: 307-654-2198
Email: [emiliewilson@email.com](mailto:emiliewilson@email.com)

Admitting Diagnosis: Acute Myeloid Leukemia
Discharge Diagnosis: Completer recovery and discharge
Treatment: Chemotherapy and Bone Marrow Transplant

Medications:
- Aclasta (zoledronic acid)
- Dexamethasone
- Erythropoietin (EPO)

Lab Results:

- Complete Blood Count (CBC): 10/12/2022, Hemoglobin 8.5 g/dL
- Bone Marrow Biopsy: 09/15/2022, Blast Cells 30%

Insurance Information:
- Insurance Provider: Springville Health Alliance (SHA)
- Policy Number: SHAP001234
- Account Holder: John Wilson
Bank Information:
- Bank Name: First Springs Bank
- Account Type: Checking
- Routing Number: 123456789
- ACH Payment Method

Follow-up Instructions:
Schedule a follow-up appointment with your primary care physician to discuss further treatment and any concerns.

Please contact us if you have any questions or concerns.",Patient Administrative,RESTRICTED,generated,patient discharge summary with contact information
"Patient Discharge Summary

Patient Name: Emily J. Wilson
Address: 456 Oakdale Drive, Apartment 3B, Springfield, CO 81234
Phone: (555) 876-5432 | Fax: (555) 321-4567
Email: [ewilson92@gmail.com](mailto:ewilson92@gmail.com)

Date of Birth: February 12, 1998 | Social Security Number: 923-54-8376

Chief Complaint: Acute exacerbation of chronic obstructive pulmonary disease (COPD).

History of Present Illness: The patient was admitted with severe shortness of breath and bilateral lung infiltrates on chest radiograph. She was treated with oxygen therapy, bronchodilators, and antibiotics.

Medications:
- Albuterol 90mcg via nebulizer q4h as needed
- Levalbuterol 20mcg via metered dose inhaler (MDI) q6h
- Salmeterol 25mcg via MDI q12h
- Doxycycline 100mg PO bid for sinusitis

Lab Results:
- Complete Blood Count (CBC): WBC 18.5/kμL, Hb 12.1 g/dL
- Basic Metabolic Panel (BMP): Sodium 140mmol/L, Potassium 4.5mmol/L
- Liver Function Tests (LFTs): Alanine Transaminase (ALT) 120U/L, Alkaline Phosphatase (ALP) 150U/L

Discharge Instructions: Follow up with primary care physician in two weeks for follow-up pulmonary function test and adjust medications as needed. Monitor for signs of infection or worsening respiratory symptoms.

Financial Information:
- Insurance Provider: Springdale Health Plan
- Policy Number: SPRG123456
- Deductible: $500
- Co-pay: $20

Personal Contacts:
- Primary Care Physician: Dr. Jane Doe, (555) 876-5678
- Hospital Social Worker: Karen Brown, (555) 321-9012",Patient Administrative,RESTRICTED,generated,patient discharge summary with contact information
"Here is a fictional patient discharge summary with contact information:

Dr. Jane Wilson's Office

Patient Discharge Summary

Patient Name: Emily Chen
Address: 456 Oakdale Drive, Apt 3B
City: Springville
State: NV 89032
Zip: 89118
Phone: 702-567-8421
Email: [emilychen@email.com](mailto:emilychen@email.com)

Admitting Physician: Dr. Jane Wilson
Date of Admission: February 22, 2023
Date of Discharge: March 12, 2023

Chief Complaint: Acute exacerbation of chronic asthma

History of Present Illness: The patient was evaluated at our facility for an acute respiratory infection. She reported worsening shortness of breath and cough over the past week.

Allergies: None known

Medications: Albuterol inhaler 2 puffs as needed, corticosteroids 10mg daily

Surgical History: None

Follow-up Appointments: Scheduled for April 15, 2023, with Dr. Jane Wilson

Financial Information:

Insurance: Blue Cross Blue Shield of Nevada
Provider ID: 1234567890
Deductible: $1,000.00
Co-payment: $20.00

Patient has been advised to follow up with her primary care physician and make arrangements for further treatment as needed.

This discharge summary was generated electronically on March 12, 2023, at 14:45 hours by Nurse Practitioner, Sarah Lee.

Note: This is a synthetic document for fictional training data only.",Patient Administrative,RESTRICTED,generated,patient discharge summary with contact information
"Patient Discharge Summary

Date of Birth: 02/12/1995

Name: Emily J. Wilson
Address: 214 Oakwood Drive, Apt 3B
City: Springfield
State: IL
Zip: 62704

Phone: (217) 442-0198
Email: [ewilson92@gmail.com](mailto:ewilson92@gmail.com)

Admitting Physician: Dr. Lisa Nguyen
ID Number: NJ-8421

Patient was discharged on 02/15/2023 after a one-week stay for complications from appendicitis surgery.

Current medications:
- Lortab (acetaminophen/hydrocodone)
- Zyrtec-D (cetirizine/diphenhydramine)

Lab results: 
- White Blood Cell Count: 12.4 K/μL
- Hemoglobin: 10.2 g/dL

The patient was advised to follow up with Dr. Nguyen in six weeks for a follow-up appointment.

Financial Information:
Payment Method: Visa Credit Card
Card Number: 4532-8119-0178-5678
Expiration Date: 02/2027
CVV: 123",Patient Administrative,RESTRICTED,generated,patient discharge summary with contact information
"Patient Discharge Summary

Mr. Reginald P. Bottomsworth was discharged from our hospital on 02/15/2023, following a 5-day stay for pneumonia. He was treated with antibiotics and oxygen therapy.

Medications prescribed upon discharge include:

* Azithromycin 500mg twice daily
* Albuterol inhaler as needed

Patient's vital signs at discharge were:

* Temperature: 98.6°F
* Blood pressure: 140/90 mmHg
* Oxygen saturation: 95% on room air

The patient was advised to follow up with his primary care physician within 2 weeks for a follow-up appointment.

Contact Information:
Mr. Reginald P. Bottomsworth
123 Oakdale Drive, Apt 3B
Springfield, IL 62704
Phone: 555-8765
Email: [reggie.bottomsworth@gmail.com](mailto:reggie.bottomsworth@gmail.com)

Bank Account Information for Follow-up Care Instructions:
Account Number: 9876543210
Routing Number: 111000025
Bank Name: First National Bank of Springfield

Patient's Insurance Information:
Health Plan: Springdale Health Alliance
Policy Number: SP-012345
Group ID: B12345",Patient Administrative,RESTRICTED,generated,patient discharge summary with contact information
"Patient Discharge Summary

Dr. Jane Thompson, Nurse Practitioner
123 Elm Street, Apt 456
Springfield, IL 62701
Phone: 555-8765 ext. 234
Fax: 555-9876
Email: [jthompson@springfieldhospital.org](mailto:jthompson@springfieldhospital.org)

Patient Name: Emily Wilson
Date of Birth: 02/12/1995
Patient ID: HW123456

The patient was discharged on 02/15/2023 after a two-day stay. The patient was admitted for a routine check-up and minor flu-like symptoms.

During the admission, the patient received treatment for a cold and was prescribed Azithromycin 500mg twice daily for five days. The patient also received a flu shot and was advised to take pain medication as needed.

The patient's vital signs were stable throughout the stay, with a temperature of 98.6°F and a blood pressure of 120/80mmHg. The patient reported feeling much better after discharge and was able to return to normal activities.

Bank Account Information for Insurance Reimbursement:

* Account Number: 123456789
* Bank Name: First National Bank of Springfield
* Routing Number: 0112345678
* Check Date: 02/15/2023

Please make checks payable to Emily Wilson and mail to the address above.",Patient Administrative,RESTRICTED,generated,patient discharge summary with contact information
"John Smith (MRN: 123456)
123 Main Street, Apt 4
Anytown, CA 12345
(555) 0100 | (800) 555-1234 | jsmith@email.com

Patient was discharged from hospital stay on February 22nd after a 5-day admission for observation and treatment of minor respiratory infection. Patient reported feeling significantly better upon discharge.

Medications prescribed at time of discharge:

* Azithromycin 500mg x 3 days
* DayQuil Cold & Flu (over-the-counter)

Follow-up appointment scheduled with primary care physician on March 15th.

Patient was provided with instructions on proper wound care and follow-up appointments for monitoring. Patient was also given a list of phone numbers for local resources, including a respiratory therapist and a home health nurse.

Financial information:
Account holder: John Smith
Bank account number: 9876543210
Routing number: 111000044
Transferred to patient's bank account $1,500.00 as payment for services rendered.

Patient was advised to follow up with their primary care physician in three months to assess progress and address any further concerns.

Please feel free to contact us at anytime if you have any questions or need assistance.
Anytown Hospital
(555) 1234",Patient Administrative,RESTRICTED,generated,patient discharge summary with contact information
"Patient Discharge Summary

Patient Name: Emily Wilson
Address: 456 Elmwood Drive
City: Anytown, State: IL Zip: 12345
Phone: 555-8765
Email: [ewilson@email.com](mailto:ewilson@email.com)

Admitted on: March 2, 2023
Discharged on: April 10, 2023
Reason for Admission: Acute appendicitis
Procedure(s) performed: Laparoscopic cholecystectomy

Medications prescribed:
- Levofloxacin (Levaquin) 500mg PO q12hrs
- Metformin ER 1000mg PO q24hrs
- Lisinopril 20mg PO qday

Lab results:
- Complete blood count (CBC): normal
- Electrolyte panel: normal
- Liver function tests (LFTs): slightly elevated

Allergies: None
Special instructions for follow-up: Follow up with primary care physician in 3 months.

Contact Information for Primary Care Physician: Dr. David Kim
Phone: 555-5678
Email: [dkim@anytownmedicine.com](mailto:dkim@anytownmedicine.com)

Bank Account Information (for billing purposes):
Account Name: Anytown Hospital
Account Number: 1234567890
Routing Number: 111000027
Swift Code: ABCDEF
Bank Name: First National Bank of Anytown",Patient Administrative,RESTRICTED,generated,patient discharge summary with contact information
"John Smith, SSN: 987-65-4321, was discharged from our hospital on February 10th, 2023, after a successful treatment of acute appendicitis. The patient was admitted on January 25th, 2023, and underwent an emergency laparotomy to remove the inflamed appendix.

The patient's vital signs upon discharge were: temperature 98.6°F, blood pressure 120/80 mmHg, heart rate 72 beats/min, and oxygen saturation 98%. The patient was also prescribed a course of antibiotics, pain medication, and follow-up appointments with their primary care physician.

Our hospital stay information includes the following details:

- Admitting diagnosis: Acute Appendicitis
- Discharging diagnosis: Post-operative recovery
- Length of stay: 5 days
- Reason for discharge: Patient was stable and able to go home

Patient contact information:
- Name: John Smith
- Address: 123 Main Street, Apt 456, Anytown, USA 12345
- Phone: 555-0100
- Email: [john.smith@email.com](mailto:john.smith@email.com)

Payment details:
- Patient's insurance provider: XYZ Insurance Company
- Policy number: XYZ123456
- Payment method: Check (payable to Anytown Hospital)
- Bank account information: 
  - Routing number: 011-1234-5678
  - Account number: 9876543210

Follow-up appointment scheduled for March 15th, 2023, with Dr. Jane Doe at her office located at 456 Elm Street, Apt 789, Anytown, USA 12345.

Please contact our hospital's billing department at the above phone number or email address if you have any questions regarding your account.",Patient Administrative,RESTRICTED,generated,patient discharge summary with contact information
"John Smith, SSN: 987-65-4321, was discharged from our hospital on February 22, 2023. He was admitted with a primary diagnosis of Appendicitis and secondary diagnoses of Anemia and Hyperlipidemia.

Mr. Smith was treated with IV antibiotics, surgical appendectomy, and oral medication for anemia and hyperlipidemia. He showed significant improvement during his stay and was discharged in stable condition.

Prescription medications:
- Biaxin 500mg orally twice daily
- Augmentin 625mg orally three times daily
- Lipitor 20mg orally once daily

Insurance information:
- Policy number: HSP123456
- Insurance provider: Sunshine Health Plans
- Address: 456 Elm Street, Suite 100, Anytown, USA 12345
- Phone: 555-0100
- Fax: 555-0200
- Email: [john.smith@sunshinehealthplans.com](mailto:john.smith@sunshinehealthplans.com)

Bank information:
- Account number: 9876543210
- Routing number: 123456789
- Bank name: First National Bank of Anytown

We have advised Mr. Smith to follow up with his primary care physician and schedule a follow-up appointment in six weeks to monitor his condition.

If you have any questions or concerns, please do not hesitate to contact us at the above phone number or email address.",Patient Administrative,RESTRICTED,generated,patient discharge summary with contact information
"Here is a fictional patient discharge summary with contact information:

Zoe Thompson, a 32-year-old female, was discharged from our hospital on February 10th after a three-day stay for her recent knee surgery. She was referred to us by her primary care physician, Dr. Mark Reynolds, who can be reached at (555) 123-4567.

During her stay, Ms. Thompson received physical therapy and pain management treatment under the care of our multidisciplinary team. Her medical history includes type 2 diabetes and hypertension.

Ms. Thompson was seen by Dr. Sophia Patel, MD, on February 8th for her post-operative follow-up. She was prescribed medication by the office staff at (555) 901-2345. Ms. Thompson is required to follow up with her primary care physician within six weeks of discharge.

For any questions or concerns regarding this case, please contact our medical records department at (555) 456-7890. Our patient portal website can be accessed at example.com/patientportal for Ms. Thompson's full medical record and upcoming appointments.

Ms. Thompson was advised to follow up with her primary care physician upon discharge to discuss further treatment options. She will require ongoing physical therapy sessions.",Patient Administrative,RESTRICTED,generated,patient discharge summary with contact information
"Patient Discharge Summary

Name: Emily J. Wilson
Address: 456 Oakwood Drive, Apt 3B
City: Riverview Heights
State: CA
Zip Code: 90210
Phone: 555-1234
Email: [ewilson@email.com](mailto:ewilson@email.com)

The patient was admitted on February 1st for a routine appendectomy. The procedure was completed successfully, and the patient is now recovering well.

Medications prescribed:
- Celecoxib 400mg orally twice daily
- Metformin 500mg orally once daily

Follow-up appointment scheduled with Dr. Rachel Kim for March 15th at 10:00 AM.

Patient's insurance information:
- Policy Number: JW1234567890
- Insurance Company: Riverview Health Plan
- Bank Account Information (for direct payments):
  - Checking Account: 9876543210 Riverview Heights Community Bank
    Account Type: Checking
    Account Balance: $1234.56
    Routing Number: 111000025

Patient's social worker contact information:
- Name: David Patel
- Phone: 555-5678
- Email: [dpatel@email.com](mailto:dpatel@email.com)

Please note that the patient has been discharged and is advised to follow up with their primary care physician for any concerns or questions.",Patient Administrative,RESTRICTED,generated,patient discharge summary with contact information
"John Smith (SSN: 999-88-8888)
123 Main Street, Apt 456
Anytown, CA 12345
(555) 0100 | (555) 5100 | [john.smith@email.com](mailto:john.smith@email.com)

The patient was discharged from our hospital on February 10th, 2023. The patient had been under observation for a minor case of food poisoning and was prescribed medication to treat the symptoms.

Throughout their stay, Mr. Smith received excellent care from our nursing staff and was transferred to a private room upon request. Our medical team closely monitored his condition and made adjustments to his treatment plan as needed.

The patient's financial information is as follows:

- Insurance: XYZ Healthcare (Policy #12345)
- Charges: $1,234.56
- Payment Method: Bank Transfer - Account #XYZ1234567 | Institution: Anytown Bank
- Bank Details:
  Name: Jane Doe
  Address: 987 Elm Street
  Anytown, CA 12345

Please contact us if you have any questions or concerns regarding Mr. Smith's care.",Patient Administrative,RESTRICTED,generated,patient discharge summary with contact information
"Patient Discharge Summary

Patient Name: Emily Wilson
Address: 456 Elm Street, Apt 3B, Springfield, IL 62701
Phone: 555-8765
Email: [emiliewilson@email.com](mailto:emiliewilson@email.com)

Admitting Diagnosis: Community-Acquired Pneumonia
Discharging Diagnosis: None
Length of Stay: 5 days

Medications Prescribed:
- Amoxicillin 500mg orally twice daily
- Azithromycin 1g orally once weekly

Lab Results:
- White Blood Cell Count: 12.5 k/μL (normal range: 4.5-11.0 k/μL)
- C-Reactive Protein: 50 mg/L (normal range: 0-10 mg/L)

Surgical Procedures:
None

Consults:
- Pulmonology
- Primary Care

Follow-Up Appointment: Scheduled for 02/15/2024 at 9:00 AM with Dr. Rachel Kim, MD

Patient was discharged to home care under the supervision of home health nurse, Karen Thompson.

Bank Account Information (for billing purposes only):
- Account Number: 1234567890
- Routing Number: 111000025
- Bank Name: First National Bank of Springfield
- Check Deposit Box: 3141

Please direct all inquiries to Emily Wilson at (555) 8765 or emiliewilson@email.com.",Patient Administrative,RESTRICTED,generated,patient discharge summary with contact information
"Patient Discharge Summary

The patient, Mr. Ethan Patel, was discharged from our hospital on 02/15/2023 after a stay of 5 days. The patient was admitted for treatment of acute appendicitis and underwent a successful appendectomy.

Medications prescribed at discharge include:
- Ciprofloxacin 500mg twice daily
- Metronidazole 400mg three times daily

The patient's vital signs upon discharge were:
- Temperature: 97.4°F (36.3°C)
- Blood Pressure: 120/80 mmHg
- Pulse: 72 beats per minute
- Respiratory Rate: 12 breaths per minute

The patient is advised to follow a low-fiber diet and take all medications as prescribed.

Patient Contact Information:
Mr. Ethan Patel
1234 Oakdale Drive, Apartment 101
Springfield, IL 62701
Phone: (555) 010-0010
Email: [epatel02@gmail.com](mailto:epatel02@gmail.com)

Bank Account Information for Medication Refills:
Account Type: Checking
Account Number: 1234567890
Routing Number: 111000025
Bank Name: Springdale Bank & Trust

The patient is expected to follow up with their primary care physician within 2 weeks. If you have any questions or concerns, please contact our hospital's discharge coordinator at (555) 010-0010.

Sincerely,
Dr. Rachel Kim
Attending Physician",Patient Administrative,RESTRICTED,generated,patient discharge summary with contact information
"Patient Discharge Summary

Emily J. Wilson
123 Oakwood Drive
Anytown, CA 12345
(555) 234-5678
emily.wilson@email.com

Date of Birth: February 12, 1995
Medical Record Number: 456789

The patient was admitted on January 10, 2023, with a primary diagnosis of acute appendicitis. The patient underwent an open appendectomy and was treated with antibiotics. The patient was also diagnosed with hypertension and hyperlipidemia.

Post-operative complications included nausea and vomiting, which were managed with intravenous fluids and antiemetics. The patient's vital signs were stable throughout the hospital stay.

The patient was discharged on January 17, 2023, to follow up with their primary care physician. The patient's discharge instructions included taking anticoagulant medication as prescribed by their doctor.

Personal and Insurance Information:

* Social Security Number: 923-45-6789
* Bank Account Number: 3456-9876-5432 (Bank of Anytown)
* Checking Account Name: Emily J. Wilson

Follow-up appointments have been scheduled with the primary care physician for February 15, 2023, and March 17, 2023.

Please contact us if you have any questions or concerns regarding this patient's discharge.

Sincerely,
Jane Doe, MD
Attending Physician",Patient Administrative,RESTRICTED,generated,patient discharge summary with contact information
"Patient Discharge Summary

This is to inform you that Mr. Reginald P. Bottomsworth, age 42, has been discharged from our hospital after a successful surgical procedure for appendicitis on February 10th, 2023.

Mr. Bottomsworth was admitted to the hospital on February 8th, 2023, at 9:00 AM and underwent an emergency appendectomy by Dr. Emily J. Lee. He made an uneventful recovery and was discharged on February 12th, 2023, at 2:00 PM.

Medications prescribed during his stay include: Amoxicillin 500mg twice daily, Ibuprofen 400mg three times daily, and Acipimox 250mg once daily. Patients are advised to follow up with their primary care physician within 6 weeks for a follow-up appointment.

For further information or concerns regarding Mr. Bottomsworth's treatment plan, please contact:

Ms. Bertha P. Fothergill
Primary Care Physician
123 Elm Street, Suite 400
Anytown, USA 12345
Phone: 555-8765
Email: [bertha.fothergill@email.com](mailto:bertha.fothergill@email.com)

Please note that all medical records and test results have been transmitted to Mr. Bottomsworth's personal health record (PHR) via the secure messaging system.

Patients can access their PHR through the patient portal at our hospital's website or by contacting the patient services department directly.

If you have any questions or concerns regarding this discharge summary, please do not hesitate to contact us.

Sincerely,
Dr. Jane Doe
Attending Physician",Patient Administrative,RESTRICTED,generated,patient discharge summary with contact information
"Patient Discharge Summary

Patient Name: Emily Chen
Address: 456 Elm Street, Apt 3B
City, State Zip: Oakdale, CA 94536
Phone: 415-392-0158
Email: [emily.chen92@gmail.com](mailto:emily.chen92@gmail.com)

Admitting Diagnosis: Community-Acquired Pneumonia

Discharge Diagnosis: Community-Acquired Pneumonia (resolved)
Medications: Azithromycin 500mg PO q24h x 5d, Diclegis 25mg PO bid x 3d

Lab Results:
- White Blood Cell Count: 12.1/μL
- C-Reactive Protein: 30.2 mg/L
- Chest X-Ray: Normal

Allergies: None

Surgical History: None

Psychiatric History: None

Medication Allergy History: None

Social History: Married, 2 children, smoke-free home.

Discharge Instructions:
- Take all medications as prescribed.
- Follow a healthy diet and stay hydrated.
- Rest for 24 hours after discharge.

Follow-up Appointment: Scheduled for February 10th at 1:00 PM with Dr. Lee.

Billing Information:
- Insurance Company: Blue Cross of California
- Policy Number: B0012345
- Payment Method: Credit Card (Visa) - Account #1234567890

Please contact our office at 555-0100 or emily.chen92@gmail.com for any questions or concerns.",Patient Administrative,RESTRICTED,generated,patient discharge summary with contact information
"Patient Discharge Summary

Patient Name: Emily Wilson
Address: 456 Oakwood Drive, Apt 3B
City: Springfield
State: IL
Zip: 62704
Phone: 555-8765
Email: [ewilson123@gmail.com](mailto:ewilson123@gmail.com)

Date of Birth: February 12, 1995
Social Security Number: 923-54-2378

The patient was admitted on January 10, 2023, and discharged on February 2, 2023. During the admission, Emily Wilson was treated for acute appendicitis.

Medications prescribed at discharge:
- Cephalexin (500mg PO QAM)
- Metformin ER 500mg PO once daily
- Vitamin B12 supplement

Follow-up appointment scheduled with Dr. Smith on March 15, 2023.

Patient's insurance information:
- Insurance Company: Springfield Health Alliance
- Policy Number: SA1234567
- Primary Contact: Karen Brown (555-4567)
- Secondary Contact: John Lee (555-7890)

Patient was advised to follow a low-sodium diet and attend follow-up appointments as scheduled. Emily Wilson was also informed about the risks associated with NSAIDs.

Please contact us at 555-0100 if you have any questions or concerns regarding this patient's care.",Patient Administrative,RESTRICTED,generated,patient discharge summary with contact information
"John Smith, SSN: 892-34-2198, was discharged from our hospital on February 10, 2023. He was admitted on January 25, 2023, with symptoms of acute bronchitis.

Mr. Smith resided at 123 Main Street, Apt 456, Anytown, CA 01234. His primary phone number is 555-0100 and his alternate number is 555-5678. His email address is jsmith@example.com.

Medications prescribed to Mr. Smith upon discharge include albuterol inhaler and acetaminophen tablets. He was also advised to take antacids for heartburn relief.

Lab results are as follows: white blood cell count 12,000 cells/μL; creatinine 1.2 mg/dL; electrolytes show mild hyponatremia (136 gm/L).

Mr. Smith's insurance coverage is provided by XYZ Insurance Company, policy number 123456789. His copayment for the current hospital stay was $500.

Follow-up appointment with Dr. Jane Doe is scheduled for March 15, 2023, at 10:00 AM.",Patient Administrative,RESTRICTED,generated,patient discharge summary with contact information
"John Smith (SSN: 123-45-6789) was discharged from our hospital on 02/15/2023, after a 5-day stay for appendicitis surgery. The patient was advised to follow up with their primary care physician and attend a follow-up appointment at our clinic in 1 week.

The patient's insurance provider is Blue Cross of America (Account Number: BCA123456). Their bank account information for any outstanding balances is as follows:
- Checking Account: 0123456789ABCDEF
- Bank Name: First National Bank of Springfield
- Address: 456 Elm Street, Apt 101, Springfield, IL 62701

Patient's contact information includes phone number (555) 987-6543 and email address jsmith@email.com. Their home address is:
123 Main Street, Apartment 204, Anytown, CA 12345

The patient's post-discharge instructions include taking antibiotics for the next 7 days, attending follow-up appointments, and not to engage in strenuous activities for the next 2 weeks.

Follow-up appointment date: March 1, 2023",Patient Administrative,RESTRICTED,generated,patient discharge summary with contact information
"John Smith was discharged from our hospital on 02/15/2023 after a successful treatment of acute appendicitis. The patient's condition was closely monitored, and he received appropriate antibiotics and pain management.

The patient was treated at our emergency department on 01/10/2023 and admitted to room 304. During his stay, he received surgical intervention and was under the care of Dr. Jane Doe, a general surgeon.

Mr. Smith is advised to follow up with his primary care physician for further evaluation and to manage any potential complications. He is also recommended to take it easy for the next few weeks and avoid strenuous activities.

Contact information:

* Phone: 555-0100
* Email: [john.smith@email.com](mailto:john.smith@email.com)
* Address: 123 Main Street, Apt 456, Springfield, IL 62701

Bank account information for medication copay:

* Account number: 0012345678
* Bank name: First National Bank of Anytown
* Routing number: 01122334455
* Check amount: $50.00 (pending)

Insurance information:

* Health insurance provider: XYZ Insurance Company
* Policy number: HSP1234567890
* Primary care physician: Dr. John Lee, MD

The patient was discharged with a prescription for pain management and antibiotics. Follow-up appointments are scheduled with his primary care physician on 03/01/2023 and 04/01/2023.",Patient Administrative,RESTRICTED,generated,patient discharge summary with contact information
"John Smith (MRN: 123456) was discharged from the hospital on February 10, 2023, after a one-week stay. The patient was treated for a mild case of pneumonia and was prescribed antibiotics.

Patient's Contact Information:

* Name: John Smith
* Address: 123 Main Street, Anytown, CA 12345
* Phone: 555-0100
* Email: [john.smith@email.com](mailto:john.smith@email.com)

Insurance Information:

* Policy Number: HMO-123456
* Insurance Provider: XYZ Health Insurance Company
* Bank Account Information for Payment:
 + Checking Account: 1234567890 (Bank of America)
 + ACH Payment Details: Account Type - Checking, Routing Number - 11-111-1111, Account Number - 9876543210

Medications Prescribed:

* Azithromycin 500mg orally twice daily
* Doxycycline 100mg orally once daily

Discharge Summary:

The patient was discharged in stable condition and reported no symptoms of pneumonia upon discharge. The patient was advised to follow up with their primary care physician within the next two weeks for a follow-up appointment.

Please note that this document is for synthetic training purposes only and should not be used for actual medical records or communication.",Patient Administrative,RESTRICTED,generated,patient discharge summary with contact information
"Patient Discharge Summary

Patient Name: Emily Chen
Address: 456 Oak Drive, Apt 3B, Springfield, IL 62704
Phone: 217-123-4567
Email: [emily.chen92@gmail.com](mailto:emily.chen92@gmail.com)

Date of Birth: February 12, 1995
Admission Date: January 10, 2023
Discharge Date: March 1, 2023

The patient was admitted with a diagnosis of acute appendicitis and underwent surgical intervention. The patient made an uneventful recovery and was discharged on March 1, 2023.

Medications prescribed:

* Ciprofloxacin 500mg twice daily
* Metronidazole 250mg three times daily

Lab results:

* Complete Blood Count (CBC): normal
* Liver Function Tests (LFTs): normal
* Kidney Function Tests (KFTs): normal

Patient education:

The patient was informed about the risks of complications, such as abscess formation and adhesions. The patient was also advised to follow up with their primary care physician in six weeks for a follow-up appointment.

Bank Information:
Account Type: Checking
Account Number: 1234567890
Routing Number: 111000025
Bank Name: First National Bank of Springfield

Payment Information:
Insurance Provider: Springfield Health Insurance Plan (SHIP)
Policy Number: SHIP-001234
Patient Payment Method: Credit Card (Visa)

Note: This document is for synthetic training purposes only and should not be used in any real-world application.",Patient Administrative,RESTRICTED,generated,patient discharge summary with contact information
"John Smith, SSN: 987-65-4321, was discharged from our hospital on February 10, 2023. He was admitted for acute appendicitis and underwent surgical intervention.

Mr. Smith was treated with intravenous antibiotics and pain management medication. He showed significant improvement during his stay and was able to resume normal activities upon discharge.

Patient Contact Information:

Name: John Smith
Address: 4321 Oakdale Drive, Apt 101, Springville, UT 84110
Phone: 801-555-0100
Email: [john.smith123@email.com](mailto:john.smith123@email.com)

Bank Account Information for Medication Refills:
Bank Name: First Community Bank
Account Number: 123456789
Routing Number: 011227562
Patient's Name: John Smith
Patient's Social Security Number: 987-65-4321

Medication List:

* Pain medication: Tylenol, 50mg x 3 times daily
* Antibiotic: Amoxicillin, 500mg x 2 times daily for 7 days",Patient Administrative,RESTRICTED,generated,patient discharge summary with contact information
"Patient Discharge Summary

Patient Name: Emily Wilson
Address: 456 Oakdale Drive
City, State, ZIP: Greensboro, NC 27401
Phone: 919-765-4321
Email: [emily.wilson123@gmail.com](mailto:emily.wilson123@gmail.com)

Date of Birth: February 12, 1995
Admitting Diagnosis: Acute bronchitis
Discharge Diagnosis: Uncomplicated bronchitis in remission
Treatment Provided: Antibiotics and rest

Patient was seen by Dr. Rachel Patel for an evaluation of acute respiratory symptoms. The patient reported a 2-day history of cough and fever, which improved with antibiotic treatment. A chest X-ray showed evidence of bronchial inflammation.

Medications prescribed:

* Azithromycin 500mg PO q24h x 5 days
* Dayquen 12mg tablet PO q4h as needed

Lab Results:
- Complete blood count (CBC): Normal
- Chest X-ray: Unremarkable
- Electrolyte panel: Within normal limits

Patient was discharged home on day 3 with instructions to follow up with Dr. Patel in 2 weeks for a follow-up appointment.

Bank Account Information for Payment Arrangements:

* Bank Name: First National Bank of Greensboro
* Bank Routing Number: 111000025
* Check Payable To: Emily Wilson
* ABA Number: 11-1000-025

Patient is advised to contact the hospital at 919-765-4321 if they have any questions or concerns regarding their treatment plan.",Patient Administrative,RESTRICTED,generated,patient discharge summary with contact information
"Patient Discharge Summary

Patient Name: Emily Wilson
Address: 789 Oakdale Drive, Apt 3B, Springville, UT 84767
Phone Number: 801-765-4321
Email: [ewilson92@gmail.com](mailto:ewilson92@gmail.com)

Reason for Admission: Acute myocardial infarction with ST-segment elevation myocardial infarction (STEMI)
Admitting Diagnosis: Myocardial Infarction, Coronary Artery Disease

Discharge Diagnosis: Unstable angina, hypertension, hyperlipidemia
Medications prescribed:
- Aspirin 81mg PO qd
- Lisinopril 10mg PO bid
- Atorvastatin 20mg PO qd
- Metformin 500mg PO tid

Lab results:
- Complete blood count (CBC): Normal
- Electrolyte panel: Sodium 140mmol/L, Potassium 4.2mmol/L, Chloride 100mmol/L
- Liver function tests (LFTs): AST 30 IU/L, ALT 20 IU/L, Bilirubin 1.2mg/dL

Patient was discharged to home with instructions for follow-up care and lifestyle modifications.

 Bank account information for insurance reimbursement:
Account Type: Health Savings Account (HSA)
Account Number: 1234567890
Routing Number: 1122334455
Bank Name: Springville Community Bank",Patient Administrative,RESTRICTED,generated,patient discharge summary with contact information
"Patient Discharge Summary

Name: Emily Chen
Address: 456 Oakwood Drive
City: Springfield
State: IL
Zip Code: 62704
Phone Number: 555-8120
Email: [emily.chen123@gmail.com](mailto:emily.chen123@gmail.com)

Date of Birth: February 12, 1995
Social Security Number: 923-87-6543

The patient was admitted to the hospital on January 15, 2023, with a primary diagnosis of acute appendicitis. The patient underwent surgical removal of the appendix and received antibiotic treatment.

Post-operative care included wound dressing changes and oral antibiotics. The patient was discharged home on January 22, 2023, in stable condition.

Medications prescribed at discharge:

* Amoxicillin (500mg twice daily)
* Metronidazole (400mg three times daily)

The patient's bank account information for medication copay is as follows:
Account Number: 123456789
Bank Name: Springfield Bank and Trust
Routing Number: 0123456789
Check Payable to: Springfield Hospital

Follow-up appointment scheduled for March 15, 2023, with Dr. Lee at Room 304.

Please contact Emily Chen at 555-8120 or emily.chen123@gmail.com if you have any questions regarding this discharge summary.",Patient Administrative,RESTRICTED,generated,patient discharge summary with contact information
"Here is a fictional patient discharge summary with contact information:

Emily Chen 
Address: 456 Elmwood Drive 
City, State, Zip: Springfield, IL 62701 

Discharge Summary:

The patient was discharged from the hospital on February 22, 2023, after an inpatient stay of 5 days. The patient was admitted with a primary diagnosis of acute bronchitis and secondary diagnosis of pneumonia. During the course of treatment, the patient received antibiotics and oxygen therapy.

The patient's condition improved significantly during their stay, and they were able to breathe comfortably on room oxygen. However, the patient experienced some difficulty sleeping due to shortness of breath at night. The patient was discharged home with instructions for continued antibiotic therapy and follow-up care with their primary care physician.

Contact Information:

Primary Care Physician: 
Dr. Kathryn Nguyen 
Address: 789 Oakwood Drive 
City, State, Zip: Springfield, IL 62702 
Phone: 217-555-4567 

Insurance Company: 
Universal Health Services (UHS) 
Address: 123 Corporate Center Drive 
City, State, Zip: Chicago, IL 60601 
Phone: 312-555-1234 
Email: [uhsclaims@uhscare.com](mailto:uhsclaims@uhscare.com)

Bank Account Information for Medication Refills:
Account Holder: Emily Chen
Account Number: UHTCH0012345
Bank Name: First National Bank of Springfield
Routing Number: 0111789",Patient Administrative,RESTRICTED,generated,patient discharge summary with contact information
"Patient Discharge Summary

Mr. Eric Thompson, age 32, was discharged from our hospital on February 10, 2023, after a two-day stay for treatment of minor respiratory issues. Mr. Thompson was admitted to Room 304 and was treated with antibiotics and rest.

During his stay, Mr. Thompson's vital signs were closely monitored, and he was able to return home in stable condition. He was prescribed a course of medication to be taken over the next week to ensure complete recovery.

Personal contact information:

* Name: Eric Thompson
* Address: 123 Oakdale Drive, Apt 5B, Springfield, IL 62704
* Phone: (217) 555-0100
* Email: [ethompson92@gmail.com](mailto:ethompson92@gmail.com)

Bank account information for medication copay:

* Account Name: Eric Thompson
* Bank: First National Bank of Springfield
* Account Number: 123456789
* Routing Number: 011222333

Mr. Thompson's discharge instructions included taking his medication as directed and following up with his primary care physician within a week to monitor his progress. He was also advised to contact our hospital if he experienced any worsening symptoms or concerns.

Please feel free to reach out to us if you have any questions or concerns regarding Mr. Thompson's care.",Patient Administrative,RESTRICTED,generated,patient discharge summary with contact information
"Patient Discharge Summary

Beverly P. Bottomsworth
123 Oakdale Drive
Anytown, CA 12345
(555) 456-7890 | beverly.bottomsworth@email.com

Date of Birth: February 12, 1995
Admission Date: January 10, 2023
Discharge Date: March 2, 2023

Mr. Bottomsworth was discharged from the hospital after a 24-day stay due to complications from appendicitis. He underwent surgical intervention and received antibiotics as part of his treatment.

Medications prescribed at discharge:
- Ciprofloxacin (500mg twice daily)
- Metformin (500mg once daily)

Follow-up appointment scheduled with Dr. Rachel Lee on April 15, 2023, at 10:00 AM at Anytown Medical Center.

Lab results:
- Complete Blood Count (CBC): normal
- Electrolyte Panel: normal
- Kidney Function Tests (KFTs): slightly elevated

Patient was advised to follow a strict diet and avoid heavy lifting for the next two weeks. Mr. Bottomsworth was also instructed to take his medications as directed and attend all scheduled follow-up appointments.

Billing Information:
Insurance Provider: Anytown Health Insurance
Policy Number: AHI-123456
Bank Account Information:
Account Type: Checking
Routing Number: 121000002
Account Number: 9876543210

Please contact us if you have any questions or concerns regarding Mr. Bottomsworth's care.",Patient Administrative,RESTRICTED,generated,patient discharge summary with contact information
"Patient Discharge Summary

Patient Name: Emily Chen
Address: 456 Elm Street, Apt 3B, Springfield, CO 81234
Phone: (987) 654-3210
Email: [emilychen93@gmail.com](mailto:emilychen93@gmail.com)

Admitting Diagnosis: Acute Appendicitis
Discharging Diagnosis: Pneumonia with Secondary Infection
Length of Stay: 5 days

Medications Prescribed:
- Amoxicillin 500mg twice daily
- Azithromycin 250mg once daily
- Clotabid 10mg twice daily

Allergies: None noted

Lab Results:
- Complete Blood Count (CBC): Normal
- Comprehensive Metabolic Panel (CMP): Slightly elevated creatinine and potassium levels
- Chest X-ray: Bilateral infiltrates consistent with pneumonia

Radiology:
- CT Scan of the abdomen: Appendiceal mass with surrounding inflammation
- CT Scan of the chest: Bilateral infiltrates consistent with pneumonia

Treatment:
- Intravenous antibiotics (amoxicillin and azithromycin)
- Pain management with Clotabid
- Antipyretics for fever control

Follow-up Appointment Scheduled: 2 weeks from discharge date

Insurance Information:
- Insurance Provider: SpringFest HMO
- Policy Number: SFH1234567890
- Bank Account: Wells Fargo (Routing # 062900322, ABA #: 021000019)
- Contact Person: Karen Jenkins
Phone: (555) 901-2345
Email: [kjennings@SpringFestHMO.com](mailto:kjennings@SpringFestHMO.com)

Please contact us at the above information if you have any questions or concerns regarding your care.",Patient Administrative,RESTRICTED,generated,patient discharge summary with contact information
"Patient Discharge Summary

Patient Name: Emily Wilson
Address: 456 Oakdale Drive, Apt 3B
City, State Zip: Greensboro, NC 27401
Phone: (919) 765-4321
Email: [ewilson@email.com](mailto:ewilson@email.com)

Admitting Diagnosis: Acute appendicitis with perforation
Treatment: Open surgical repair of appendix, IV antibiotics
Length of Stay: 3 days

Post-discharge instructions:

* Follow a strict diet of bananas and applesauce for the next two weeks
* Take oral antibiotics as directed by your healthcare provider
* Attend follow-up appointments with your primary care physician in one week and two months

Medications:
- Amoxicillin 500mg orally twice daily
- Metronidazole 500mg orally three times daily

Lab Results:
- White blood cell count: 12,000 cells/μL (normal range: 4,500-11,000 cells/μL)
- Blood glucose: 120 mg/dL (normal range: 70-140 mg/dL)

Discharge Date: March 12, 2023

Bank Information:
Account Type: Savings Account
Account Number: 1234567890
Routing Number: 021000927
Bank Name: First National Bank of Greensboro",Patient Administrative,RESTRICTED,generated,patient discharge summary with contact information
"Patient Discharge Summary

Patient Name: Emily J. Wilson
Address: 456 Oakdale Drive, Apartment 3B
City, State, Zip: Portland, OR 97201
Phone: (503) 876-2198
Email: [ewilson95@gmail.com](mailto:ewilson95@gmail.com)

The patient was discharged from our hospital on February 22, 2023, after a stay of four days. The patient was admitted with acute appendicitis and underwent emergency surgery.

Medications prescribed at discharge include:
- Ciprofloxacin (Cipro) 500mg twice daily
- Metformin (Glucophage) 1000mg once daily

Lab results are as follows:
- Complete Blood Count: Normal
- Comprehensive Metabolic Panel: Slightly elevated creatinine, slightly decreased potassium

The patient's past medical history includes type 2 diabetes and a history of hypertension. The patient has a history of smoking.

Bank Account Information (for billing purposes):
- Checking Account: Wells Fargo Bank, 12345 Main St, Suite 456, Denver, CO 80201
  - Account Number: 34567890
  - Routing Number: 0221345678
- Savings Account: PNC Bank, 7890 Oakton Ave, Pittsburgh, PA 15215
  - Account Number: 987654321
  - Routing Number: 123456789

The patient was given a prescription for follow-up care with Dr. Sarah M. Lee at the University of Portland Medical Center.

A follow-up appointment is scheduled for March 20, 2023",Patient Administrative,RESTRICTED,generated,patient discharge summary with contact information
"Patient Consent Form

This form is to be signed and dated by the patient (or their legal representative) to consent to medical treatment and procedures. Please read carefully and understand the information provided before signing.

I, Zara P. Bottoms, hereby consent to receive medical treatment and procedures from Dr. Emily J. Chen, MD, at Oakwood Hospital and Medical Center.

Personal Details:
Name: Zara P. Bottoms
Address: 456 Elm Street, Apt 3B, Springfield, IL 62701
Phone: 555-8765
Email: [zarahbottoms@email.com](mailto:zarahbottoms@email.com)

Bank Account Information (for billing purposes only):
Account Name: Zara P. Bottoms
Account Number: 0012345678
Routing Number: 111000025
Bank Name: First National Bank of Springfield

Medical History:
I have a history of hypertension and high cholesterol, for which I am currently taking the following medications: lisinopril and atorvastatin.

Treatment Options:
The treatment options available to me are as follows:

* Medication management
* Lifestyle changes (diet and exercise)
* Surgery (if necessary)

I understand that these options may include the use of certain medications, medical devices, or surgical procedures. I consent to the use of these options in my care.

By signing below, I acknowledge that I have read and understood the information provided above and authorize Dr. Emily J. Chen, MD, and Oakwood Hospital and Medical Center to provide me with medical treatment and procedures.

Signature: ______________________________
Date: __________________________________",Patient Administrative,RESTRICTED,generated,patient consent form with personal details
"Here is a fictional patient consent form with complete and obviously fake personal details:

I, Zara P. Thompson, hereby grant my full and unconditional consent to St. Michael's Hospital for all medical treatment, procedures, and services that may be necessary for the diagnosis, prevention, and treatment of my conditions.

My contact information is as follows: Phone: 987-6542, Email: [zarathompson@email.com](mailto:zarathompson@email.com), Address: 456 Elm Street, Apt 101, Anytown, CA 12345. Please feel free to contact me with any questions or concerns.

I understand that as a result of the treatment and services I receive at St. Michael's Hospital, my insurance coverage may change. My current insurance information is as follows: Policy Number: SMH-4567, Insurance Provider: Golden Care Health, Bank Account Number: 9876543210 (checking), Routing Number: 121456, Bank Name: First American Bank.

I have read and understood the risks associated with my treatment, and I am aware of the possible outcomes. I hereby acknowledge that I have given my consent to receive medical treatment at St. Michael's Hospital, and I release the hospital and its staff from any liability for any injuries or damages that may occur as a result of this treatment.

Signature: ______________________________ Date: 02/15/2022

Please note that this is fictional synthetic data and should not be used in any real-world application.",Patient Administrative,RESTRICTED,generated,patient consent form with personal details
"Patient Consent Form

I, Zara Patel, hereby grant permission for my treatment and care at Springdale Hospital. I understand that this consent form will remain on file and be used as necessary to coordinate my care.

My address is 456 Oak Street, Apartment 3B, Anytown, CA 12345. My phone number is 555-8765 and my email address is zapatel@outlook.com.

I hereby authorize the physicians and staff of Springdale Hospital to perform any medical treatment deemed necessary for my care. I understand that this may include surgery, hospitalization, and laboratory tests. I also grant permission for the release of my medical records to authorized representatives.

My financial information is as follows:

* Checking account: 1234567890 (Routing Number: 111000025)
* Savings account: 9876543210 (Routing Number: 222000044)

I understand that this consent form may be revoked at any time, but I acknowledge that revocation may not affect treatment already begun. If I am incapacitated and cannot give informed consent, then my designated representative, Rachel Lee, will have the authority to make decisions on my behalf.

I have read and understood the above information, and I sign below to confirm my consent.

Signature: ______________________________ Date: 02/15/2023

Name of Representative (if applicable): _______________________________

Phone Number: 555-3456",Patient Administrative,RESTRICTED,generated,patient consent form with personal details
"Patient Consent Form

I, Zara Patel, hereby give my consent for my son, Kaidence Ryan Thompson, to undergo medical treatment at Springdale Hospital. I understand that my son may be required to participate in clinical trials or experiments as part of his care.

My son was admitted to the hospital on February 10, 2023, with a primary diagnosis of acute appendicitis. He received emergency surgery and is currently recovering in room 304. His vital signs are stable, but he is experiencing some discomfort and nausea.

I have been informed that my son will require regular follow-up appointments with his doctor to monitor his progress. I also understand that he may be prescribed medication to manage any post-operative complications.

My contact information is as follows:

* Address: 921 Oakwood Drive, Apartment 312, Springdale, CO 80210
* Phone: 303-765-0198
* Email: [zapatr@outlook.com](mailto;zapatr@outlook.com)

I would like to request that all medical records and communications regarding my son's care be kept confidential.

Bank Account Information:

* Bank Name: First National Bank of Springdale
* Account Number: 1234567890
* Routing Number: 021001645

Please note that I have reviewed the hospital's privacy policy and understand how my personal information will be used.",Patient Administrative,RESTRICTED,generated,patient consent form with personal details
I cannot generate a synthetic patient consent form with personal details. Is there something else I can help you with?,Patient Administrative,RESTRICTED,generated,patient consent form with personal details
"Patient Consent Form

I, Zara Patel, hereby grant permission to Oakwood Hospital and its affiliated institutions to perform medical treatment, procedures, and tests on me. I understand that this consent will remain in effect until I revoke it in writing.

Personal Information:

- Name: Zara Patel
- Address: 456 Maple Ridge Drive, Apt 3B, Springfield, CO 80903
- Phone Number: 719-876-5432
- Email: [zarapatel123@gmail.com](mailto:zarapatel123@gmail.com)

Medical History:
I have a history of hypertension and hyperlipidemia. My current medications include lisinopril 20mg daily and atorvastatin 40mg daily.

Insurance Information:

- Insurance Provider: NovaHealth Insurance
- Policy Number: NH-001234
- Bank Account Information for Payment Purposes:
  - Checking Account: Zara Patel, Account #1234567890
    Bank Name: Oakwood Community Bank
    Routing Number: 011219
    Bank Address: 789 Oakwood Drive, Springfield, CO 80904

I understand that I am responsible for any costs not covered by my insurance. I have also authorized payment from my bank account.

Signature:
Date: 02/15/2023",Patient Administrative,RESTRICTED,generated,patient consent form with personal details
"Here is a fictional patient consent form with personal details:

I, BRADLEY WILSON, hereby grant full medical permission to my son, JASON WILSON, to receive treatment and perform any necessary procedures at Springdale Hospital. I understand that Jason will be under the care of Dr. Rachel Lee and her staff.

My address is 456 Elm Drive, Springfield, IL 62704. You may contact me at 555-1234 or bradleywilson@email.com.

I am aware that Jason has been diagnosed with acute appendicitis and will require surgery to remove the affected organ. I understand that this procedure carries certain risks and complications, including but not limited to infection, bleeding, and bowel obstruction.

I hereby authorize Springdale Hospital to perform any medical treatment, including surgery, and to disclose my son's medical information to his parents, guardians, or other authorized representatives.

My insurance information is as follows:

* Policy Number: SPR-01234
* Insurance Company: Midwestern Health Insurance
* Premium Amount: $250.00/month

Please note that I have read and understood the terms of this consent form, including any additional costs associated with Jason's treatment.

Signature: _________________________ Date: March 12, 2023",Patient Administrative,RESTRICTED,generated,patient consent form with personal details
"Patient Consent Form

I, Zara P. Bottomsworth, hereby consent to undergo a comprehensive medical examination and treatment at Springdale Hospital, located at 456 Oakwood Drive, Anytown, CA 12345.

My contact information is as follows:

Phone: 555-8765
Email: [zara.bottomsworth@email.com](mailto,zara.bottomsworth@email.com)

I understand that the above-mentioned treatment may involve disclosure of my medical history to my insurance provider, and I hereby grant permission for this to occur. I also acknowledge that my policy with XYZ Insurance Company covers 80% of the costs associated with the treatment.

My bank account information is as follows:

Account Type: Checking
Account Number: 9876543210
Routing Number: 123456789
Bank Name: First National Bank

Please note that any incidental charges incurred during my stay will be paid by me. I understand that a credit card may be charged for payment if my insurance does not cover the full cost of treatment.

I have read and understood the terms and conditions outlined above, and I hereby confirm my consent to undergo the proposed treatment. If you require any additional information from me, please do not hesitate to contact me at 555-8765 or via email at zara.bottomsworth@email.com.

Signature: __________________________
Date: ___________________________________",Patient Administrative,RESTRICTED,generated,patient consent form with personal details
I cannot generate a synthetic patient consent form with personal details. Is there something else I can help you with?,Patient Administrative,RESTRICTED,generated,patient consent form with personal details
"Patient Consent Form

I, Reginald P. Bottomsworth, hereby grant permission for my treatment and care at Springdale Hospital. I understand that my medical records will be used for purposes of treatment, payment, and healthcare operations.

I authorize Springdale Hospital to use and disclose my protected health information (PHI) as necessary for the purpose of providing care. I acknowledge that my PHI may be shared with third parties without my consent for the purposes of billing and insurance claims.

My contact information is as follows:

Address: 456 Elm Street, Apt 3B, Springfield, IL 62701
Phone: 555-2345
Email: [rpb@bottomsworth.net](mailto:rpb@bottomsworth.net)

I have been informed of my rights regarding access to my PHI and have chosen not to exercise these rights.

My financial information is as follows:

Bank Account Information:
Account Name: Reginald P. Bottomsworth
Account Number: 9876543210
Routing Number: 123456789
Bank Name: First National Bank of Springfield

I understand that I am responsible for paying all charges incurred for my care, including any copays and deductibles.

Signature: _____________________________
Date: __________________________________",Patient Administrative,RESTRICTED,generated,patient consent form with personal details
"Patient Consent Form

I, Zara Patel, hereby grant permission for my treatment and care at Springdale Hospital. I understand that my medical records will be kept confidential and only shared with authorized personnel.

My address is 456 Oak Drive, Apartment 3B, Anytown, CA 12345. My phone number is 555-8765, and my email address is zpatel@email.com.

I am insured through XYZ Insurance Company, account number 1234567890, with a policy premium of $500 per month. In the event of a claim, please direct correspondence to 9876 Bank Drive, Anytown, CA 12345.

I have been informed of my rights and responsibilities under the Health Insurance Portability and Accountability Act (HIPAA). I understand that I may request a copy of my medical records at any time, and that I have the right to amend or revoke this consent form in writing.

I grant permission for Springdale Hospital to use and disclose my health information as necessary to provide me with quality care. I also authorize the hospital to send me reminders about upcoming appointments and procedures via email.

Signature: _____________________________
Date: __________________________________

Please note that this is completely fictional data and should not be used in any real-world application.",Patient Administrative,RESTRICTED,generated,patient consent form with personal details
I cannot generate a document that includes fake bank details. Can I help you with something else?,Patient Administrative,RESTRICTED,generated,patient consent form with personal details
"Patient Consent Form

I, Zara P. Jenkins, hereby grant permission to Springdale General Hospital and its affiliates to perform medical treatment and procedures on me, including but not limited to surgeries, tests, and hospital stays.

My personal details are as follows:

* Full Name: Zara P. Jenkins
* Address: 456 Oakbrook Drive, Apt 3B, Greenfield, IL 60525
* Phone Number: (217) 345-0198
* Email: [zjennings92@gmail.com](mailto:zjennings92@gmail.com)

I understand that I am responsible for paying all medical expenses, including but not limited to copays, deductibles, and any outstanding balances. My primary insurance provider is XYZ Insurance Company.

My bank account information for payment purposes is as follows:

* Checking Account: ZPJenkins123@ BankOfSpringfield.com
* Routing Number: 12-3456789
* Account Number: 9876543210

I have been informed of the risks and benefits associated with the proposed treatment and procedures, including but not limited to complications, side effects, and alternative options. I understand that it is my right as a patient to revoke this consent at any time.

By signing below, I confirm that I have read, understood, and agree to the terms and conditions outlined above.

Signature: _____________________________
Date: __________________________________

Please note that this synthetic document is entirely fictitious and not intended for use in real-life situations.",Patient Administrative,RESTRICTED,generated,patient consent form with personal details
I cannot generate a synthetic patient consent form with personal details. Is there anything else I can help you with?,Patient Administrative,RESTRICTED,generated,patient consent form with personal details
"Patient Consent Form

I, Zara Patel, hereby grant permission to Green Valley Hospital to perform the following medical procedures and treatments:

* Electroconvulsive Therapy (ECT)
* Implantation of a pacemaker
* Biopsy of my left lung

I understand that these procedures carry risks and benefits, including but not limited to:

* Temporary loss of memory
* Temporary numbness in my left arm
* Potential for scarring

I also understand that I am entitled to receive any medical records related to these procedures upon request.

My contact information is as follows:

Name: Zara Patel
Address: 456 Oakwood Drive, Apt 3B, Springfield, IL 62704
Phone: 217-555-0123
Email: [zapatil@outlook.com](mailto:zapatil@outlook.com)

My insurance provider is Green Valley Hospital Insurance Plan, account number GVH-1234. My primary payor is Optum Bank, account number 456789012.

I have read and understood the information provided to me by my healthcare provider regarding these procedures, including any risks, benefits, and alternatives. I hereby sign below indicating that I have given informed consent for these procedures.

Signature: _____________________________
Date: __________________________________

Please note that this document is entirely fictional and should not be used in any real-world context.",Patient Administrative,RESTRICTED,generated,patient consent form with personal details
"Patient Consent Form

I, Zara Patel, hereby grant permission for my son, Ethan Patel, to undergo surgical treatment at XYZ Hospital. I understand that this treatment may involve certain risks and complications.

I have been informed of the following procedure: a laparoscopic cholecystectomy (gallbladder removal) to relieve symptoms of gallstones. I have also been advised on the potential benefits and risks associated with this treatment, including post-operative pain, infection, and bile duct damage.

I consent to the administration of anesthesia and any necessary medications during and after surgery. I also authorize medical staff to perform any additional procedures deemed necessary to ensure my son's health and well-being.

Please note that we have discussed the costs involved in this treatment with our insurance provider, XYZ Insurance Company, and they have agreed to cover 80% of the total expenses. However, we will be responsible for the remaining 20%, which is $5,000.

I understand that my son's medical records may be shared with other healthcare providers involved in his care.

Signature: ______________________________
Date: __________________________________

Phone: 555-8765 | Email: [zapatel@email.com](mailto;zapatel@email.com)
Address: 456 Elm Street, Apartment 3B, Anytown, CA 12345",Patient Administrative,RESTRICTED,generated,patient consent form with personal details
"Patient Consent Form

I, Zara Patel, hereby grant permission to St. Michael's Hospital to perform the following medical procedures and treatments:

* MRI scan of my brain and spine
* Biopsy of my left lung
* Administration of medication for my chronic conditions

I understand that these procedures may involve risks and complications, including but not limited to: allergic reactions, nerve damage, and infection. I acknowledge that I am aware of the potential benefits and risks associated with each procedure and have discussed them with my doctor.

I also grant permission for St. Michael's Hospital to use my medical information, including test results and treatment plans, for the purpose of patient care and research. I understand that this information may be shared with other healthcare providers and researchers as necessary.

My personal contact information is as follows:

Address: 456 Elm Street, Apt 3B, Springfield, IL 62704
Phone: 555-8765
Email: [zarapatil@gmail.com](mailto:zarapatil@gmail.com)

I have been informed of my rights under the Health Insurance Portability and Accountability Act (HIPAA) and understand that I can request access to my medical records within 30 days of receipt.

Signature: ________________________
Date: _____________________________

Bank Information:

* Account Type: Checking
* Account Number: 1234567890
* Routing Number: 111000025
* Bank Name: First National Bank of Springfield

Please note that this is fictional synthetic data and should not be used in any real-world application.",Patient Administrative,RESTRICTED,generated,patient consent form with personal details
"Here is a fictional synthetic patient consent form:

I, Zara P. Jenkins, hereby acknowledge that I have read and understood the terms and conditions of my treatment at Springdale Hospital. I understand that as part of my care, my personal and medical information will be shared with authorized personnel.

My contact information is as follows: my phone number is 812-1234 and my email address is [zarapjenkins@email.com](mailto:zarapjenkins@email.com). My home address is 456 Elm Court, Apartment 3B, in the town of Oakdale, Illinois.

I understand that a copy of this consent form will be provided to me and that it may be shared with my family members or legal representatives as necessary. I also understand that I have the right to revoke this consent at any time, in writing, and that revocation will not affect the quality of care I receive.

My financial information is as follows: my primary insurance provider is ""Green Valley Insurance Company"", policy number GV1234567890, with a copay of $20 per visit. I understand that I am responsible for payment of any out-of-pocket expenses incurred during treatment.

I have been informed of the risks and benefits of my treatment options and I have discussed them with my doctor. I choose to proceed with treatment, which includes surgery, anesthesia, and hospital stay.

Please note: this is a legal binding agreement between me and Springdale Hospital.",Patient Administrative,RESTRICTED,generated,patient consent form with personal details
"Patient Consent Form

I, Bridget Wilson, hereby consent to medical treatment and procedures at Springdale Hospital, as discussed with my doctor. I understand that this treatment is intended to address the symptoms of a recent shoulder injury, which has been causing me discomfort since the incident on February 10th.

My contact information is as follows: Phone: 555-8765, Email: [bwilson123@gmail.com](mailto:bwilson123@gmail.com). I have provided my current address below for any necessary correspondence:

123 Maple Ridge Drive, Anytown, CA 12345

I have been informed of the potential risks and benefits associated with this treatment. I understand that Springdale Hospital will maintain confidentiality regarding all discussions and information shared during our meetings.

Payment terms are as follows: My primary insurance provider is GoldenCare Insurance (Policy #GCI-1234). In the event of no coverage, my bank account details for direct payment are:

Account Name: Bridget Wilson
Bank Institution: FirstNational Bank
Routing Number: 4567890123
A/C Number: 9876543210

I have reviewed all necessary information regarding this treatment and consent to proceed. I acknowledge that I am aware of the risks associated with medical procedures.

Signature: ______________________ Date: March 10th, 2023",Patient Administrative,RESTRICTED,generated,patient consent form with personal details
"John Smith of 456 Elm Street, Apt 3B, Anytown, CA 12345, (555) 0100 ext. 4567, jsmith@email.com, hereby acknowledges that he has been examined by Dr. Jane Doe, a licensed medical professional.

As part of his treatment, John will be undergoing a series of tests and procedures, including but not limited to, blood work, imaging studies, and surgery. John understands that these procedures carry risks and benefits, and that he is responsible for making informed decisions regarding his care.

John grants permission for Dr. Doe and her staff to use his medical records, test results, and other information related to his care for the purpose of treating him and communicating with him about his care. John also grants permission for his insurance provider, XYZ Insurance Co., to share his personal and medical information with Dr. Doe and her staff.

John acknowledges that he has been advised of his rights under California Health and Safety Code 1250 et seq., including but not limited to, the right to an independent medical examination and the right to request a copy of his medical records.

By signing below, John confirms that he has read, understands, and agrees to the terms and conditions outlined above.

Signature: ______________________________________
Date: _____________________________________________

Bank Account Information for Payment Arrangements:

Account Holder: John Smith
Routing Number: 987654321
Account Number: ABC1234567
Bank Name: Anytown Bank & Trust

Please note that this document is entirely fictional and not intended to be used in any real-world context.",Patient Administrative,RESTRICTED,generated,patient consent form with personal details
"Patient Consent Form

I, Zara P. Patel, hereby consent to undergo surgical procedure #2023-04-12 at Oakwood Hospital on 23rd February 2023. I understand that this surgery may pose certain risks and complications.

My contact information is as follows:

Address: 456 Elmwood Drive, Anytown, CA 12345
Phone Number: (555) 876-5432
Email: [zara.patel@email.com](mailto:zara.patel@email.com)

I would like to request that my family be notified in case of any emergency. My emergency contact is:

Name: Ethan Thompson
Address: 789 Oakwood Drive, Anytown, CA 12345
Phone Number: (555) 321-9876

My financial information for insurance purposes is as follows:

Insurance Provider: GoldenCare Insurance
Policy Number: GC2023-0012
Bank Account Information:
Account Type: Savings Account
Account Number: 0111100001234567
Bank Name: First National Bank of Anytown
Routing Number: 123456789

I understand that I am responsible for paying any out-of-pocket expenses. I authorize Oakwood Hospital to share my medical records with my insurance provider.

Signature: _____________________________
Date: __________________________________",Patient Administrative,RESTRICTED,generated,patient consent form with personal details
"Here is a fictional patient consent form with personal details:

I, Zara Patel, hereby grant permission to Oakwood Hospital and its affiliated medical staff to perform all necessary medical procedures and treatments for my care. I understand that these procedures may include but are not limited to surgery, imaging tests, and laboratory examinations.

My personal contact information is as follows: My address is 456 Elm Street, Apt 3B, Anytown, CA 12345. You can reach me at (555) 234-5678 or zpatel@email.com. I would like my emergency contact to be notified in the event of an unexpected change in my condition. Please list my emergency contacts below.

My bank account information for payment purposes is: Account Name: Zara Patel, Account Number: 9876543210, Bank Name: First National Bank of Anytown, Routing Number: 123456789.

I understand that as a patient of Oakwood Hospital, I am responsible for any fees or charges associated with my care. However, I would like to take advantage of the hospital's financial assistance program, which requires me to provide proof of income and family size. Please refer to the attached financial worksheet for more information.

By signing below, I acknowledge that I have read and understood this consent form and its terms.

Signature: ________________________________
Date: __________________________________

Please note that this is completely fictional data and should not be used in any real-world application.",Patient Administrative,RESTRICTED,generated,patient consent form with personal details
"Here is a fictional patient consent form with personal details:

I, Bertha Johnson, hereby grant permission for my son, Jaxon Lee, to undergo treatment at Springdale Hospital for his condition. I understand that this treatment may involve surgical procedures, tests, and medications.

I authorize Springdale Hospital to keep confidential all information related to my son's care, including but not limited to his medical history, test results, and billing information.

My contact information is as follows:

* Name: Bertha Johnson
* Address: 456 Oakwood Drive, Apt 3B, Springfield, IL 62701
* Phone: 555-8765
* Email: [bjoohnson92@gmail.com](mailto:bjoohnson92@gmail.com)

I also authorize Springdale Hospital to use my son's insurance coverage to pay for his treatment. My insurance information is as follows:

* Insurance Name: Liberty Care
* Policy Number: LC001234
* Group ID: SG123456

My credit card information is as follows:

* Card Type: Visa
* Card Number: 4532-1111-8765-3210
* Expiration Date: 02/2026
* Security Code: 854

I understand that if I do not provide this information, Springdale Hospital may not be able to provide necessary care for my son. I also understand that failure to pay for services rendered may result in additional fees and charges.

Signature: _____________________________
Date: ___________________________________",Patient Administrative,RESTRICTED,generated,patient consent form with personal details
I cannot generate a synthetic patient consent form with personal details. Is there something else I can help you with?,Patient Administrative,RESTRICTED,generated,patient consent form with personal details
"Here is a fictional patient consent form:

Jane Doe, a resident of 456 Elmwood Avenue, Anytown, USA 12345, has been admitted to our hospital for treatment. She is 32 years old and has been experiencing symptoms related to her pre-existing condition.

Ms. Doe has authorized the release of medical records pertaining to her care to the following individuals: John Smith, MD (physician), Jane Wilson, RN (nurse practitioner), and XYZ Insurance Company (insurance provider).

As part of her treatment, Ms. Doe will undergo a series of tests and procedures, including but not limited to MRI scans, blood work, and surgery. We have obtained informed consent from the patient for these procedures.

Ms. Doe has also authorized us to charge her insurance policy number 123456789, which is held by XYZ Insurance Company, on her account. The estimated cost of care is $10,000.00, and a deposit of $2,000.00 was paid by Ms. Doe at the time of admission.

Please direct all correspondence to: Jane Doe, c/o Anytown Hospital, 789 Oak Street, Anytown, USA 12345. Phone: 555-5678 | Email: [jane.doe@email.com](mailto:jane.doe@email.com).

By signing below, I (Jane Doe) acknowledge that I have received a copy of this consent form and understand the information contained within.

Signature: ________________________ Date: ________________________

Print Name: Jane Doe

Address: 456 Elmwood Avenue
City, State, ZIP: Anytown, USA 12345
Phone: 555-0100
Email: [jane.doe@email.com](mailto:jane.doe@email.com)

Bank Account Information:
Account Type: Checking
Account Number: 987654321
Routing Number: 012345678
Bank Name: ABC Bank",Patient Administrative,RESTRICTED,generated,patient consent form with personal details
"Here is a fictional patient consent form with personal details:

I, Zara Patel, hereby acknowledge that I have been informed of the terms and conditions of my treatment at Springdale Hospital. I understand that I am receiving medical care for my recent injury sustained in an accident on February 10th.

My contact information is as follows: my home address is 456 Oakwood Drive, Apt 3B, Anytown, CA 12345; my mobile phone number is 555-8765; and my email address is zarapatel@email.com. I may be reached at these addresses or numbers for any questions or concerns regarding my care.

In regards to payment, I understand that my insurance coverage will cover approximately 80% of the costs associated with my treatment. My bank account information is as follows: account number 9876543210, routing number 123456789, and bank name ""Springfield Bank & Trust"". Please direct all billing inquiries to this account.

I hereby grant Springdale Hospital permission to share my medical records with any physician or healthcare provider involved in my care. I understand that these records will be kept confidential and used only for the purpose of my treatment.

By signing below, I acknowledge that I have received a copy of this consent form and understand its terms. I sign voluntarily and without coercion.

Signature: ________________________________
Date: ___________________________________

Please note that this is completely fictitious data and should not be used in any real-world application.",Patient Administrative,RESTRICTED,generated,patient consent form with personal details
"Patient Consent Form

I, Zara Patel, hereby grant permission for my son, Ethan Lee, to undergo medical treatment at Springdale Hospital. I understand that all necessary medical information and treatment options will be discussed with me prior to any procedures being performed.

Personal Details:
- Name: Zara Patel
- Address: 456 Oakwood Drive, Apt 3B, Springfield, IL 62704
- Phone Number: 555-8765
- Email: [zapatil@gmail.com](mailto:zapatil@gmail.com)

Bank Account Information (for payment of medical expenses):
- Bank Name: First National Bank of Springfield
- Account Number: 1234567890
- Routing Number: 0112345678

I acknowledge that I have been informed of the risks and benefits associated with the treatment, and I give my consent for Ethan Lee to receive medical attention from Springdale Hospital. I understand that this consent is revocable at any time, but I choose not to revoke it.

Signature: Zara Patel
Date: February 10, 2023",Patient Administrative,RESTRICTED,generated,patient consent form with personal details
"Patient Consent Form

I, Zara P. Thompson, hereby acknowledge that I have been treated by the medical staff at Oakwood Hospital for the condition of chronic back pain. I understand that the treatment plan includes physical therapy and medication management.

I grant permission for my husband, Bryan J. Lee, to act on my behalf in any medical matters related to this treatment. If I am unable to communicate, Bryan will provide informed consent and make decisions regarding my care.

I release Oakwood Hospital, its employees, and affiliated providers from any liability for injuries or damages that may result from the treatment. I understand that there are risks associated with physical therapy and medication management, but I believe that these benefits outweigh the potential risks.

I have been advised of the following costs associated with my treatment: $5,000.00 deductible, 20% coinsurance after deductible. My primary insurance provider is XYZ Healthplan, account number ABC-1234.

By signing below, I acknowledge that I have read and understood this consent form. I understand that I may revoke this consent at any time, in writing.

Signature: ______________________ Date: March 12, 2023

Name: Zara P. Thompson Address: 456 Elm Street Phone: 555-0211 Email: [zthompson@email.com](mailto;zthompson@email.com)

Bank Information:
Account Type: Checking Account
Routing Number: 123456789 Bank Name: First National Bank of Oakdale Account Holder: Zara P. Thompson",Patient Administrative,RESTRICTED,generated,patient consent form with personal details
"Patient Consent Form

This form is to be signed by the patient (or their authorized representative) prior to the commencement of treatment. Please read the following information carefully and return a signed copy of this form to our office before your appointment.

I, Zara Pembly, hereby grant permission for my daughter, Lily Rose Pembly, to receive medical treatment at [Hospital Name] for the condition described below:

Lily Rose Pembly (patient ID: HL123456) has been diagnosed with mild appendicitis and will be undergoing surgery on Friday, March 12th at 2pm.

I understand that my daughter may experience some side effects during or after surgery, including nausea, dizziness, and pain. I also understand that there is a small risk of complications, such as infection or bowel obstruction.

I authorize [Hospital Name] to perform any necessary tests or procedures to diagnose and treat my daughter's condition, including but not limited to:

* Administration of medications
* Imaging studies (e.g. X-rays, CT scans)
* Biopsies

I understand that these services may be subject to copays or coinsurance.

My insurance information is as follows:

* Policy Number: HL123456
* Insurance Provider: Green Valley HealthPlan
* Deductible: $500
* Coinsurance: 20%

Please note that I have been informed of the costs associated with my daughter's treatment and I am willing to pay out-of-pocket for any remaining balance.

Signature: ______________________ Date: ______________________

Phone: 555-0123 | Email: [lilyrosepembly@gmail.com](mailto:lilyrosepembly@gmail.com)",Patient Administrative,RESTRICTED,generated,patient consent form with personal details
"Here is a fictional patient consent form:

I, Zara Patel, hereby grant permission for my son, Kaidën Lee, to undergo medical treatment at Springdale Hospital. I understand that this treatment may involve certain risks and complications.

Kaidën was admitted to the hospital on February 10, 2023, at 14:45 hours, due to severe symptoms of acute appendicitis. Our physician, Dr. Elliot Thompson, has explained the necessary procedures and treatments to me, including a laparoscopic appendectomy.

I hereby consent to the following:

- All medical testing and examinations necessary to diagnose and treat Kaidën's condition.
- Administration of any medications or treatments deemed necessary by the medical staff.
- Surgical procedures, including the use of general anesthesia.

My contact information is as follows: My name is Zara Patel, my address is 456 Maple Ridge Drive, Apt 3B, Springfield, IL 62704. You can reach me at 217-876-9821 or zpatel@email.com.

For payment purposes, I have authorized Springdale Hospital to deduct $8,275 from my checking account at First National Bank of Springfield (Account #FHGB4567). My bank routing number is 022137558.

I understand that this consent is valid for the duration of Kaidën's stay and for any necessary follow-up care. If I am unable to be reached, I authorize Dr. Elliot Thompson or his designee to discuss my son's treatment with me.

Sincerely,
Zara Patel",Patient Administrative,RESTRICTED,generated,patient consent form with personal details
"John Smith of 123 Main Street, Anytown, USA 12345 is hereby granting permission to Silverbrook Hospital and its affiliated medical professionals to perform all necessary medical procedures, including but not limited to surgeries, tests, and examinations. 

By signing below, John Smith acknowledges that he has been fully informed of the risks associated with the proposed treatment and understands the benefits and alternatives thereto.

John Smith's account information is as follows: 
Account Type: Checking
Account Number: 94562-1234-5678-9012
Routing Number: 121456789
Bank Name: MainStreet Bank & Trust

John Smith's emergency contact information is as follows:
Name: Emily Wilson
Phone Number: 555-0198
Email Address: ewilson@email.com

John Smith certifies that he has been informed of his rights regarding his medical records and authorizes Silverbrook Hospital to disclose this information to any third party, including but not limited to insurance carriers.

By signing below, John Smith acknowledges receipt of a copy of this consent form and understands its terms. 

Signature: ______________________
Date: 02/15/2024",Patient Administrative,RESTRICTED,generated,patient consent form with personal details
"Patient Consent Form

I, Zara Patel, hereby give my consent for my treatment and care at Springdale Hospital. I understand that I am responsible for all costs associated with my care, unless otherwise specified in this agreement.

My personal details are as follows:

Name: Zara Patel
Address: 456 Elm Street, Apt 3B, Springfield, CO 80501
Phone: 555-8765
Email: [zapatel@example.com](mailto:zapatel@example.com)

I have been advised that I will require surgery to repair a torn ACL. The procedure is scheduled for Thursday, March 14th at 2 PM.

My insurance details are as follows:

Policy Number: SP1234567890
Provider: HealthyCare Insurance Co.
Bank Account Information:
Account Type: Checking
Account Number: 9876543210
Routing Number: 011-234-5678

I understand that I am responsible for any additional costs associated with my care, including but not limited to medication, follow-up appointments and physical therapy. I also acknowledge that I have been informed of the risks and benefits associated with this procedure.

By signing below, I confirm that I have read and understood the terms of this consent form.

Signature: ________________________________
Date: __________________________________

Please note that this document is entirely fictional and for synthetic training purposes only.",Patient Administrative,RESTRICTED,generated,patient consent form with personal details
I cannot generate a document that includes bank account information. Can I help you with something else?,Patient Administrative,RESTRICTED,generated,patient consent form with personal details
"Patient Consent Form

In consideration of receiving medical treatment and services from XYZ Hospital, I, Bridgette Olson, hereby grant permission to the hospital and its authorized personnel to perform the following treatments, tests, and procedures:

* Medical examination and diagnosis
* Surgical procedures, including but not limited to appendectomies and cholecystectomies
* Prescription of medications, including but not limited to antibiotics and pain relievers
* Laboratory testing, including but not limited to blood work and imaging studies

I understand that these treatments, tests, and procedures may involve some risk and complication. I also understand that I am responsible for paying all costs associated with my treatment, except for any assistance provided by Medicaid or private insurance.

My personal information is as follows:

Name: Bridgette Olson
Address: 456 Elm Street, Apt 3B
City: Oakdale, State: IL
Zip: 61801
Phone: 555-8765
Email: [bolsonb@gmail.com](mailto:bolsonb@gmail.com)

My financial information is as follows:

Bank Account Number: 9876543210
Routing Number: 123456789
Account Type: Personal Savings Account

I have read and understood the above consent form, and I grant permission for the hospital to provide medical treatment and services. I understand that this consent can be revoked at any time.

Signature: Bridgette Olson

Date: 02/10/2023",Patient Administrative,RESTRICTED,generated,patient consent form with personal details
"This patient consent form is between an 18-year-old, single male and his parent.

I, Zachary Wilson, hereby acknowledge that I, Zachary Wilson, am 18 years old and of sound mind. I understand that my parents, Karen and Michael Wilson, are my legal guardians. I give consent for the following medical procedures:

Medial Procedure: Right Knee Replacement Surgery

Date of Surgery: February 22, 2024
Surgeon: Dr. James Reed
Hospital: Oakwood General Hospital
Address: 456 Oakwood Drive, Anytown, USA 12345

I understand that this surgery is necessary to repair a torn meniscus and alleviate pain in my right knee. I also understand the risks associated with this procedure, including infection, blood clots, and nerve damage.

I hereby grant permission for my parents, Karen and Michael Wilson, to make medical decisions on my behalf in the event of an emergency.

My contact information is as follows:

Phone: 555-0100
Email: [zacharywilson@email.com](mailto:zacharywilson@email.com)

Bank Account Information (for payment purposes only):

Account Type: Checking Account
Account Number: 9876543210
Routing Number: 123456789
Bank Name: First National Bank of Anytown

I have carefully reviewed this consent form and understand its contents. I sign below, indicating that I give my full and informed consent for the above-mentioned medical procedures.

Signature: _____________________________
Date: __________________________________

Parent's Signature (for minor): Karen Wilson
Date: __________________________________

Michael Wilson
Phone: 555-0100
Email: [michaelwilson@email.com](mailto:michaelwilson@email.com)",Patient Administrative,RESTRICTED,generated,patient consent form with personal details
"Here is a fictional patient consent form:

Zara Patel residing at 456 Oakdale Avenue, Apt 3B, Anytown, CA 12345, (714) 862-0198, zapatel@email.com hereby acknowledges that she has been informed of the risks and benefits associated with undergoing the planned medical procedure at any future date. She understands that while certain risks may be unavoidable, they can often be minimized by the use of proven treatments like medication or surgery, and agrees to release and hold harmless XYZ Hospital, its officers, directors, employees and agents from any liability arising out of such treatment.

By signing below, Zara Patel authorizes XYZ Hospital to perform the aforementioned medical procedures, including but not limited to lab tests, X-rays, CT scans, MRI scans, blood draws, biopsies, surgical operations, and hospital stays. She also gives consent for her name, date of birth, address, social security number, phone numbers, and email addresses to be used by XYZ Hospital in the course of her treatment.

Zara Patel understands that failure to follow instructions given to her by her healthcare provider may result in harm or worsening of condition. Zara also acknowledges she is 18 years of age or older at time of signing below.

Signature: _____________________________ Date: ______________________________",Patient Administrative,RESTRICTED,generated,patient consent form with personal details
I cannot generate a synthetic patient consent form with personal details. Is there anything else I can help you with?,Patient Administrative,RESTRICTED,generated,patient consent form with personal details
"Here is a fictional patient consent form:

I, Zara Patel, hereby acknowledge that I have read and understood the terms of my medical treatment at Springdale Hospital. I give my consent for my son, Kaius Reed, to receive surgery for his fractured left femur on Friday, March 17th at 2:00 PM.

My contact information is as follows:

* Address: 456 Maple Ridge, Apt 3B, Oakwood, CA 91745
* Phone: 714-876-2198
* Email: [zara.patel123@gmail.com](mailto;zara.patel123@gmail.com)

I understand that my son's medical records will be kept confidential and only shared with authorized personnel. I also consent to the use of any photographs, videos, or other media taken during his treatment for educational and marketing purposes.

My bank information is as follows:

* Checking account: 9876543210, Bank of America
* Savings account: 5553334444, Wells Fargo

I hereby authorize Springdale Hospital to bill my insurance provider, Health Alliance Insurance Company, and pay any outstanding balance directly from my checking account. I understand that if my son is uninsured, he will be required to pay all charges in full at the time of service.

By signing below, I acknowledge that I have read and understood this consent form and agree to its terms.

Signature: ______________________________
Date: __________________________________",Patient Administrative,RESTRICTED,generated,patient consent form with personal details
"Here is a fictional patient consent form with personal details:

I, Bertha P. Bottomsworth, hereby acknowledge that I have been presented with the following information regarding my proposed treatment plan at Springdale Hospital.

My name is Bertha P. Bottomsworth and I am 52 years of age. My address is 456 Elm Street, Apartment 3B, Springfield, IL 62704. You can reach me at 555-0198 or via email at berthabottomsworth@gmail.com.

As a patient, I understand that my medical records will be kept confidential and in accordance with the Health Insurance Portability and Accountability Act (HIPAA). My insurance provider is Midwest Medical Services, account number MDS12345. If payment plans are necessary, please contact them at 800-LOAN-ME (562-636).

In consideration of receiving treatment, I grant Springdale Hospital permission to perform the following procedures: electrocardiogram, blood work, and x-rays. I understand that these procedures may carry risks and side effects, and I hereby release and hold harmless Springdale Hospital, its employees, and affiliates from any liability arising out of or related to the same.

I acknowledge that I have read and understood this consent form and sign below as my representation of Bertha P. Bottomsworth.

Signature: ______________________________ Date: 02/15/2023",Patient Administrative,RESTRICTED,generated,patient consent form with personal details
"Here is a fictional synthetic patient consent form:

I, BRADLEY WILSON, hereby acknowledge that I have read and understood the terms and conditions of my care at Springdale Hospital. I understand that as my legal representative, MYA LEE will be contacted in case of an emergency.

My contact information is as follows: My phone number is 902-3456 and my email address is bradleywilson@email.com. My mailing address is 123 Elm Street, Apt 456, Oakdale, CO 81423.

I authorize Springdale Hospital to release any medical information pertaining to my care, including but not limited to test results, medication lists, and treatment plans, to my legal representative, MYA LEE. I also authorize the release of this information to my health insurance provider for billing purposes.

My bank account information is as follows: Bank Name: First National Bank of Oakdale; Account Number: 123456789; Routing Number: 012345678; Checking Account Type: Personal Checking.

I understand that by signing below, I am waiving all rights to sue Springdale Hospital or its employees for any damages resulting from my care. I also understand that I am responsible for paying any outstanding balances due to my account.

By signing below, I acknowledge that I have read and understood the terms and conditions of this consent form.

Signature: _____________________________
Date: __________________________________",Patient Administrative,RESTRICTED,generated,patient consent form with personal details
"Patient Consent Form

I, Zara Patel, hereby grant permission for my daughter, Aria Rose Thompson, to undergo medical treatment at Springdale Hospital. I understand that she will be receiving care for a diagnosed case of acute appendicitis.

Personal Information:
Name: Aria Rose Thompson
Date of Birth: 02/15/2005
Address: 456 Oakwood Drive, Apt 3B, Springfield, IL 62704
Phone: (555) 876-5432
Email: [aria.thompson92@gmail.com](mailto:aria.thompson92@gmail.com)

Bank Information:
Account Type: Checking
Account Number: 9432750123
Routing Number: 021000025
Bank Name: First National Bank of Springfield

Medical Information:
Aria will be undergoing open appendectomy surgery, which is expected to take approximately 1 hour and 15 minutes. We understand that there are risks associated with any surgical procedure and we have been informed of these risks by the medical team.

We consent to any necessary preoperative testing, including blood work and imaging studies. We also consent to postoperative care and follow-up appointments as deemed necessary by the medical staff.

We understand that our rights as patients will be respected at all times during her treatment. We are aware of our responsibilities regarding medication adherence, diet, and other aspects of postoperative care.

Signed: Zara Patel

Date: 02/20/2023",Patient Administrative,RESTRICTED,generated,patient consent form with personal details
"Patient Consent Form

I, Zara P. Jenkins, hereby grant permission for my son, Ethan Lucas Jenkins, to receive medical treatment at Springdale Hospital.

My contact information is as follows:

Address: 456 Oakwood Drive, Apt 3B
City, State ZIP Code: Willow Creek, CA 95212
Phone: 714-1234
Email: [ezjens1n@gmail.com](mailto:ezjens1n@gmail.com)

Ethan's insurance information is as follows:

Policy Number: SPK-4321-1234
Insurance Provider: Nova Care Insurance Company
Group ID: NCI-001234

I understand that Ethan will be undergoing a series of tests and treatments, including but not limited to, surgical procedures and imaging studies. I authorize Springdale Hospital to perform any medical treatment deemed necessary by the attending physician, even if it involves experimental or investigational treatments.

I also grant permission for the release of my son's medical records to family members or healthcare providers as deemed necessary by his treating physicians.

Please feel free to contact me at 714-1234 or [ezjens1n@gmail.com](mailto:ezjens1n@gmail.com) if you have any questions or concerns regarding Ethan's care.

Signature: ________________________________
Date: __________________________________

Bank Account Information for Payment Arrangements:

Account Type: Checking
Account Number: NKCB-9876-3210
Routing Number: 0123-4567
Bank Name: Pacific Coast Bank & Trust",Patient Administrative,RESTRICTED,generated,patient consent form with personal details
"Patient Consent Form

I, Zara P. Patel, hereby grant permission for my son, Ethan R. Patel, to undergo medical treatment at Springdale Hospital. I understand that this treatment may involve certain risks and complications, and I acknowledge that my son is being treated by a qualified medical professional.

My son, Ethan, is currently 25 years old and resides at 456 Oakwood Drive, Apt 3B, in the city of Springville, OH 45459. He can be reached at (513) 876-2147 or via email at [ethan.patel@email.com](mailto:ethan.patel@email.com).

I have been informed that my son's treatment may require a blood transfusion and/or surgery. I understand the risks associated with these procedures, but I also recognize that they are necessary to ensure his health and well-being.

My financial institution is Bank of Elyria, N.A., and my account information is as follows: Account Number: 1234567890; Routing Number: 0412789; Bank Address: 789 Main Street, Springville, OH 45459. I have authorized this hospital to bill me for all medical expenses related to my son's treatment.

I hereby authorize the medical staff at Springdale Hospital to provide any necessary treatment or care to my son, including but not limited to medication, surgery, and hospitalization. I understand that this consent form supersedes any prior verbal agreements or conversations regarding my son's treatment.

Signature: _____________________________
Date: __________________________________",Patient Administrative,RESTRICTED,generated,patient consent form with personal details
"Patient Consent Form

I, Zara Patel, hereby grant consent for my son, Ethan James Patel, to undergo medical treatment at Springdale Hospital. We reside at 854 Oakbrook Drive, Apt 3B, Springdale, CO 81201.

Our primary contact phone number is 555-8765 and our email address is zapatel@outlook.com. I can also be reached at my work phone, 555-2345, ext 1121.

Ethan's date of birth is February 12, 2002, and he has a Social Security number of 92-84-5678.

I understand that any medical information shared with the hospital will remain confidential. I grant permission for Springdale Hospital to disclose this information to our family members or authorized representatives as needed.

Ethan's current insurance provider is ""SpringHaven Health"" (Policy #SH12345) and he has a primary care physician, Dr. Emily Chen, at ""Greenview Medical Center"".

I hereby acknowledge that I have reviewed the hospital's policies and procedures regarding patient consent, confidentiality, and billing. I understand that any outstanding balances must be paid within 30 days or arrangements will be made for payment plans.

By signing below, I confirm that I have read, understood, and agreed to these terms.

Signature: _____________________________
Date: __________________________________

Zara Patel",Patient Administrative,RESTRICTED,generated,patient consent form with personal details
"Patient Consent Form

I, Zara P. Bottomley, hereby acknowledge that I have been informed of the terms and conditions of my proposed treatment by Dr. Emily J. Lee at Springdale Hospital.

Date of Birth: 12th February 1995
Address: 456 Oakwood Drive, Apt 3B, Lakewood, CO 80220
Phone: (303) 765-4321
Email: [zarabottomley@gmail.com](mailto:zarabottomley@gmail.com)

I understand that my treatment will involve administering medication via injection and/or orally. I also understand that these medications may have potential side effects such as dizziness, nausea, or sleep disturbances.

My insurance information is as follows:
Insurance Provider: SecureCare Health
Policy Number: SH-0001-0012
Bank Account Information (for copay payments): Wells Fargo Bank
Account Type: Personal Checking
Account Number: 0123456789
Routing Number: 021000211

I authorize Dr. Lee and her medical staff to provide the treatment mentioned above, including prescribing medications and ordering lab tests as deemed necessary by my healthcare provider. I also consent to sharing my medical information with authorized personnel for the purpose of my care.

By signing below, I confirm that I have been fully informed of the terms and conditions of my proposed treatment and that I hereby give my consent to proceed.

Signature: _____________________________
Date: 24th March 2023",Patient Administrative,RESTRICTED,generated,patient consent form with personal details
"Patient Consent Form

I, Zara P. Jenkins, hereby acknowledge that I have been informed of and understand the terms and conditions outlined in this consent form.

I am requesting medical treatment at Springdale Hospital for an acute injury sustained during a sports accident. The proposed treatment includes surgical intervention to repair damaged tendons and ligaments in my right knee.

I grant permission for Springdale Hospital to perform any necessary medical procedures, including but not limited to surgery, testing, and examination. I also consent to the use of imaging techniques such as X-rays and MRI scans to aid in diagnosis and treatment planning.

My emergency contact information is as follows: my son, Jaxon Lee, may be reached at 812-3456 or jaxson.lee@email.com. My next-of kin, Mrs. Kalliope Brown, can be contacted at 456-2198 or kalliope.brown@outlook.com.

I understand that I am responsible for any outstanding medical expenses related to my care. A payment plan has been set up with our billing department, where a monthly payment of $500 will be deducted from my checking account on the 15th of each month. My bank account information is as follows: ZPJENKINS1234@BankOfSpringfield.com, routing number 0210-4567.

By signing below, I acknowledge that I have read and understood this consent form and that I am providing informed consent for my medical treatment.

Signature: _____________________________

Date: __________________________________

Please note that this is completely fictional data and not intended to be used with real individuals or in a real medical setting.",Patient Administrative,RESTRICTED,generated,patient consent form with personal details
I cannot generate a synthetic patient consent form with personal details. Is there anything else I can help you with?,Patient Administrative,RESTRICTED,generated,patient consent form with personal details
I can't provide a patient consent form with personal details. Is there something else I can help you with?,Patient Administrative,RESTRICTED,generated,patient consent form with personal details
"Patient Consent Form

I, Zara Patel, hereby grant permission for my son, Kaitlyn Jenkins, to undergo treatment at Springdale Hospital for the condition of chronic bronchitis. I understand that this treatment may involve surgical procedures and medications.

Personal Details:

Name: Zara Patel
Address: 456 Elm Street, Apartment 3B, Oakdale, CO 80504
Phone: 987-654-3210
Email: [zapatel@outlook.com](mailto;zapatel@outlook.com)

Bank Information:
Account Type: Checking
Account Number: 9428312101001
Routing Number: 1234567890
Bank Name: First National Bank of Springdale

I acknowledge that I have discussed the risks and benefits of this treatment with Kaitlyn Jenkins, who has given his informed consent. I understand that it is my responsibility to inform him of any changes in his condition or treatment plan.

I grant permission for the hospital staff to contact me at any time regarding my son's treatment.

Signature: _____________________________
Date: February 22, 2023

Please note that this form is a legal binding document and should be kept on file.",Patient Administrative,RESTRICTED,generated,patient consent form with personal details
I cannot generate a fake patient consent form with personal details. Is there something else I can help you with?,Patient Administrative,RESTRICTED,generated,patient consent form with personal details
"Patient Consent Form

I, Bridgette M. Wilson, hereby acknowledge that I have read and understood the terms and conditions of my care as outlined by my attending physician, Dr. Sophia E. Patel.

Date of Birth: 02/12/1995
Address: 432 Maple Ridge Drive, Apt 3B
City, State, Zip: Oakdale, CA 95201
Phone: 714-876-2198
Email: [bbridgette.wilson@email.com](mailto:bbridgette.wilson@email.com)

I understand that any medical treatment, procedure, or medication prescribed by my physician is subject to these terms and conditions. I acknowledge that I have the right to refuse treatment at any time.

Financial Information:
Insurance Provider: XYZ Health Insurance
Policy Number: 1234567890
Premium Amount: $250.00/month

Bank Account Information for Payment:
Account Type: Checking
Account Number: 9876543210
Routing Number: 111000025
Bank Name: First National Bank of Oakdale",Patient Administrative,RESTRICTED,generated,patient consent form with personal details
"Patient Consent Form

I, Zara P. Thompson, hereby consent to undergo medical treatment at Silverbrook Hospital, located at 456 Oakwood Drive, Anytown, CA 12345.

My contact information is as follows:

Phone: 555-8765
Email: [zarapthompson@email.com](mailto:zarapthompson@email.com)

I understand that I am providing consent for my medical records to be shared with my attending physician and other authorized personnel. I also authorize Silverbrook Hospital to use and disclose my medical information as necessary for the purpose of treating me.

My financial information is as follows:

Insurance Provider: BlueSky Insurance
Policy Number: BS1234567
Primary Account Holder Name: Zara P. Thompson
Bank Information:
Account Type: Checking
Routing Number: 0123456789
Account Number: 9876543210

I understand that I am responsible for any outstanding balance or copays, and I authorize Silverbrook Hospital to send statements and notifications to the above address.

I hereby release and hold harmless Silverbrook Hospital, its staff, and its affiliated entities from any liability for medical expenses, personal injury, or death that may result from my treatment.

Signature: _____________________________
Date: _______________________________",Patient Administrative,RESTRICTED,generated,patient consent form with personal details
"Patient Consent Form

I, Zara P. Thompson, hereby grant permission to Dr. Jane E. Lee and her affiliated healthcare providers to provide medical treatment and services for myself, Zara P. Thompson.

My name is Zara P. Thompson, and my address is 214 Oak Drive, Apt 3B, Springfield, IL 62704. My phone number is 555-8542, and my email address is zarpthompson@email.com.

I understand that I am responsible for paying all expenses related to my care, except as otherwise specified in this agreement. My primary insurance provider is ""Springfield Health Partners"" with policy number SHP-1234. If covered by workers compensation, it will be paid through ""WorkPlace Injury Compensation"" with claim number WC-5678.

I consent to any necessary medical procedures, tests, and examinations. I also grant permission for my family members, including my spouse, Kevin Thompson, and child, Emily Thompson, to make medical decisions on my behalf in the event of my incapacitation.

By signing below, I acknowledge that I have received a copy of this consent form and understand its contents.

Signature: _____________________________
Date: _______________________________

Printed Name: Zara P. Thompson

Note: This document is for synthetic training purposes only and should not be used in any real-world application.",Patient Administrative,RESTRICTED,generated,patient consent form with personal details
"Patient Consent Form

I, Zara Patel, hereby grant permission for my son, Kaius Reed, to undergo surgical procedures at Springdale Hospital. I understand that as a parent, it is my legal right to authorize or refuse any medical treatment for my child.

My child, Kaius Reed, was admitted to the hospital on February 10, 2023, with a diagnosis of acute appendicitis. The proposed surgery will be performed by Dr. Liana Moreno and will involve an open incision technique.

I consent to the following:

* My child's medical records will be kept confidential and only shared with authorized personnel.
* All necessary tests and examinations will be conducted to ensure my child's optimal health.
* Any medications prescribed to my child will be administered according to the doctor's instructions.

Payment for services rendered will be made as follows:
Bank Account: 12345-6789-0123-4567 (HSBC), Route 91, Sector 4
Routing Number: 011-234-5678

If you have any questions or concerns regarding my child's treatment, please do not hesitate to contact me at 555-9876 or zara.patel@springdalehospital.com.

Signature: ______________________ Date: March 12, 2023",Patient Administrative,RESTRICTED,generated,patient consent form with personal details
"Here is a fictional patient consent form with complete synthetic data:

I, Zara Patel, hereby acknowledge that I have read and understood the terms and conditions of my treatment at Springdale Hospital. I understand that I am undergoing surgery to repair a herniated disc in my lower back.

My contact information is as follows: my phone number is 876-5432, my email address is zpatel123@gmail.com, and my mailing address is 456 Elm Street, Apartment 3B, Springdale, CO 81234.

I authorize Springdale Hospital to share my medical records with my family members or authorized representatives if I am unable to communicate for myself. I also authorize the hospital to use my personal identifiable information (PII) for marketing and fundraising purposes.

My financial information is as follows: I have a checking account at Bank of America, with account number 0012345678, held in my name at 789 Oak Street, Springdale, CO 81234. My credit card information is as follows: Visa, card number 9876543210, expiration date 02/2027, security code 123.

I understand that if I am unable to pay for my care, the hospital may require payment from a co-pay or other arrangement, and I hereby authorize the hospital to deduct such amounts from any funds held in my name.",Patient Administrative,RESTRICTED,generated,patient consent form with personal details
"This is a sample patient consent form with personal details.

Patient Consent Form

I, Zara Patel, hereby grant permission for my son, Ethan Patel, to undergo treatment at Springdale Hospital. I understand that this treatment may involve medical procedures, tests, and medications, and I authorize the hospital staff to perform these services.

My contact information is as follows:

Address: 456 Oak Drive, Apt 3B
City, State, Zip: Greenfield, MA 01016
Phone: 508-123-4567
Email: [zpatel@gmail.com](mailto;zpatel@gmail.com)

I have been informed of the risks and benefits associated with this treatment. I understand that while there is a risk of complications, the potential benefits outweigh these risks.

My son's medical history is as follows:

* Date of birth: February 12, 2005
* Current health status: Healthy
* Allergies: None

I have been informed of the costs associated with this treatment. I authorize Springdale Hospital to bill my insurance provider for any out-of-pocket expenses.

Bank account information:
Account Type: Checking
Account Number: 9876543210
Routing Number: 0223456789
Name on account: Zara Patel",Patient Administrative,RESTRICTED,generated,patient consent form with personal details
"Patient Consent Form

I, Zara P. Jenkins, hereby acknowledge that I have been informed of and understand the purposes, risks, and benefits associated with my upcoming surgery at Springdale Hospital.

My personal information is as follows:

- Full Name: Zara P. Jenkins
- Address: 456 Elmwood Drive, Apt 3B, Springfield, IL 62704
- Phone Number: (309) 765-4321
- Email: [zarapjenkins92@gmail.com](mailto:zarapjenkins92@gmail.com)

I understand that my insurance plan is BlueCross BlueShield of Illinois and my policy number is B0000012345. My primary care physician is Dr. Emily E. Thompson, MD.

The procedure to be performed is a laparoscopic cholecystectomy for gallstones. The estimated duration of the surgery is 1 hour and 15 minutes. I understand that there are risks associated with this procedure, including infection, bleeding, and complications related to anesthesia.

I hereby grant permission for my authorized representative, my spouse David A. Jenkins, to make medical decisions on my behalf in case I am unable to communicate.

By signing below, I acknowledge that I have read, understood, and agreed to the terms of my consent form.

Signature: ______________________________________
Date: ___________________________________________

Please note that this document is for synthetic training data purposes only and should not be used in any real-world application.",Patient Administrative,RESTRICTED,generated,patient consent form with personal details
"Here is a fictional patient consent form with personal details:

Zara Patel
123 Oakwood Drive
Apt 456, Denver, CO 80210
(303) 876-2198 | zapatil92@gmail.com

I, Zara Patel, hereby acknowledge that I have read and understood the terms of my medical treatment at Springdale Hospital. I understand that my treatment may involve certain risks and complications, including but not limited to allergic reactions, surgical complications, and medication side effects.

I authorize Springdale Hospital to perform any necessary medical procedures, including surgery, testing, and treatment, and to disclose any relevant information about my condition and treatment to my authorized representatives. I also grant permission for the hospital to use and disclose any protected health information (PHI) related to my care.

I understand that I have the right to revoke this consent at any time, in writing, and that revocation will take effect immediately. I acknowledge that I am competent to make decisions on my own behalf and release Springdale Hospital from any liability for any consequences of my treatment or failure to follow instructions provided by the hospital's staff.

I have signed this consent form voluntarily and with full understanding of its terms. Signature: _____________________________ Date: 02/15/2023

Bank Account Details:
Account Holder: Zara Patel
Routing Number: 1210007890
Account Number: 0012345678
Bank Name: First Horizon Bank",Patient Administrative,RESTRICTED,generated,patient consent form with personal details
"This patient consent form is for fictional individual, Reginald Thornton-Furst.

Reginald Thornton-Furst hereby gives his full and unconditional consent for all medical treatment, procedures, and surgery to be performed on him by the medical professionals at Oakwood Hospital. He acknowledges that he has been advised of the risks and benefits associated with such treatment and has signed this consent form voluntarily.

Personal details:
Name: Reginald Thornton-Furst
Address: 421 Walnut Avenue, Apt 3B, Ravenswood, CO 81235
Phone: (555) 234-0123
Email: [regThorntonFurst@gmail.com](mailto:regThorntonFurst@gmail.com)

Emergency contact details:
Name: Aunt Mildred Pembly
Address: 819 Maple Street, Springfield, IL 62704
Phone: (555) 456-7890

Reginald acknowledges that he is competent to make this decision and has not been coerced or influenced in any way. He understands that this consent form is valid for a period of one year from the date it was signed.

Payment terms:
Reginald Thornton-Furst authorizes Oakwood Hospital to bill his insurance provider, ""HealthPlan Inc."", with the following information:

- Policy Number: THP123456
- Insurance Provider: BlueCross BlueShield
- Account Name: Reginald Thornton-Furst
- Bank Account Information: Bank of America 3456-7890-1234-5678

By signing below, Reginald Thornton-Furst confirms that he has read, understood, and agreed to the terms and conditions outlined in this consent form. Signature: ______________________________ Date: February 10, 2023",Patient Administrative,RESTRICTED,generated,patient consent form with personal details
"Patient Consent Form

I, Bridget Wilson, hereby grant consent for my son, Ethan Wilson, to undergo medical treatment at Springdale Hospital. We reside at 456 Elm Street, Apartment 3B, Springdale, CO 81234.

Please find below my contact information:

Phone: 720-876-6543
Email: [bwilson123@gmail.com](mailto:bwilson123@gmail.com)

I hereby authorize Springdale Hospital to provide medical care and services to Ethan Wilson, including but not limited to X-rays, blood tests, and surgical procedures.

Bank Account Information (for reimbursement):

Account Name: Bridget & Ethan Wilson
Account Number: 9876543210
Bank: Peculiar Bank & Trust
Routing Number: 123456789

I understand that my son, Ethan Wilson, is hereby declared a minor and I grant full authority to the hospital staff to make decisions regarding his medical treatment. I further understand that any costs incurred will be paid through our above-mentioned bank account.

I have read and understood the information provided by Springdale Hospital and its representatives. By signing below, I confirm that I have given informed consent for my son, Ethan Wilson, to receive medical treatment at Springdale Hospital.

Signature: ______________________________ Date: 02/15/2023",Patient Administrative,RESTRICTED,generated,patient consent form with personal details
"**Hospital Invoice and Payment Record**

**Patient Information:**
John Smith (Patient ID: JSMITH123)
123 Main Street, Apt 456
Anytown, CA 01234
(555) 0100 | john.smith@email.com

**Encounter Details:**
Date of Service: 2022-01-10
Service Type: Consultation and Treatment
Duration of Stay: 1 day

**Charges:**

* Primary Care Physician Fee: $150.00
* Laboratory Tests: $75.00
* Medications: $50.00
* Total Charges: $275.00

**Insurance Information:**
Policy Number: HSPOL123
Insurer Name: Anytown Insurance Company
Policy Holder: Jane Doe (Mother of John Smith)
Address: 456 Elm Street, Apt 789
Anytown, CA 01234
(555) 0200 | jane.doe@email.com

**Payment Details:**
Payment Method: Credit Card (Visa)
Credit Card Number: 4532-8765-0348-7532
Expiration Date: 02/2027
CVV Code: 123

**Payment Status:** Partial Payment Received
Amount Paid: $150.00
Balance Due: $125.00",Patient Administrative,RESTRICTED,generated,hospital invoice and payment record
"Invoice and Payment Record

Date: 2023-02-10

Patient Name: Emily Wilson
Address: 456 Oak Drive, Apt 101
City: Springville
State: NV
Zip Code: 89101
Phone Number: 702-345-6789
Email: emilywilson@email.com

Bill To: MedTech Inc.
Address: 789 Medical Center Blvd
City: Las Vegas
State: NV
Zip Code: 89118
Phone Number: 555-0123
Email: orders@medtechinc.com

Payment Details:

Invoice Number: INV123456
Patient Account Number: AW12345
Bill Amount: $1,234.56
Payment Method: Credit Card (Visa)
Card Type: Visa Signature
Card Number: 1234-5678-9012-3456
Expiration Date: 02/2027
CVV: 876

Payment Status: Paid in Full
Date Paid: 2023-02-10

Refund Information: None

Payment History:
- 2022-01-15: Payment Received ($1,000.00)
- 2022-06-20: Partial Payment Received ($234.56)

Total Balance Due: $0.00",Patient Administrative,RESTRICTED,generated,hospital invoice and payment record
"Invoice and Payment Record

Bill To:
Ms. Emily Chen
456 Elm Street
Apartment 312
Anytown, CA 12345
Phone: 555-8765
Email: [emilychen@email.com](mailto:emilychen@email.com)

Date: February 22, 2023

Patient Information:
Mr. David Lee
123 Main Street
Anytown, CA 12345
Phone: 555-0100
Email: [davidlee@email.com](mailto:davidlee@email.com)
Medical Record Number: BL-001234

Service Details:
- Room Rental (per night): $200.00
- Medical Procedures: $150.00
- Medication: $50.00
Total Charge: $400.00

Payment Method:
PayPal Transaction #1234567890
Bank Account: Bank of America, 0011111222, John Doe

Payment Status:
Paid in Full

Refund Information (if applicable):
No Refunds

Due Date for Next Invoice: March 22, 2023",Patient Administrative,RESTRICTED,generated,hospital invoice and payment record
"Invoice and Payment Record for Services Rendered at Oakwood Hospital

Patient Name: Emily Wilson
Address: 456 Elm Street, Apt 3B, Springfield, IL 62704
Phone: 618-765-2198
Email: [ewilson@email.com](mailto:ewilson@email.com)

Account Number: OH-1234567890
Invoice Date: February 22, 2022

Total Charges: $12,500.00
Patient Responsibility: $4,000.00
Insurance Coverage: $6,250.00 (Primary) and $1,250.00 (Secondary)
Payment Method: Credit Card (Visa)

Billing Information:
Name: John Lee
Bank Name: First Oak Bank
Account Number: 0098765432
Routing Number: 111000025
Bank Address: 789 Oak Street, Springfield, IL 62701

Payment Details:
Payment Date: March 15, 2022
Payment Method: Credit Card (Visa)
Amount Paid: $4,500.00
Balance Due: $1,500.00

Insurance Information:
Policy Number: OH-1234567890-P
Insurance Company: Oakwood Insurance
Coverage Dates: January 1, 2022 - December 31, 2022",Patient Administrative,RESTRICTED,generated,hospital invoice and payment record
"John Smith (123 Main Street, Anytown, USA 12345)
Phone: 555-0100 | Email: [jsmith@example.com](mailto:jsmith@example.com)

Payment Record and Invoice No. PR001234
Date: 2022-02-15
Invoice Date: 2022-01-20

Patient Name: Jane Doe
Patient ID: J123456
Services Rendered:
- Office Visit ($100.00)
- Vaccination ($50.00)
- X-Ray ($200.00)

Total Due: $350.00
Payment Method: Credit Card (Visa)

Credit Card Details:
Card Number: 4532-1123-9012-3456
Expiration Date: 02/2025
CVV Code: 854

Payment Status: Partially Paid
Amount Paid: $250.00

Payment Date: 2022-03-01
Payment Method: Check (Bank Deposit)

Bank Details:
Bank Name: First National Bank
Account Number: 1234567890
Routing Number: 0123456789
Check Number: PR001234",Patient Administrative,RESTRICTED,generated,hospital invoice and payment record
"John Smith (Patient ID: S123456)
123 Main Street, Apt 101
Anytown, CA 01234
(555) 0100 ext. 2345
john.smith@email.com

Invoice Date: March 10, 2023
Invoice Number: INV001
Billing Information:
Bank Name: NewStart Bank
Routing Number: 123456789
Account Number: NBS1234567
Payee Address: 987 Oak Street
Anytown, CA 01234

Payment Details:
- Service Type: Office Visit
- Date of Service: February 20, 2023
- Charges: $250.00
- Payment Method: Credit Card (Visa)
- Payment Amount: $200.00
- Balance: $50.00

Notes: Please note that payment for services rendered was received on March 5, 2023.

Patient Information:
The patient was treated for minor sprain and advised to follow up with a follow-up appointment in six weeks.

Insurance Details:
- Insurance Provider: SecureCare
- Policy Number: SC001234
- Deductible Balance: $0.00",Patient Administrative,RESTRICTED,generated,hospital invoice and payment record
"Invoice and Payment Record

Patient Name: Emily Chen
Address: 456 Elm Street, Apt 3B, Springfield, IL 62701
Phone: 309-876-5432
Email: [emilychen123@gmail.com](mailto:emilychen123@gmail.com)

Date of Service: February 10, 2023
Service Type: Routine Check-up and Vaccination

Charges:
- Office Visit: $75.00
- Vaccination: $30.00
- Administrative Fees: $15.00
Total Charges: $120.00

Payment Method: Check
Payment Date: March 2, 2023
Payment Amount: $110.00
Balance: $10.00

Insurance Information:
- Insurance Provider: Springfield Health Insurance Plan (SHIP)
- Policy Number: SHIP123456
- Deductible: $500.00

Bank Details for Payment:
Account Type: Checking
Account Number: 9876543210
Routing Number: 011789
Bank Name: First National Bank of Springfield

Payment Confirmation:

We have received payment in full from the patient's account. The balance has been updated accordingly.

Staff Signature: Dr. Lisa Nguyen
Date: March 10, 2023",Patient Administrative,RESTRICTED,generated,hospital invoice and payment record
"**Hospital Invoice and Payment Record**

**Patient Information:**
John P. Bottoms
123 Oakdale Drive
Anytown, CA 01234
(555) 123-4567 | john.bottoms@email.com

**Service Details:**
Date of Service: 2022-07-12
Service Type: Emergency Room Visit
Procedure Code: 12345
Total Charge: $10,500.00

**Payment Information:**
Patient Payment: $5,000.00 (50% of total charge)
Insurance Payment: $3,250.00 (31% of total charge)
Hospital Credit Balance: $2,250.00 (22% of total charge)

**Banking Information:**
Account Name: John P. Bottoms
Account Type: Checking
Account Number: 9876-5432-1098-3210
Routing Number: 0123456789
Check Payable To: Anytown Hospital

**Payment Method:**
Cash, Check, and Credit Card accepted.

**Payment Status:**
Payment received: 2022-07-15
Payment posted to account: 2022-07-17",Patient Administrative,RESTRICTED,generated,hospital invoice and payment record
"Invoice and Payment Record

Patient Name: Emily Chen
Address: 456 Oakdale Drive
City: Springfield
State: IL
Zip: 62704
Phone: 555-2345
Email: [emilychen@email.com](mailto:emilychen@email.com)

Date of Service: February 10, 2023
Service Type: Consultation and Examination
Procedure Code: 12345

Charges:
- Office Visit Charge: $150.00
- Radiology Fee: $250.00
- Laboratory Test: $120.00
Total Charges: $520.00

Payment Method: Check
Payee Name: Springfield Medical Center
Bank Account Number: 0123456789
Bank Routing Number: 123456789
Date Paid: March 15, 2023

Balance: $0.00

Insurance Coverage: 80% of total charges covered by BlueCross BlueShield
Patient Responsibility: $104.00

Payment Status: Paid in Full

Note: Please verify payment details with our office before processing.

This synthetic document includes fictional patient information, medical services rendered, and payment details to mimic the structure and format of a real hospital invoice and payment record.",Patient Administrative,RESTRICTED,generated,hospital invoice and payment record
"Invoice and Payment Record - Hospital Account 001

Date: March 12, 2023

Patient Name: Emily Wilson
Address: 456 Elm Street, Apt 101, Springfield, IL 62704
Phone: 555-2211
Email: [ewilson@email.com](mailto:ewilson@email.com)

Account Number: HOSP001
Invoice Date: March 12, 2023

Total Charges: $125.00
Services:

* Office Visit: $50.00
* Medication Prescription: $25.00
* Lab Test: $20.00
* Consultation Fee: $30.00

Payment Method: Check (Cashier's Check)
Payment Date: March 15, 2023
Bank Deposit: Bank of Springfield - Account #SB1234567

Patient Balance: $0.00

Payment Status: Paid in Full

Billing Contact: David Lee
Address: 789 Oak Street, Apt 201, Springfield, IL 62704
Phone: 555-9876
Email: [dlee@email.com](mailto:dlee@email.com)

Please note that any outstanding balances will accrue interest at the rate of 2% per month. Payments can be made by check or online transfer to the above account number.

This invoice is for informational purposes only and should not be considered a real bill.",Patient Administrative,RESTRICTED,generated,hospital invoice and payment record
"Payment Record and Invoice #HR001234

Mrs. Emily J. Wilson
123 Maple Ridge Drive
Anytown, CA 12345
(555) 654-3210 | emily.j.wilson@email.com

Date: February 22, 2023

To Whom It May Concern,

This letter serves as confirmation of payment made by Mrs. Emily J. Wilson for the medical services rendered at our hospital on January 10, 2023.

Invoice Details:

- Service Type: Elective Spinal Surgery
- Date of Procedure: January 10, 2023
- Total Charges: $15,000.00

Payment Method: Bank Transfer - Direct Deposit to:
The First National Bank of Oakdale
Account Number: 0123-4567-8901
Routing Number: 011-234-5678

Payment Amount: $13,500.00 (85% of total charges)

Balance: $1,500.00

Please note that this payment is for the services rendered on January 10, 2023, and does not include any follow-up appointments or future services.

If you have any questions regarding this payment, please do not hesitate to contact our billing department at (555) 654-3210 or via email at emily.j.wilson@email.com.

Sincerely,
Mrs. Emily J. Wilson

Verification Code: HOSP-001234",Patient Administrative,RESTRICTED,generated,hospital invoice and payment record
"John Smith
123 Main Street
Anytown, USA 12345
(555) 0100 ext. 1234
john.smith@email.com

Invoice Number: HS-001234
Date: February 22, 2023
Bill To: 
Ms. Emily Chen
456 Elm Street
Othertown, USA 67890
(555) 0200
emily.chen@email.com

Services Provided:
- 2 doctor visits ($100 each = $200)
- 1 prescription refill ($20)
Total Charges: $220

Payment Method: Check + Bank Transfer
Check Number: CHK-001234
Bank Name: First National Bank of USA
Routing Number: 011237
Account Number: 0001234567

Payment Status: Partially Paid (Deposit: $150, Balance: $70)

Patient's Insurance Details:
- Insurance Provider: Aetna Health
- Policy Number: AH123456
- Deductible Amount: $500

Payment Date: March 10, 2023
Paid By: John Smith",Patient Administrative,RESTRICTED,generated,hospital invoice and payment record
"Invoice #HI-001 for Services Rendered on 02/10/2023

Billing Information:
Name: Emily Wilson
Address: 456 Elm Street, Apt 101
City: Springdale
State: NY
Zip: 13221
Phone: 555-8765
Email: [ewilson@example.com](mailto:ewilson@example.com)

Patient Information:
Name: John Smith
Date of Birth: 02/12/1999
Social Security Number: 923-54-1234

Services Rendered:

* Office Visit: $100.00
* X-Ray: $75.00
* Lab Test: $50.00
Total Charges: $225.00

Payment Information:
Method: Check
Bank: First National Bank of America
Account Number: 1234567890
Routing Number: 111000025
Check Date: 03/15/2023

Payment Status: Paid in Full

Follow-up Instructions:
Please note that all outstanding balances have been paid. No further action is required.

Authorized Signature:
Jane Doe, Staff Physician",Patient Administrative,RESTRICTED,generated,hospital invoice and payment record
"John Smith
123 Main Street
Anytown, CA 12345
(555) 0100 | jsmith@email.com

Payment Record and Invoice No. PR001234
Date: March 10, 2022
Billing Information:
Hospital Name: Sunnyville General Hospital
Address: 456 Oak Avenue, Anytown, CA 12345
Phone: (555) 0200
Email: billing@sunnyvillehospital.org

Patient Information:
Name: Emily J. Wilson
Date of Birth: February 12, 1995
Admission Number: A001234

Services Rendered:
- Inpatient stay for observation and treatment
- Follow-up appointment with specialist
Total Charges: $12,500.00

Payment Method: Check via Bank Transfer
Bank Details:
Account Holder: John Smith
Bank Name: Pacific Coast Bank
Account Number: 1234567890
Routing Number: 1123456789

Payment Status: Partial Payment Received - Balance due: $10,000.00

Please make check payable to Sunnyville General Hospital and send to the above address. If you have already made payment, please disregard this notice.

Enclosed is a copy of your receipt for your records.

Sincerely,
Jane Doe
Accounts Receivable Department",Patient Administrative,RESTRICTED,generated,hospital invoice and payment record
"Invoice and Payment Record - John P. Brown

Account Number: JPB001
Patient Name: John P. Brown
Address: 123 Main Street, Apt 456
City, State ZIP: Anytown, CA 01234
Phone: 555-0100
Email: [jbrown@email.com](mailto:jbrown@email.com)

Date of Service: February 22, 2022
Service Type: Routine Check-up and Vaccination

Charges:
- Office Visit Fee: $75.00
- Vaccination Fee: $50.00
- Lab Tests: $20.00
Total Charge: $145.00

Payment Method: Credit Card (Visa)
Credit Card Number: 4532-1111-8765-1234
Expiration Date: 02/2026
Security Code: 123

Payment Amount Paid: $140.00
Balance Due: $5.00

Payment Date: March 15, 2022

Insurance Information:
- Insurance Provider: Anytown Medical Plan
- Policy Number: AMP12345
- Coverage Percentage: 80%

Follow-up Appointment Scheduled for: April 10, 2022",Patient Administrative,RESTRICTED,generated,hospital invoice and payment record
"Invoice #HI-00123
Date: 2022-09-15
Billing Information:
John W. Pritchard, M.D.
123 Elmwood Drive
Apt 101
Springfield, IL 62704
(555) 876-5432
jpwpritchard@mtp.edu

Payment History:

Patient Name             Date       Payment Method      Amount Paid
----------------------------    --------    ----------------    ---------------
Emily J. Brown         2022-09-01      Credit Card     $1,500.00
Jane D. Lee              2022-08-15   Check/Misc        $800.00

Balance Due:           $4,320.00

Payment Terms:
Patient is responsible for all outstanding balance if not paid in full within 30 days.

Payment Methods Accepted:
- American Express
- Bank of America
- Capital One
- Visa
- Mastercard

Payment Options:

Online Payment: visit our website at mtp.edu/payments
Phone Payment: (555) 876-5432
Mail Check/Payment to: MTP Hospital, Attn: Accounts Receivable,
123 Elmwood Drive, Apt 101, Springfield, IL 62704",Patient Administrative,RESTRICTED,generated,hospital invoice and payment record
"John Smith
123 Main Street
Anytown, USA 12345
(555) 0100 | john.smith@email.com

Patient Name: Jane Doe
Patient ID: 123456
Services Provided:
- Routine Checkup ($50.00)
- Vaccination ($30.00)
Total Charges: $80.00

Payment Method: Bank Transfer
Bank Account Number: 9876543210
Bank Routing Number: 123456789
Date of Payment: 02/15/2023
Amount Paid: $80.00

Balance Due: $0.00

Insurance Information:
- Policy Number: 1111111111
- Insurance Company: Anytown Health

Prescription Information:
- Medication: Antibiotic A
- Dosage: 2 pills per day
- Refills: 10

Next Visit Date: Not Scheduled

Payment Status: Paid in Full

Note: This document is a simulated invoice and payment record for fictional patients and services. It is not intended to be used for actual billing or payment purposes.",Patient Administrative,RESTRICTED,generated,hospital invoice and payment record
"John Smith (Patient ID: JS1234)
123 Main Street, Apartment 456
Anytown, CA 12345
(555) 0100 | john.smith@email.com

Invoice Number: INV-001
Date: 2022-09-01
Bill To: John Smith
Address: 123 Main Street, Apartment 456
Anytown, CA 12345

Services:
- Office Visit: $100.00
- X-Ray: $200.00
- Lab Tests: $150.00
Total Charges: $450.00

Payment Method: Check
Bank Name: SecureBank of America
Account Number: 1234567890
Routing Number: 111000025
Check Date: 2022-09-15

Payment Amount: $400.00 (Payor's Percentage)
Payment Status: Paid

Refund Information:
- No Refunds due to full payment.

Insurance Details:
- Insurance Provider: SecureCare
- Policy Number: SC123456
- Coverage: 80%",Patient Administrative,RESTRICTED,generated,hospital invoice and payment record
"Invoice and Payment Record for Medical Services Provided

Date of Service: 2022-04-15
Patient Name: Emily Chen
Address: 456 Elm Street, Apt 103, Springfield, IL 62701
Phone Number: 555-8765
Email: emilychen@email.com

Bill To: 
Name: John Lee
Address: 234 Oak Street, Apt 505, Chicago, IL 60614
Phone Number: 555-6543
Email: johnlee@email.com

Payment Method: Visa Credit Card
Card Type: Mastercard
Account Number: 4532-1123-9017-8765
Expiry Date: 02/2026
CVV: 842

Total Charges: $1200.00

Patient Insurance Coverage: 80% (IL Medicaid)

Payment Amount Due: $240.00
Balance: $960.00

Payment Method Applied: Bank Transfer from Checking Account at Union Bank of America (0011000000111111)
Date Paid: 2022-05-01

Any Further Payments Due to be made via payment link provided below.

If you have any questions regarding this invoice, please don't hesitate to contact our billing department.",Patient Administrative,RESTRICTED,generated,hospital invoice and payment record
"Invoice and Payment Record

Date of Service: 2022-04-15
Patient Name: Emily Wilson
Address: 145 Oakwood Drive, Anytown, CA 12345
Phone Number: 555-8765
Email: ewilson@example.com

Charges:

* Room Rental (1 night): $150.00
* Doctor Visit Fee: $200.00
* Medication Co-pay: $50.00
* Total Charges: $400.00

Payment Details:

* Payment Method: Check
* Payment Amount: $350.00
* Check Number: 2345
* Bank Name: First National Bank of Anytown
* Bank Routing Number: 012345678
* Bank Account Number: 987654321

Payment Status: Paid in Full

Discharge Summary:

Patient was discharged from room 304 at 10:00 AM on 2022-04-16. Patient was given a prescription for medication to be picked up at the pharmacy.

This is a sample invoice and payment record for synthetic training data purposes only.",Patient Administrative,RESTRICTED,generated,hospital invoice and payment record
"invoice #004812

Patient Name: Emily Wilson
Address: 456 Oak Drive, Apt 3B, Springfield, IL 62701
Phone: 217-345-0198
Email: [emilywilson92@gmail.com](mailto:emilywilson92@gmail.com)

Date of Service: February 10, 2022
Service Type: Routine Check-up

Charges:

* Primary Care Physician Visit: $150.00
* Administrative Fee: $20.00
* Lab Tests: $75.00
* Vaccination: $30.00

Total Charges: $235.00

Insurance Information:
Provider: Springfield Health Plan
Policy Number: SPR-123456
Coverage Amount: $150.00

Payment Method: Check
Bank Account: Wells Fargo Bank
Account Number: 1234567890
Routing Number: 121000268
Date Paid: March 2, 2022
Check Amount: $235.00

Note: A $20.00 late fee will be applied to the account if payment is not received within 30 days.

Patient Responsibility: $85.00",Patient Administrative,RESTRICTED,generated,hospital invoice and payment record
"John Smith 123 Main Street Anytown, USA 12345 (555) 0100-01 john.smith@fakeemail.com
February 10, 2023

Invoice #HS123456 for services rendered at Springdale Hospital

Patient Name: Emily Chen
Date of Birth: 02/12/1995
Insurance Provider: Springdale HealthPlan
Insurance Policy Number: SPHP-001234

Service Details:
- Emergency Room Visit: $1,500.00
- Surgery: $2,000.00
- Medication: $500.00
Subtotal: $4,000.00
Tax (8%): $320.00
Total: $4,320.00

Payment Method: Check + Bank Transfer
Check Number: 12345
Bank Account Details:
Account Name: Springdale Hospital
Account Type: Checking
Account Number: 0123456789
Routing Number: 111111111
Bank Name: First National Bank of Anytown

Payment Status: Paid in Full

This document was generated electronically and is valid for 12 months from the date of issue.",Patient Administrative,RESTRICTED,generated,hospital invoice and payment record
"Invoice and Payment Record

Invoice Number: HTRN001234
Patient Name: Emily Wilson
Address: 456 Elm Street, Apt 3B, Springfield, IL 62704
Phone: 555-0198
Email: [ewilson95@gmail.com](mailto:ewilson95@gmail.com)

Date of Service: February 22, 2023
Service Type: Routine Check-Up

Charges:

* Primary Care Physician Visit: $150.00
* Office Co-Pay: $20.00
* Total Charges: $170.00

Payment Method: Check
Payor Name: Emily Wilson
Payor Address: 456 Elm Street, Apt 3B, Springfield, IL 62704
Bank Account Number: 1234567890
Bank Institution: First National Bank of Springfield
Routing Number: 111000025
Check Date: March 1, 2023

Payment Status: Paid in Full

Note: A credit of $50.00 has been applied to account for previous balances.

Billing Information:

* Hospital Name: Oakdale Regional Medical Center
* Billing Address: 789 Oak Street, Springfield, IL 62702
Phone: 555-0100
Email: [billing@oakdaleregional.org](mailto:billing@oakdaleregional.org)

Please note that this is a simulated document and should not be used for actual billing or payment purposes.",Patient Administrative,RESTRICTED,generated,hospital invoice and payment record
"Invoice #HI001234 for Services Rendered at Oakwood Hospital on 02/15/2022

Patient Name: Emily Wilson
Address: 456 Elm Street, Apartment 3B, Anytown, CA 12345
Phone: 555-5678
Email: ewilson@email.com

Bill To: John Doe
Address: 789 Oak Street, Suite 101, Anytown, CA 12345
Phone: 555-9010
Email: jdoe@email.com

Services Rendered:
- Consultation with Dr. Jane Smith ($200.00)
- X-Ray Exam ($150.00)
- Follow-up Appointment with Nurse Jane Johnson ($100.00)

Subtotal: $450.00
Tax (8%): $36.00
Total Due: $486.00

Payment Method: Bank Transfer via Wells Fargo Bank (Account #1234567890)

Bank Account Information:
Wells Fargo Bank
123 Main Street, Anytown, CA 12345
 routing number: 121000012
account type: Checking",Patient Administrative,RESTRICTED,generated,hospital invoice and payment record
"John Smith 123 Main Street Anytown, USA 12345 (555) 0100-01 [john.smith@example.com](mailto:john.smith@example.com)

Invoice #HSP001 for services rendered on February 10, 2023:

Patient Name: Jane Doe
Patient Date of Birth: 02/12/1995
Room Number: 304

Services Provided:
- Initial Consultation: $100.00
- X-Ray Procedure: $200.00
- Prescription Medication: $50.00

Total Charges: $350.00

Payment Details:

* Payment Method: Check
* Payment Date: March 15, 2023
* Bank Institution: First National Bank of Anytown
* Account Number: 1234567890
* Routing Number: 012345678

Payment Amount: $300.00 (85% of total charges)

Balance Due: $50.00

Notes: Patient was able to pay in full at the time of service.

Payment Confirmation:

This document serves as proof of payment and is valid for tax purposes.",Patient Administrative,RESTRICTED,generated,hospital invoice and payment record
"John Smith (Patient ID: 12345)
123 Main Street, Apt 456
Anytown, CA 12345
(555) 0100 | jsmith@email.com

Invoice for Services Rendered:
Date of Service: 2022-04-15
Service Type: Emergency Room Visit
Total Charges: $12,500.00

Payment Details:
Payment Method: Credit Card (Visa)
Card Number: 4532-0111-8765-3210
Expiration Date: 02/2030
CVV: 854

Payment Status: Partially Paid ($8,000.00)
Balance Due: $4,500.00

Patient's Personal Details:
Date of Birth: 1990-02-12
Social Security Number: 123-45-6789
Insurance Provider: Anytown Health Insurance Co.

Additional Charges:
$1,000.00 Lab Fees
$500.00 Medication Costs

Total Amount Due: $13,000.00",Patient Administrative,RESTRICTED,generated,hospital invoice and payment record
"Invoice and Payment Record for Medical Services

Billing Information:

Name: Emily Johnson
Address: 456 Elm Street, Apt 3B, Springfield, IL 62704
Phone: 555-8765
Email: [ejohnson123@gmail.com](mailto:ejohnson123@gmail.com)

Account Information:
Patient ID: EJ001234
Account Number: FHG321098

Services Provided:

* Office Visit with Doctor Smith ($75.00)
* Prescription Medication (10 days) ($20.50)
* Lab Tests and Results ($30.00)

Subtotal: $125.50
Tax (8%): $10.04
Total: $135.54

Payment Method:
Bank Transfer to Bank of America, 123 Main St, Anytown, CA 12345
Account Number: 0123456789
Routing Number: 111000025

Payment Date: March 15, 2023
Paid Amount: $130.00 (includes $4.46 tax)

Balance: $5.54

Note: A $25 late fee will be applied if payment is not received within the next 10 days.

Please contact our office at 555-8765 or [ejohnson123@gmail.com](mailto:ejohnson123@gmail.com) for any questions regarding your invoice.",Patient Administrative,RESTRICTED,generated,hospital invoice and payment record
"John Smith (SSN: 123-45-6789)
123 Main Street, Apt 456
Anytown, CA 12345
(555) 0100 | john.smith@email.com

Invoice for Services Rendered:
Date of Service: 2022-01-01
Patient Name: Jane Doe (SSN: 901-23-4567)
Services Provided:

* Office Visit: $150.00
* X-Ray: $250.00
* Prescription: $50.00
Total Charges: $450.00

Payment Information:
Method: Check
Payee: Anytown Medical Center
Bank Routing #: 123456789
Bank Account #: ABCDEFGH1234
Check Date: 2022-01-15
Amount Paid: $400.00

Balance Due: $50.00

Jane Doe's insurance coverage has been verified, and the remaining balance will be waived.
Please note that a copy of this invoice should be retained for your records.

Signature: Dr. Jane Smith, MD",Patient Administrative,RESTRICTED,generated,hospital invoice and payment record
"John Smith
123 Main Street, Apt 456
Anytown, CA 01234
(555) 0100 ext. 2345
john.smith@email.com

Invoice #HSI001
Date: February 10, 2022

Dear Mr. Smith,

Re: Payment for Services Rendered at Sunnyville General Hospital

We are pleased to submit this invoice for the medical services provided to you on January 15, 2022. The total amount due is $5,219.50, inclusive of all applicable taxes.

A copy of your bill summary is attached for your reference. Please find below a breakdown of the charges:

* Office visit: $800.00
* X-ray examination: $150.00
* Blood work: $120.00
* Medication: $1,269.50

Payment is due within 30 days of receipt of this invoice. We accept check, credit card (Visa), or electronic funds transfer (EFT) via our online portal.

Bank Transfer Details:

* Bank Name: First National Bank of Anytown
* Routing Number: 012345678
* Account Number: 987654321

Please make checks payable to Sunnyville General Hospital and send them to the address below.

Sunnyville General Hospital
P.O. Box 1234
Anytown, CA 01234",Patient Administrative,RESTRICTED,generated,hospital invoice and payment record
"Invoice #HI-001234 and Payment Record for Services Rendered at Springdale Hospital

Date of Service: 2022-04-15
Patient Name: Emily Wilson
Address: 456 Oakwood Drive, Apt 3B
City, State Zip: Springfield, IL 62704
Phone Number: 555-567-8900
Email: ewilson@SpringfieldMed@gmail.com

The patient was treated for a minor illness and received medication, which resulted in a total bill of $1,234.56.

Payment Details:
- Payment Method: Credit Card (Visa)
- Account Number: 9876-5432-1098-7654
- Bank Name: First National Bank of Springfield
- Routing Number: 011876
- Check Date: 2023-02-20

Patient's Insurance Information:
- Policy Number: SPRDHL123456
- Insurance Company: Springfield Hospital Network

Payment Amount: $1,234.56 (paid in full)
Balance: $0.00

Note: A copy of the invoice and payment receipt has been sent to the patient via email for their records.

Please contact us if you have any questions or concerns regarding your account.

Sincerely,
Janice Thompson
Financial Coordinator
Springdale Hospital",Patient Administrative,RESTRICTED,generated,hospital invoice and payment record
"Invoice and Payment Record - Patient ID: PR001234

Date of Service: 02/15/2023

Billing Information:

Name: Emily J. Wilson
Address: 901 Oak Drive, Apt 456
City, State, ZIP: Springfield, IL 62704
Phone: 555-8765
Email: ewilson@fakeemail.com

Patient Details:
Name: Emily J. Wilson
Date of Birth: 02/12/1998
Insurance Provider: Springdale Health Insurance
Policy Number: SHI-1234567890

Services Rendered:

* Office visit: $100.00
* X-ray: $200.00
* Laboratory test: $50.00

Subtotal: $350.00
Discounts:
* 10% discount for cash payment
* -35.00

Total Due: $322.50

Payment Method: Cash
Payment Date: 02/20/2023
Payment Amount: $322.50

Bank Deposit Information (for future reference):
Account Number: 1234567890
Bank Name: First National Bank of Springfield
Routing Number: 0112345678
Check Number: 001",Patient Administrative,RESTRICTED,generated,hospital invoice and payment record
"John Smith (Patient ID: JSMITH123)
123 Main Street, Apt 456, Anytown, USA 12345
(555) 0100 | john.smith@email.com

Invoice Number: HOSP001234
Date of Service: 2022-07-15
Billing Provider: Anytown Medical Center
Patient Information:

Name: John Smith
Age: 42
Date of Birth: 02/12/1981
Insurance Provider: ABC Insurance Co.

Services Provided:
- Office Visit (30 minutes): $75.00
- Physical Exam: $50.00
- Vaccination (flu shot): $20.00

Subtotal: $145.00
Tax (8%): $11.60
Total: $156.60

Payment Method: Check (#1234) | Bank Account: 1234567890 @ AnytownBank.com
Payment Date: 2022-08-10

Refund Information:
No refund is due for this invoice.

Please make checks payable to ""Anytown Medical Center"" and mail to:

Anytown Medical Center
123 Main Street, Apt 456, Anytown, USA 12345",Patient Administrative,RESTRICTED,generated,hospital invoice and payment record
"Invoice and Payment Record

Invoice Number: HIR-001234
Date: 2022-09-15
Billing Information:
Name: Emily J. Wilson
Address: 456 Elm Street, Apt 3B
City: Oakdale, State: CA
Zip Code: 95465
Phone: 916-876-5432
Email: ewilson92@gmail.com

Payment Details:
Invoice Amount: $1,500.00
Payment Method: Check + Bank Transfer
Bank Name: New Coast Bank & Trust
Account Number: 0123456789
Routing Number: 121000358
Check Number: HIR-001234

Payment Status: Paid in Full
Payment Date: 2022-09-20
Customer Contact:
Name: Ryan P. Lee
Phone: 917-654-2100
Email: rlee98@yahoo.com",Patient Administrative,RESTRICTED,generated,hospital invoice and payment record
"John Smith (Patient ID: 1234)
123 Main Street, Anytown, USA 12345
(555) 0100 ext. 123
john.smith@email.com

Payment Details:
Invoice Number: INV-001
Date of Service: February 10, 2023
Service Type: Consultation and Diagnosis
Charges: $1,200.00

Payment Method: Bank Transfer
Bank Name: New Atlantis Bank
Account Number: 0123456789
Routing Number: 123456789
Transaction Date: March 15, 2023
Amount Paid: $1,000.00

Notes:
The total amount due is $200.00.
A deposit of $100.00 was made on April 1, 2023.

Payment Status: Partially Paid

Patient Information:
Patient Name: Jane Doe
Patient ID: 5678
Address: 456 Elm Street, Anytown, USA 12345
Phone Number: (555) 0900 ext. 456
Email: jane.doe@email.com",Patient Administrative,RESTRICTED,generated,hospital invoice and payment record
"John Smith (Patient ID: 456789)
123 Main Street, Suite 400, Anytown, CA 12345
(555) 0100 ext. 2345 | john.smith@email.com

Invoice Details:

Invoice Number: HS-2023-001
Date: February 10, 2023
Billing Information:
Jane Doe, Account Manager
First National Bank of America
123 Main Street, Suite 200, Anytown, CA 12345
Account Number: 9876543210

Payment Method: Credit Card
Card Type: Visa
Card Number: 4532-1143-8765-4321
Expiration Date: 02/2026
CVV: 842

Patient Charges:
Room Rental ( nights): $150.00
Food and Beverage: $75.00
Laboratory Tests: $50.00
Total Bill Amount: $275.00

Payment Status: Partially Paid
Payment Method: Check
Check Number: 001
Date Paid: January 25, 2023",Patient Administrative,RESTRICTED,generated,hospital invoice and payment record
"Invoice and Payment Record

Invoice Number: HR001234
Patient Name: Emily J. Wilson
Address: 456 Oakwood Drive, Apt 3B
City: Springville
State: NY
Zip: 14221
Phone: 555-8765
Email: [ewilson123@gmail.com](mailto:ewilson123@gmail.com)

Date of Service: February 10, 2022
Service Date Range: February 10, 2022 - February 12, 2022

Charges:
- Consultation Fee $150.00
- X-Ray Exam $200.00
- Prescription Medication (30 days) $75.00
Subtotal: $425.00
Tax (8%): $34.00
Total Due: $459.00

Payment Method: Check + Bank Transfer
Check Number: 001234
Bank Name: First National Bank of Springville
Account Number: 1234567890
Routing Number: 121000012
Payee Name: Springville Medical Center

Payment Status: Paid in Full
Payment Date: March 15, 2022
Amount Paid: $459.00

This payment has been processed and credited to the patient's account. Please contact our billing department if you have any questions or concerns regarding your invoice.

Authorization Code: HRC-001234-WILSON-EJ",Patient Administrative,RESTRICTED,generated,hospital invoice and payment record
"John Smith (Patient ID: JS1234)
123 Main Street, Apt 101
Anytown, USA 12345
Phone: 555-0100
Email: [john.smith@example.com](mailto:john.smith@example.com)

Invoice No.: HSP-001
Date: February 10, 2023
Bill To:
John Smith
123 Main Street, Apt 101
Anytown, USA 12345

Service Dates: January 20 - February 10, 2023
Services Provided:

* Room Rental (5 nights) - $500.00
* Meal Plan (5 days) - $150.00
* Doctor Visit - $100.00
* Medication - $75.00

Total Charges: $825.00
Payment Method: Bank Transfer
Bank Details:
Account Holder: John Smith
Bank Name: Anytown Savings & Loan
Branch Code: 1234
Account Number: GSF4567890
IBAN: US67-1234-5678-9012",Patient Administrative,RESTRICTED,generated,hospital invoice and payment record
"John Smith (Patient ID: JS1234)
123 Main Street, Apartment 456
Anytown, USA 12345
(555) 0100 | john.smith@email.com

Invoice for Medical Services
Date of Service: 2022-07-15
Provider: Dr. Jane Doe, MD
Hospital: New Hope Hospital
Billing Code: 1011

Services Provided:
- Office Visit (30 minutes): $75.00
- Physical Exam: $20.00
- Prescription Medication: $50.00

Subtotal: $145.00
Tax (8%): $11.60
Total: $156.60

Payment Method: Check (#NY1234) | Bank of America
Bank Routing Number: 0110015650
Account Number: 0001234567
Check Date: 2022-07-20

Payment Status: Paid in Full
Balance Due: $0.00",Patient Administrative,RESTRICTED,generated,hospital invoice and payment record
"invoice #002
 dated february 22, 2023

brian lynch
123 elm street
apartment 456, springfield, il 62704
(555) 234-5678 | brian.lynch@email.com

payment details:

amount due $250.00
 payment method: check

account holder information:
name: emily jones
bank account number: 9876543210
bank name: first national bank of springfield
branch location: 789 main street, springfield, il 62701
routing number: 123456789

payment schedule:

payment 1 - february 22, 2023 - $250.00
payment 2 - april 20, 2023 - remaining balance ($0.00)

account status:
paid in full",Patient Administrative,RESTRICTED,generated,hospital invoice and payment record
"Invoice and Payment Record

Patient Name: Emily Wilson
Address: 456 Elm Street, Apt 101
City, State, Zip: Oakdale, CA 94542
Phone: 714-876-5432
Email: [ewilson@email.com](mailto:ewilson@email.com)

Date of Service: February 10, 2023
Procedure Codes: 12345, 67890
Charges:
- Room and Board: $500.00
- Doctor Fee: $200.00
- Medication: $150.00
Total Charges: $850.00

Payment Method: Check
Check Number: #01234
Date Paid: March 2, 2023
Amount Paid: $800.00
Balance Due: $50.00

Insurance Information:
- Insurance Company: Pacific Care Inc.
- Policy Number: PC12345
- Deductible: $100.00

Payment Status: Partially Paid

We accept the following payment methods: Cash, Check, Credit/Debit Card",Patient Administrative,RESTRICTED,generated,hospital invoice and payment record
"John Smith (Patient ID: JS1234)
123 Main Street, Apt 456
Anytown, CA 01234
(555) 0100 | john.smith@email.com

Invoice No: HOSP001234
Date: 2022-09-15
Billing Information:
Name: John Smith
Address: 123 Main Street, Apt 456
City: Anytown
State: CA
Zip: 01234
Phone: (555) 0100
Email: john.smith@email.com

Charges:
Service Date: 2022-08-20
Procedure Code: 12345
Description: Routine Checkup
Charge Amount: $250.00
Insurance Provider: Anytown Health Insurance
Insurance Policy Number: AHI-45678
Payment Status: Partially Paid (75% of $250.00 = $187.50)

Patient Payment:
Date Paid: 2022-09-01
Amount Paid: $100.00
Payment Method: Check

Balance: $150.00

Note: The remaining balance will be due on the next billing cycle.

Payment Instructions:
Please make checks payable to John Smith and mail to the above address.",Patient Administrative,RESTRICTED,generated,hospital invoice and payment record
"Invoice and Payment Record

Patient Name: Emily Wilson
Address: 456 Oakdale Drive
City: Springfield
State: IL
Zip Code: 62701
Phone Number: 555-8765
Email: ewilson@email.com

Account Information:
Account Number: HW001234
Account Type: Hospital Services
Billing Date: March 10, 2023

Services Rendered:
- Surgery (General)
- Doctor Visit
- Medication Administration
Total Charges: $12,500.00

Payment Method: Check
Check Number: #0012
Date of Payment: March 20, 2023
Bank Name: Oakdale Bank & Trust
Bank Routing Number: 0111010250
Bank Account Type: Checking

Payment Details:
- Payment Amount: $8,000.00
- Payment Type: Cashier's Check
- Payment Date: March 15, 2023

Balance: $4,500.00

For further questions or concerns regarding this invoice please contact us at:

Phone Number: 555-0100
Email: accounting@springfieldhospital.org",Patient Administrative,RESTRICTED,generated,hospital invoice and payment record
"Invoice and Payment Record #INV001234

Date of Service: 2022-07-12

Patient Name: Emily Wilson
Address: 456 Oakwood Drive, Apt 3B, Springfield, IL 62704
Phone: 555-0211
Email: [ewilson@email.com](mailto:ewilson@email.com)

Procedure Codes:
- 12345 (Knee Replacement)
- 67890 (Spinal Fusion)

Charges:
- Primary Care Physician Visit: $200.00
- Knee Replacement Surgery: $8,500.00
- Spinal Fusion Surgery: $6,200.00
- Anesthesia Fees: $1,000.00

Total Charges: $15,900.00

Insurance Information:
- Insurance Provider: Springdale Health Plan
- Policy Number: SHP123456
- Coverage Amount: 75%

Payment Details:
- Payment Method: Check
- Bank Name: First National Bank of Springfield
- Account Number: 987654321
- Routing Number: 0112345678
- Check Date: 2022-07-25

Payment Amount: $11,912.50 (75% of total charges)

Balance: $3,987.50

Follow-up Appointment Scheduled for 2022-10-01 with Dr. James Davis.

Please note that this document is fictional and not intended to be used for actual billing or payment purposes.",Patient Administrative,RESTRICTED,generated,hospital invoice and payment record
"Here is a fictional synthetic hospital invoice and payment record:

John Smith (Patient ID: 123456)
123 Main Street, Apt 101
Anytown, CA 12345
(555) 0100 ext. 2345 | john.smith@email.com

Invoice Number: HOSP-001
Date: 2022-08-15
Billing Code: Surgery
Description of Services: Emergency Appendectomy
Total Charges: $10,500.00
Payment Method: Checking Account
Payor Name: John Smith's Checking Acct
Bank Name: First National Bank of Anytown
Routing Number: 0123456789
Account Number: 9876543210

Payment Details:
- Payment Date: 2022-09-01
- Payment Amount: $8,000.00
- Payment Method: Electronic Funds Transfer (EFT)

Balance Due: $2,500.00

Payment Status: Partially Paid

Please make checks payable to First National Bank of Anytown and mail to:
First National Bank of Anytown
ATM/Deposit Location
456 Elm Street
Anytown, CA 12345",Patient Administrative,RESTRICTED,generated,hospital invoice and payment record
"**Invoice and Payment Record**

**Patient Information**
John P. Bottoms
123 Elmwood Drive, Apt 456
Springfield, CO 80501
(555) 876-5432 | john.bottoms@email.com

**Service Details**
Date of Service: 2022-02-10
Procedure Code: 12345
Charges: $150.00

**Payment Method**
Check: Account #123456789 ( Wells Fargo Bank)

**Billing Information**
Name: Emily J. Wilson
Title: Hospital Administrator
Address: 456 Oak Street, Springfield, CO 80501
Phone: (555) 111-2222 | ewilson@springfieldhospital.org

**Payment Amounts**
Check: $150.00 paid in full on 2022-02-15
Credit Card: No additional balance due

**Payment Status**
Payment is considered current as of the invoice date.

**Bank Account Information (for future reference)**
Account Name: Springfield Hospital
Bank Name: First National Bank of Colorado
Routing Number: 123456789
Account Number: 987654321",Patient Administrative,RESTRICTED,generated,hospital invoice and payment record
"Here's a fictional hospital invoice and payment record:

Reginald P. Bottomsworth
123 Elmwood Drive
Apt 456
Springfield, IL 62704
(555) 876-5432 | reggie.bottomsworth@gmail.com

Invoice Number: HOSP0000012345
Date: February 22, 2023
Patient Name: Emily J. Wilson
Admit Date: January 10, 2023
Discharge Date: February 15, 2023
Services Rendered:
- Room Rental: $1500.00
- Doctor Fees: $1200.00
- Medication: $300.00
Total Charges: $5700.00

Payment Method: Check
Payee: Springfield Hospital
Bank Account Number: 123456789
Routing Number: 111000025
Check Date: March 1, 2023
Payment Amount: $5800.00

Balance: -$100.00

This payment has been processed and credited to your account on file.

Please note that this is a sample invoice for demonstration purposes only.",Patient Administrative,RESTRICTED,generated,hospital invoice and payment record
"John Smith (123 Main Street, Anytown, USA 12345)
(555) 0100 | john.smith@email.com

Payment Record: Invoice #001 for Services Rendered on 02/01/2023

Bill To: 
John Smith
123 Main Street
Anytown, USA 12345
Phone: (555) 0100
Email: john.smith@email.com

Due Date: 03/01/2023
Payment Status: Overdue

Invoice Details:

* Service Type: Routine Checkup
* Date of Service: 02/01/2023
* Charges:
 + Primary Care Physician Visit: $100.00
 + Lab Tests: $75.00
 + Medications (30 days): $50.00
 Total: $225.00

Payment Method: Bank Transfer (Account # 1234567890)
Bank Name: Fictitious National Bank of Anytown
Bank Address: 456 Elm Street, Anytown, USA 12345
Branch Name: Anytown Branch
Routing Number: 0123456789

Payment Amount: $225.00
Due Date: 03/01/2023

Please make payment by the due date to avoid late fees and interest.

Sincerely,
Jane Doe, Nurse Practitioner",Patient Administrative,RESTRICTED,generated,hospital invoice and payment record
"Invoice #HSP001234 and Payment Record for Services Rendered

Jane Doe, 456 Elm Street, Apt 3B, Anytown, CA 12345
(555) 765-4321 | janedoe@email.com

Date of Service: 02/15/2022
Service Provider: Dr. Jane Smith, MD

Services Provided:
- Office Visit: $75.00
- Medication Management: $50.00
- Follow-up Appointment: $100.00

Subtotal: $225.00
Tax (8%): $18.00
Total: $243.00

Payment Method: Checking Account - Bank of Anytown
Account Number: 0123456789
Routing Number: 111000025
Check Date: 02/20/2022
Check Amount: $243.00

Payment Status: Paid in Full

Please note that this document is for internal testing and evaluation purposes only and should not be used for any commercial or financial transactions.",Patient Administrative,RESTRICTED,generated,hospital invoice and payment record
"123 Main Street
Anytown, CA 12345
(555) 0100 | Fax: (555) 0200 | Email: [info@anytownhospital.com](mailto:info@anytownhospital.com)

Invoice #THC001234
Patient Name: Emily Chen
Address: 456 Elm Street
Anytown, CA 12345

Date of Admission: February 10, 2023
Discharge Date: March 5, 2023
Room Number: 204

Services Rendered:
- Emergency Room Visit: $1500.00
- X-Ray: $200.00
- Medication Administration: $100.00

Total Charges: $1800.00

Payment Method: Check
Payee: Anytown Hospital
Bank Account: XYZ Bank, Account # 123456789
Routing Number: 111000211
Check Number: THC001234

Payment Amount: $1500.00 (paid in full)

Balance: $300.00",Patient Administrative,RESTRICTED,generated,hospital invoice and payment record
"Payment Record and Invoice #HR001234

Date of Service: 2022-04-15
Patient Name: Emily J. Wilson
Address: 456 Oakbrook Drive, Apt 3B, Springfield, IL 62701
Phone Number: 618-765-4321
Email: [ewilson@email.com](mailto:ewilson@email.com)

Charges:

* Room Rental (1 Night): $150.00
* Doctor Fees: $120.00
* Medication: $30.00
* Lab Tests: $50.00

Subtotal: $350.00
Tax (8%): $28.00
Total Due: $378.00

Payment Method: Check #123456, Bank of Springfield Branch
Payor Name: Emily J. Wilson
Payor Address: 456 Oakbrook Drive, Apt 3B, Springfield, IL 62701
Payor Phone Number: 618-765-4321
Bank Routing: 1123456789
Bank Transit: BSPRTN
Bank Account: 1234567890

Payment Status: Paid in Full",Patient Administrative,RESTRICTED,generated,hospital invoice and payment record
"John Smith (Patient ID: JSMITH123)
123 Main Street, Apt 456
Anytown, CA 12345
(555) 0100 | john.smith@email.com

Invoice Date: February 10, 2022
Invoice Number: HOSP001234
Billing Information:
Name: Jane Doe
Address: 456 Elm Street
City, State Zip: Oakdale, CA 90210
Phone: (867) 5307
Email: jane.doe@email.net

Payment Method: Credit Card
Card Type: Visa
Card Number: 4532-9143-8765-3210
Expiration Date: 02/2026
CVV: 842

Payment Amount: $1,234.56
Patient Balance: $500.00
Outstanding Balance: $734.56
Due Date: March 15, 2022

Insurance Information:
Policy Number: INS123456
Provider Name: Anytown Medical Group
Policy Type: Primary",Patient Administrative,RESTRICTED,generated,hospital invoice and payment record
"John Smith (Patient ID: 12345)
123 Main Street, Anytown, USA 12345
(555) 0100 ext. 4567 | john.smith@email.com

Invoice Date: 2022-01-01
Invoice Number: HI001234
Billing Account: Acct 0000123

Patient Services:

* Office Visit: $75.00
* X-Ray: $150.00
* Lab Tests: $50.00
Total Charges: $275.00

Insurance Information:
Insurance Provider: SecureCare
Policy Number: SC1234567
Deductible Amount: $500.00
Co-Payment: 20%

Payment Details:

* Payment Method: Check
* Bank Account Number: 9876543210
* Bank Name: Anytown Bank & Trust
* Routing Number: 0123456789
* Check Date: 2022-01-15

Payment Status:
Payment Received: Yes
Amount Paid: $275.00 ( Full Payment)

Balance: $0.00",Patient Administrative,RESTRICTED,generated,hospital invoice and payment record
"Invoice and Payment Record

Patient Name: Emily Wilson
Address: 456 Elm Street, Apt 3B
City, State ZIP: Oakdale, CA 95677
Phone: 707-862-8190
Email: [ewilson95@gmail.com](mailto:ewilson95@gmail.com)

Date of Service: February 22, 2023
Service Provider: Oakdale Medical Center
Service Type: Routine Check-up

Charges:

* Office Visit: $150.00
* Physical Exam: $75.00
* Vaccinations: $20.00
* Total Charges: $245.00

Payment Method: Check (payable to) Oceanview Bank
Check Number: OV1234567
Date Paid: March 10, 2023
Amount Paid: $240.00
Balance: $5.00

Insurance Information:
Provider: Oakdale Medical Insurance
Policy Number: OMI-12345
Coverage Date Range: February 1, 2023 - February 28, 2023",Patient Administrative,RESTRICTED,generated,hospital invoice and payment record
"Invoice and Payment Record #HR1234

Date of Service: 2022-07-12
Patient Name: Emily J. Wilson
Address: 456 Elmwood Drive, Apt 3B, Springfield, IL 62701
Phone: 555-8765
Email: [ewilson92@gmail.com](mailto:ewilson92@gmail.com)

Charges:

* Primary Care Visit: $150.00
* Medication Refill: $20.00
* Lab Tests: $75.00

Subtotal: $245.00
Discount (10%): -$24.50
Total Due: $220.50

Payment Method: Check
Payment Date: 2022-07-25
Payment Amount: $250.00
Payment Status: Paid in Full

Insurance Information:

* Insurance Provider: Springfield Health Alliance
* Policy Number: SHA12345
* Coverage Amount: $180.00
* Deductible: $50.00

Bank Transfer Details:
Account Type: Checking
Account Number: 9876543210
Bank Name: First National Bank of Springfield
Routing Number: 0112345678

Please make checks payable to Wilson Medical Group and mail to the address above.",Patient Administrative,RESTRICTED,generated,hospital invoice and payment record
"Invoice and Payment Record #2023-04-001

Patient Name: Emily Wilson
Address: 456 Oakwood Drive, Apt 3B
City: Springville
State: NY
Zip Code: 10981
Phone Number: (845) 876-5432
Email: [emiliewilson123@email.com](mailto:emiliewilson123@email.com)

Billing Information:
Hospital Name: Valley Springs Hospital
Address: 901 Park Avenue
City: Springville
State: NY
Zip Code: 10981

Account Number: VS001234
Date of Service: March 15, 2023
Services Rendered:
- Room and Board (2 nights)
- Doctor Visit
- X-Rays (1 set)

Total Charges: $1,425.00

Payment Method: Check
Bank Name: First National Bank of Springville
Routing Number: 011234567890
Check Number: 001234
Payment Date: March 20, 2023
Amount Paid: $1,200.00

Balance Due: $225.00

Insurance Information:
- Insurance Company: Springville Health Insurance
- Policy Number: SHI-001234
- Coverage Amount: $800.00

Please note that this is a fictional document and should not be used for actual billing or payment purposes.",Patient Administrative,RESTRICTED,generated,hospital invoice and payment record
"John Smith (Patient ID: JS001)
123 Main Street, Apt 456
Anytown, CA 01234
(555) 0100 | john.smith@email.com

Invoice for Services Rendered:
Date of Service: February 10, 2023
Service Type: Routine Check-Up
Charges:

* Physical Exam: $75.00
* Vaccination (Flu): $30.00
* Medication Refills (3 months): $120.00
Total Charges: $225.00

Payment Method: Bank Transfer (Account # 123456789)

 Payment Details:
Bank Name: NewTech Bank
Account Holder: Jane Doe
Account Type: Checking
Routing Number: 987654321
Check Date: March 15, 2023
Amount Paid: $200.00
Balance Due: $25.00

Payment Status: Partially Paid
Payment Description: Check #4567 for $200.00 (partial payment received)

Insurance Information:
Policy Number: NY12345
Provider Name: Anytown Insurance
Coverage Amount: $150.00",Patient Administrative,RESTRICTED,generated,hospital invoice and payment record
"John Smith (Patient ID: JSMITH123)
123 Main Street, Apt 456
Anytown, CA 01234
(555) 0100 ext. 2345
john.smith@fakeemail.com

Invoice for Services Rendered
Invoice Date: 2022-09-01
Due Date: 2022-09-15
Patient Balance: $1,567.25

Services:
- Consultation with Dr. Jane Doe (30 minutes) - $75.00
- X-Ray Examination - $150.00
- Prescription Medication (30 days supply) - $50.00
- Lab Tests (Complete Blood Count and Comprehensive Metabolic Panel) - $100.00
Subtotal: 1,375.00
Tax (8%): 110.00
Total: 1,485.00

Payment Method: Visa
Account Number: 9876-5432-1098-7654
Expiration Date: 02/2027
CVV Code: 823

Payment Status: Partially Paid - $500.00 (Balance: $985.00)

Payment History:
- Payment #1: 2022-09-15 (Paid in full)
- Payment #2: 2022-10-20 ($200.00 payment)

Please make checks payable to ""Anytown Medical Center"".",Patient Administrative,RESTRICTED,generated,hospital invoice and payment record
"Patient Name: Emily Wilson
Address: 456 Elm Street, Apt 3B, Springfield, IL 62704
Phone Number: 555-8765
Email: ewilson@email.com
Date of Birth: 02/12/1992

Invoice Number: HI-001234
Invoice Date: 2022-01-15
Patient Status: Active
Service Type: Routine Checkup

Charges:
- Primary Care Physician Visit: $150.00
- Office Co-pay: $50.00
- Prescription Medication: $30.00

Total Charges: $230.00

Payment Details:
Bank Name: First National Bank of Springfield
Account Number: 1234567890
Routing Number: 011000025
Check Date: 2022-02-10
Payment Amount: $200.00 (Paid in Full)

Balance Due: $30.00

Insurance Coverage: UnitedHealthcare, Policy #UH001234

Patient Responsibility: $30.00

Note: Payment is due within 30 days of invoice date. A late fee of $25.00 will be applied if payment is not received on time.

This document should resemble a typical hospital invoice and payment record, with fictional personal details, bank information, and medical charges.",Patient Administrative,RESTRICTED,generated,hospital invoice and payment record
"John Smith (Patient ID: 001234)
123 Main Street, Apt 456
Anytown, CA 12345
(555) 0100 | john.smith@email.com

Invoice Number: HOSP-001
Date: 2022-07-15
Patient Account Balance: $2,500.00
Services:
- Emergency Room Visit: $1,200.00
- X-Ray: $300.00
- Prescription Medication: $1000.00
Total Charges: $3,500.00

Payment Method: Bank Transfer (Account # 1234567890)
Bank Name: First National Bank of Anytown
Bank Address: 789 Oak Street, Anytown, CA 12345
Bank Routing Number: 123456789
Check Date: 2022-08-01
Payment Amount: $3,000.00

Balance After Payment: $500.00

Insurance Information:
- Insurance Provider: Blue Cross of America
- Policy Number: BC001234
- Coverage Amount: $3,000.00",Patient Administrative,RESTRICTED,generated,hospital invoice and payment record
"Invoice and Payment Record

Invoices #HI-001 and #HI-002 are due for payment. The total amount due is $1,500.00.

Patient Information:
John Smith
123 Main Street
Anytown, CA 12345
(555) 0100
john.smith@email.com

Service Details:

* Date of Service: February 10, 2023
* Procedure Code: 123456
* Service Provider: ABC Medical Group
* Charges: $1,000.00

Payment Method:
Bank Wire Transfer to:
First National Bank of Anytown
Account Number: 0123456789
Routing Number: 111111111
Payee Name: John Smith

Payment Status:
Payment received on March 15, 2023, in the amount of $500.00.

Balance Due:
$1,000.00

Next Steps:
Please send a check or money order made payable to ABC Medical Group to the address listed above.

Payment Confirmation:

This payment has been processed successfully and is considered paid in full.

For your records,

ABC Medical Group
Anytown, CA 12345",Patient Administrative,RESTRICTED,generated,hospital invoice and payment record
"Dear Mr. Reginald P. Bottomsworth,

Re: Confirmation of Upcoming Appointment at Oakwood Hospital

We are pleased to confirm your upcoming appointment at our hospital, scheduled for Thursday, March 15th at 2:00 PM with Dr. Emma J. Taylor in Department B-304.

Your patient record number is #456789, and you have been assigned a room in Block A, Room 212. You can park your vehicle in the designated parking area located outside of the hospital entrance.

Please be advised that you will need to present a valid government-issued ID and your health insurance card at the check-in counter upon arrival.

Your co-pay for this appointment is $25.00, payable by credit card or cash. Our accepted payment methods are Visa (1234-5678-9012-3456), Mastercard (9876-5432-2198-7654), and American Express (5555-1234-5678-9012). You can also pay online through our secure portal at oakwoodhospital.com/payments.

If you have any questions or concerns regarding your appointment, please do not hesitate to contact us at 555-0100 ext. 3456 or email us at rbottomsworth@oakwoodhospital.com.

We look forward to seeing you on the 15th.

Sincerely,
Dr. Lisa Nguyen
Scheduler's Assistant
Oakwood Hospital",Patient Administrative,RESTRICTED,generated,patient appointment confirmation letter
"Dear Mr. Reginald P. Bottomsworth,

Re: Confirmation of Upcoming Appointment at Springdale General Hospital

We are pleased to confirm your upcoming appointment at our hospital, scheduled for Monday, 22nd April at 10:00 AM with Dr. Emily J. Wilson in Department B.

Your patient identification number is 9421-0123, and you have been assigned a room number of 314. Please report to the main entrance and proceed to the reception desk where our staff will guide you to your designated area.

We request that you arrive at least 30 minutes prior to your scheduled appointment time to complete any necessary paperwork. Our billing department can be reached at 555-0100 or via email at [reginaldp.bottomsworth@gmail.com](mailto:reginaldp.bottomsworth@gmail.com) with any questions regarding your account.

In accordance with our hospital's financial policies, we require payment in full prior to discharge. Your bank account details are as follows:

Account Name: Reginald P. Bottomsworth
Bank Account Number: 1234567890
Sort Code: 43-65-32
Payment Reference: SGGH-001234

Please note that these details must be used in order to process your payment.

We look forward to welcoming you to Springdale General Hospital soon.

Sincerely,
Mrs. Karen Thompson
Administrative Services Department
Springdale General Hospital",Patient Administrative,RESTRICTED,generated,patient appointment confirmation letter
"Dear Mr. Reginald P. Bottomsworth,

Re: Confirmation of Appointment with Dr. Emily J. Chen on 14th February 2023

We are pleased to confirm that you have been successfully scheduled for your appointment with Dr. Emily J. Chen on 14th February 2023 at 02:00 PM in Room 304, Floor 2.

Your appointment details are as follows:

* Patient Name: Reginald P. Bottomsworth
* Date of Birth: 12th January 1975
* Medical Record Number: BJ0001234
* Insurance Provider: Golden Health Insurance Company (Policy Number: GHI-12345)

For your convenience, we have provided you with a list of nearby parking options and public transportation schedules to make your visit more manageable.

Please find below the address and contact information for our hospital:

Address: 456 Oakwood Drive, Anytown, CA 12345
Phone: 555-0100 (General Enquiries)
Email: [admissions@anytownhospital.com](mailto:admissions@anytownhospital.com)

We have also included your bank details for any pre-payment of services:

Bank Name: First National Bank of Anytown
Account Number: 0123456789
Routing Number: 123456789
SWIFT Code: FNBAUS83

If you have any questions or concerns regarding your appointment, please do not hesitate to contact us. We look forward to welcoming you on the 14th.

Sincerely,
Jane Doe
Admissions Coordinator
Anytown Hospital",Patient Administrative,RESTRICTED,generated,patient appointment confirmation letter
"Dear Mr. Reginald P. Bottomsworth,

Re: Confirmation of Upcoming Appointment at Oakwood General Hospital

We are pleased to confirm your appointment with Dr. Emily J. Miller on Wednesday, March 15th at 2:00 PM for a check-up and vaccination. Your appointment number is OGH-001234.

Please be advised that you have been scheduled to receive a flu vaccine and a routine physical examination. The appointment will take approximately 30 minutes to complete.

Our records show that you are due for your annual check-up, and we kindly request that you arrive at least 15 minutes prior to your scheduled appointment time to complete any necessary paperwork.

Your appointment details are as follows:

* Date: Wednesday, March 15th
* Time: 2:00 PM
* Location: Oakwood General Hospital, Room 304

We have taken the liberty of updating your account information as follows:
- Bank Account Number: 1234567890 (Fictitious Bank of America Checking)
- Credit Card Type: Visa Signature Card (Account Number: 9876-5432-1098-7654)

Please note that you will be required to present a valid government-issued ID and insurance card at the time of your appointment.

If you have any questions or concerns, please do not hesitate to contact us at 555-0100 ext. 5678 or [reginaldp.bottomsworth@gmail.com](mailto:reginaldp.bottomsworth@gmail.com).

Sincerely,

Dr. Sophia Patel
Medical Record Coordinator
Oakwood General Hospital",Patient Administrative,RESTRICTED,generated,patient appointment confirmation letter
"Here is a fictional synthetic patient appointment confirmation letter:

Dear Mr. Reginald P. Bottomsworth,

Re: Confirmation of Upcoming Appointment at Oakwood Hospital

We are pleased to confirm your upcoming appointment at our hospital on Wednesday, 20th April 2023, commencing at 10:00 AM with Dr. Jane A. Thompson in Department B101.

Your appointment details are as follows:

* Date: 20th April 2023
* Time: 10:00 AM
* Room Number: B101
* Consultant: Dr. Jane A. Thompson

Please be advised that you will need to arrive at least 30 minutes prior to your scheduled appointment time for registration and check-in.

Our records indicate that you are a private patient with insurance coverage through 'Regal Healthcare' (Account Number: RHC12345). If you have any questions or concerns regarding your account, please do not hesitate to contact our billing department on +1-800-HEALTHY (432-8489) or via email at [billing@regalhealthcare.com](mailto:billing@regalhealthcare.com).

To ensure a smooth check-in process, we kindly request that you bring the following documents with you:

* Government-Issued ID
* Health Insurance Card

If you are unable to attend your scheduled appointment, please notify us at least 24 hours prior to the scheduled time to avoid any cancellation fees.

Thank you for choosing Oakwood Hospital. We look forward to welcoming you on our premises soon.

Yours sincerely,
Samantha J. Lee
Patient Services Manager
Oakwood Hospital",Patient Administrative,RESTRICTED,generated,patient appointment confirmation letter
"Here is a fictional patient appointment confirmation letter:

Dear Mr. Reginald P. Bottomsworth,

We are pleased to confirm your upcoming appointment at our hospital, which has been scheduled for:

Date: 2023-02-15
Time: 10:00 AM
Room Number: 304

During this visit, Dr. Emily J. Lee will be conducting a thorough examination of your condition and discussing treatment options with you.

Please note that we require a copayment of $250 upon arrival, which can be paid by credit card (Visa - 1234-5678-9012-3456) or check made payable to ""Springfield Hospital"".

Your insurance provider, HealthAssure Inc., has been notified of your upcoming visit and will be covering the majority of the costs. However, it is always a good idea to bring any relevant paperwork or documents with you to the appointment.

If you have any questions or concerns prior to your visit, please do not hesitate to contact our office at 555-5678 or email us at [reginaldp.bottomsworth@gmail.com](mailto:reginaldp.bottomsworth@gmail.com).

We look forward to seeing you on the 15th of February.

Sincerely,
Ms. Karen Thompson
Hospital Secretary

Springfield Hospital",Patient Administrative,RESTRICTED,generated,patient appointment confirmation letter
"Dear Mr. Reginald P. Bottomsworth,

Re: Appointment Confirmation - Orthopedic Consultation

We are pleased to confirm your appointment with Dr. Emily J. Wilson, an orthopedic specialist, on Thursday, 15th February 2023 at 2:00 PM at our hospital located at 456 Oakwood Drive, Anytown, USA 12345.

Your appointment is scheduled for a routine check-up and consultation regarding the recent injury you sustained while engaging in recreational rock climbing. Our team of experts will assess your condition, provide guidance on treatment options, and recommend a course of action to ensure optimal recovery.

Please note that we have required your primary care physician's authorization for this appointment as per our hospital's policy. You can verify the authenticity of the attached letter by contacting Dr. Benjamin L. Thompson at (555) 123-4567 or emailing him at benjamin.thompson@anytownhospital.org.

For your convenience, we have included a list of recommended medications that you are currently taking with you to your appointment. Please do not hesitate to reach out to our pharmacy department if you require any assistance with medication management.

We look forward to welcoming you to our hospital and providing you with the best possible care. If you have any questions or concerns, please do not hesitate to contact us at (555) 0100.

Sincerely,

Janine K. Lee
Patient Service Representative
Anytown Hospital
123 Main Street, Anytown, USA 12345
 Phone: (555) 0100 | Email: janine.lee@anytownhospital.org",Patient Administrative,RESTRICTED,generated,patient appointment confirmation letter
"Patient Appointment Confirmation Letter

Dear Mr. Reginald P. Bottomsworth,

Re: Upcoming Appointment with Dr. Emily J. Lee on February 22, 2023

This letter serves as confirmation of your upcoming appointment with our medical team at Oakwood Hospital on February 22, 2023. Your scheduled appointment is from 2:00 PM to 4:00 PM in Room 304.

We have taken the liberty of confirming your appointment details with our patient management system and are pleased to inform you that we have made arrangements for your transportation to the hospital via Taxi Service Inc., at a cost of $50.00, payable upon arrival.

Please be advised that your appointment has been scheduled as follows:

* Date: February 22, 2023
* Time: 2:00 PM - 4:00 PM
* Room Number: 304
* Attending Doctor: Dr. Emily J. Lee

Our billing department will require payment from the following account details:
Account Name: Reginald P. Bottomsworth
Bank Name: First National Bank of Springfield
Account Number: 0123456789
Routing Number: 0234567890
Swift Code: FNBSUS33

If you have any questions or concerns, please do not hesitate to contact our patient services department at 555-0100.

Sincerely,
Ms. Karen Brown
Patient Services Coordinator
Oakwood Hospital",Patient Administrative,RESTRICTED,generated,patient appointment confirmation letter
"Patient Appointment Confirmation Letter

Dear Mr. Reginald P. Bottomsworth,

Re: Appointment Confirmation for Routine Check-up on 02/15/2023 at 10:00 AM

We are pleased to confirm your appointment with our specialist, Dr. Emily J. Lee, on February 15th, 2023, at 10:00 AM. Our records indicate that you have scheduled a routine check-up for your ongoing condition.

Your appointment details are as follows:

* Date: February 15th, 2023
* Time: 10:00 AM
* Location: Room 304, Main Hospital Building

We have also taken the opportunity to review your medical history and have made the necessary arrangements for your care. Our billing department has processed your insurance claim, and we have received confirmation from your bank that the payment of $237.50 will be deducted from your account on the due date.

Please note that your payment method is as follows:

* Account Number: 9876543210
* Bank Name: SecureFinancing Inc.
* Routing Number: 1213-4567

If you have any questions or concerns regarding your appointment, please do not hesitate to contact us at 555-0100 or via email at reginaldp.bottomsworth@mainhospital.org.

Sincerely,

Ms. Karen Thompson
Patient Services Coordinator
Main Hospital

Please arrive 15 minutes prior to your scheduled appointment time to complete any necessary paperwork and to allow for check-in. We look forward to seeing you on February 15th, 2023.",Patient Administrative,RESTRICTED,generated,patient appointment confirmation letter
"Dear Mr. Baxter Wimbeldon,

Re: Appointment Confirmation for Physiotherapy Session

We are pleased to confirm your upcoming appointment at our hospital's physiotherapy department. Your scheduled visit is as follows:

Date: 02/12/2023
Time: 10:00 AM
Location: Room 304, Main Building

During your session, you will be working with Physiotherapist, Ms. Hazel Patterson. She will be conducting a comprehensive assessment of your lower back and knee joints to identify any potential causes of discomfort or pain.

To facilitate this process, please ensure that you wear comfortable clothing that allows for full range of motion. You may also want to consider bringing a pair of yoga pants or leggings to the appointment, as they can help provide additional support.

We have taken the liberty of setting up a payment plan with your bank to cover any associated costs. Your new account details are as follows:

Account Name: Baxter Wimbeldon
Account Number: WB1234567890
Bank Name: NovaBank
Swift Code: NBNKGB22

Please note that all payments should be made directly to this account to ensure the smooth processing of your appointment.

If you have any questions or concerns, please do not hesitate to contact us at 555-0100 ext. 3145 or via email at hwimbeldon@newhospitals.com.

We look forward to seeing you on the 02nd of December.

Sincerely,

Ms. Penelope M. Jenkins
Hospital Administrator",Patient Administrative,RESTRICTED,generated,patient appointment confirmation letter
"Here's a fictional patient appointment confirmation letter:

Dear Mr. Ethan Wright,

Re: Confirmation of Upcoming Appointment at Springdale Hospital

We are pleased to confirm that you have been successfully scheduled for your appointment with Dr. Lisa Nguyen on Wednesday, March 22nd at 2:00 PM in Room 304.

Your medical records indicate that you will be receiving a routine check-up and counseling session as part of our ongoing health and wellness program. Our team has carefully reviewed your file and is confident that this appointment will provide you with the necessary support to achieve your health goals.

Please note that we have arranged for complimentary valet parking at the hospital entrance, courtesy of our partnership with Riverview Parking Solutions. Your park-and-ride ticket is enclosed for your convenience.

To ensure a smooth check-in process, please arrive 15 minutes prior to your scheduled appointment time and bring any necessary identification or insurance cards.

We kindly request that you settle your co-pay fee via credit card at the reception desk on the day of your visit. The payment details are as follows:

* Card Type: Visa
* Account Number: 4278-0123-0987-7654
* Expiration Date: 02/2029

If you have any questions or concerns regarding your appointment, please do not hesitate to contact our dedicated customer service team at 555-0198 or via email at [ethanwright@example.com](mailto:ethanwright@example.com).

We look forward to welcoming you to Springdale Hospital soon.

Best regards,

Dr. Ava Morales
Hospital Administrator

Springdale Hospital
123 Oakwood Drive, Suite 402",Patient Administrative,RESTRICTED,generated,patient appointment confirmation letter
"Here is a fictional patient appointment confirmation letter:

Dear Ms. Emily J. Wilson,

Re: Confirmation of Upcoming Appointment at Oakwood Hospital

We are pleased to confirm that you have been successfully scheduled for your upcoming appointment with Dr. Michael T. Brown on Wednesday, March 22nd at 2:00 PM in Room 304.

Your appointment details are as follows:

* Date: Wednesday, March 22nd
* Time: 2:00 PM
* Location: Oakwood Hospital, Main Entrance
* Doctor: Dr. Michael T. Brown

We have checked our records and confirm that you have been treated for Acute Angina Pectoris on January 12th, 2023.

Please be advised that you will need to present your insurance card (Policy Number: OWH1234) and identification upon arrival at the hospital. Your out-of-pocket copayment for this visit is $25.00, payable to Oakwood Hospital via our secure online payment portal or by mail to:

Oakwood Hospital
P.O. Box 98765
Anytown, USA 12345

If you have any questions or concerns regarding your appointment, please do not hesitate to contact us at (555) 456-7890 or via email at [emilyjwilson@email.com](mailto:emilyjwilson@email.com).

Thank you for choosing Oakwood Hospital for your healthcare needs.

Sincerely,

Karen L. Thompson
Patient Services Coordinator
Oakwood Hospital",Patient Administrative,RESTRICTED,generated,patient appointment confirmation letter
"Patient Appointment Confirmation Letter

Dear Mrs. Emily Chen,

Re: Appointment Confirmation - MRI Scan on 2023-02-15

We are pleased to confirm your appointment for the scheduled Magnetic Resonance Imaging (MRI) scan on February 15th, 2023, at 10:00 AM at Department B.

Your medical record number is #EWC123456 and your patient identification number is P001234. You will be seen by Dr. Sophia Patel, a board-certified radiologist with extensive experience in MRI scans.

Please arrive 15 minutes prior to your scheduled appointment time to complete any necessary paperwork and check-in with our receptionist, Ms. Rachel Lee (555) 456-7890.

For your convenience, we have provided below the information required for payment:

* Payment Method: Visa
* Account Number: 9876-5432-1098-3210
* Bank Name: First National Bank of Springfield

Please note that you can also pay online using our secure portal at [www.springfieldhealth.org](http://www.springfieldhealth.org). Our staff will be happy to assist you with any questions or concerns.

If you have any questions or need to cancel your appointment, please call us during business hours at (555) 456-7890. We look forward to seeing you on February 15th.

Sincerely,
Ms. Karen Brown
Patient Services Coordinator

Springfield Health Care System",Patient Administrative,RESTRICTED,generated,patient appointment confirmation letter
"Dear Mr. John Smith,

Re: Confirmation of Upcoming Appointment at Springdale Hospital

We are writing to confirm your upcoming appointment at our hospital, scheduled for Thursday, March 12th, 2023 at 2:00 PM with Dr. Jane Doe in Department B-304.

Your medical record indicates that you have been diagnosed with mild chronic fatigue syndrome and will be undergoing a series of tests to monitor your condition.

Please find attached the list of medications prescribed for your care:

* Acetaminophen (500mg) x 3 times daily
* Vitamin B12 injections (every 6 weeks)

You can make payments towards your bill by mailing a check payable to ""Springdale Hospital"" to our address below:

Springdale Hospital
123 Oakwood Drive
Anytown, USA 12345

Phone: 555-0100 | Fax: 555-0200 | Email: [info@springdalehospital.org](mailto:info@springdalehospital.org)

We have attached a copy of your appointment card for your convenience.

If you have any questions or concerns, please do not hesitate to contact us. We look forward to seeing you on the 12th.

Sincerely,
Ms. Emily Wilson
Patient Services Coordinator

Springdale Hospital",Patient Administrative,RESTRICTED,generated,patient appointment confirmation letter
"Dear Mr. Reginald P. Bottomsworth,

Re: Appointment Confirmation for Check-up and Vaccination on 02/27/2023

We are pleased to confirm your upcoming appointment at our hospital, scheduled for February 27, 2023, at 10:00 AM in Room 304. Our team of healthcare professionals will be led by Dr. Helen J. Thompson, who will examine you and administer the required vaccinations.

As previously discussed, we have taken the liberty of verifying your insurance coverage with our partner, ""MediCare Solutions Inc."" (Policy Number: MCS-123456). Please note that your copay for this appointment is $25.00, payable by cash or credit card at the time of service.

To ensure a smooth and efficient check-in process, we have obtained your latest bank account information from our records: Bank Name: ""United Bank of America"" (Account Number: UBA-987654), Routing Number: 021000025. Please be aware that any deposits made to this account may be subject to additional processing fees.

If you have any questions or concerns regarding your appointment, please do not hesitate to contact us at 555-0100 or email us at [reginald.bottomsworth@hospital.org](mailto:reginald.bottomsworth@hospital.org).

We look forward to seeing you on the 27th of February.",Patient Administrative,RESTRICTED,generated,patient appointment confirmation letter
"Dear Mr. Reginald P. Bottomsworth,

Re: Confirmation of Appointment at Oakdale Hospital

We are pleased to confirm your upcoming appointment with our specialist, Dr. Emily J. Taylor, on Wednesday, 15th February 2023 at 2:00 PM. Your appointment is scheduled for the treatment of a minor skin condition and will take place in Room 304.

Your appointment details are as follows:

Date: 15th February 2023
Time: 2:00 PM
Room: 304

Please be advised that you will need to arrive at least 30 minutes prior to your scheduled appointment time to complete any necessary paperwork. You can park in our car park, located adjacent to the hospital entrance.

If you have any questions or concerns regarding your appointment, please do not hesitate to contact us on 555-0100 or email us at oakdalehospital@healthmail.com.

For your convenience, we have included a reminder of your appointment below:

Appointment Reminder

Date: 15th February 2023
Time: 2:00 PM
Room: 304

We look forward to seeing you on the designated date. If you need to cancel or reschedule your appointment, please contact us at least 24 hours prior to your scheduled appointment time.

Bank Details for Payment: Account Number: 1234567890 | Bank Name: First National Bank of Springfield",Patient Administrative,RESTRICTED,generated,patient appointment confirmation letter
"Here is a fictional patient appointment confirmation letter:

Dear Ms. Emily J. Wilson,

Re: Confirmation of Upcoming Appointment at Oakwood Hospital

We are pleased to confirm your upcoming appointment with Dr. Lisa Nguyen at our hospital on February 22nd, 2023, at 2:00 PM in room 304.

As discussed during your initial consultation, you will be undergoing a comprehensive evaluation and treatment plan for knee replacement surgery. Our team of experts is committed to providing you with the highest level of care and attention during your stay with us.

Please note that we have arranged for private parking at our adjacent lot (Space #12). Our hospital's Wi-Fi network, OakwoodConnect, is available for your use during your visit. You can access it by connecting to the 'OakwoodGuest' network using your device.

For your convenience, we have included a list of recommended accommodations in our nearby area:

* Hotel Riverview: 456 Elm Street, Anytown, USA 12345
Phone: 555-1234
Email: [reservations@hotriverview.com](mailto(reservations@hotriverview.com))

Bank Details for Payment:
Account Holder: Jane Doe
Account Number: 9876543210
Bank Name: Oakwood Bank & Trust
Branch Address: 789 Oak Street, Anytown, USA 12345

Please feel free to contact us at 555-0100 if you have any questions or concerns. We look forward to welcoming you on your scheduled date.

Sincerely,

Dr. Sophia Patel
Medical Director, Orthopedic Surgery Department
Oakwood Hospital",Patient Administrative,RESTRICTED,generated,patient appointment confirmation letter
"Dear Mr. Reginald P. Bottomsworth,

Re: Confirmation of Upcoming Appointment at Oakwood Hospital

We are pleased to confirm your appointment with Dr. Jane Wilson, Specialist in General Medicine, on Friday, 15th April 2023 at 02:45 PM in Ward 12.

Your appointment details are as follows:

* Date: Friday, 15th April 2023
* Time: 02:45 PM
* Location: Oakwood Hospital, Ward 12
* Procedure: General Medical Check-up

We have taken the liberty of preparing a prescription for you, which is attached to this letter. Please find your medication and dosage information below:

* Medication: Zerit 250mg (twice daily)
* Dosage: 250mg orally twice a day

Please note that you are required to make payment for your appointment as per our billing policy. Your account details are as follows:

* Account Name: Reginald P. Bottomsworth
* Bank Account Number: 83423901234567890
* Bank Branch Code: 12345
* Bank Name: First National Bank

Please check with the bank to confirm that these details are up-to-date.

If you have any questions or concerns, please do not hesitate to contact our reception team on 555-0100 or email us at [reggie.bottomsworth@oakwoodhospital.org](mailto:reggie.bottomsworth@oakwoodhospital.org).

We look forward to seeing you on the 15th of April.

Yours sincerely,

Dr. Jane Wilson
Specialist in General Medicine

Oakwood Hospital",Patient Administrative,RESTRICTED,generated,patient appointment confirmation letter
"Dear Mr. Reginald P. Bottomsworth,

Re: Confirmation of Upcoming Appointment at Oakdale General Hospital

We are pleased to confirm your upcoming appointment at Oakdale General Hospital, scheduled for 02/15/2023 at 10:00 AM in Room 304. Our medical team will be led by Dr. Emily J. Wilson, who will perform a thorough examination and discuss your treatment options.

Your appointment details are as follows:

* Date: February 15, 2023
* Time: 10:00 AM
* Location: Oakdale General Hospital, Room 304
* Medical Specialty: Primary Care

Please be advised that you have been pre-authorized for $500.00 in medical expenses by your insurance provider, BlueCross SilverPlus. The charges will be billed to the following account:

Account Number: OGH1234
Bank Routing Number: 023456789
Account Name: Reginald P. Bottomsworth
Bank Account Type: Checking

If you have any questions or concerns regarding your appointment, please do not hesitate to contact our office at 555-0100 ext. 2345 or via email at [rbbottomsworth@oakdalehospital.org](mailto:rbbottomsworth@oakdalehospital.org).

We look forward to seeing you on the 15th.

Sincerely,

Kathleen M. Johnson
Patient Services Representative
Oakdale General Hospital",Patient Administrative,RESTRICTED,generated,patient appointment confirmation letter
"Dear Patient,

Re: Appointment Confirmation for Eye Examination on 15th February 2023

This letter confirms your appointment at our hospital's eye department. You are scheduled to attend an examination with Dr. Maria Rodriguez at 2 PM in room number 304.

Please note that you will need to arrive at least 30 minutes prior to your scheduled appointment time for check-in and registration. Our staff will be happy to assist you with any queries or concerns you may have.

Below is a summary of the details:

* Patient Name: Emily Wilson
* Address: 456 Elm Street, Anytown, CA 12345
* Phone Number: 555-0100
* Email: emilywilson@email.com

For your convenience, we have included your appointment payment information below:

Bank Transfer Details:
Account Holder: John Lee
Account Number: 0012345678
Bank Name: Pacific National Bank
Routing Number: 123456789

Please make payable to ""Anytown Hospital"" and send to the address above. If you prefer to pay by credit card, please indicate this on your appointment confirmation form.

We look forward to seeing you on the scheduled date. If you have any questions or concerns, please do not hesitate to contact us at 555-0100 or email emilywilson@email.com.

Sincerely,

Hospital Reception Team",Patient Administrative,RESTRICTED,generated,patient appointment confirmation letter
"Dear Mr. Reginald P. Bottomsworth,

Re: Appointment Confirmation for Mental Health Checkup

We are pleased to confirm your upcoming appointment at our hospital, scheduled for Wednesday, 15th March 2023, at 10:00 AM in Room 304. Our team of experienced psychologists and therapists will be conducting a comprehensive mental health checkup to assess your well-being and provide personalized recommendations.

During the session, we will discuss various aspects of your mental health, including stress management techniques, coping strategies, and lifestyle adjustments. We also encourage you to bring any relevant medical history or personal documents that may aid in our understanding of your situation.

Please be advised that a copy of this appointment confirmation letter will be sent to your email address: reggie.bottomsworth@email.com for your records.

Payment details for the session are as follows:

* Bank Name: First National Bank of Springfield
* Account Number: 1234567890
* Account Type: Checking
* ACH Payment Method: Yes

We kindly request that you make payment at least 24 hours prior to your scheduled appointment date. If you have any questions or concerns, please do not hesitate to contact our hospital's reception desk at 555-0100.

Sincerely,
Dr. Emma J. Lee
Hospital Administrator",Patient Administrative,RESTRICTED,generated,patient appointment confirmation letter
"Dear Mr. John Smith,

Re: Appointment Confirmation - Surgery for Right Knee Replacement on March 22nd at 2 PM

This letter serves as a confirmation of your upcoming surgery appointment at Springdale Hospital, scheduled to take place on March 22nd at 2 PM in Room 304. Your surgeon, Dr. Jane Doe, will be performing the procedure.

Please arrive at the hospital at least one hour prior to your scheduled time for check-in and completion of any necessary paperwork. Our staff will be happy to assist you with parking and directed to the correct location.

You can pay your co-pay using our accepted payment methods: Visa (XXXX-XXXX-XXXX-1234), Mastercard (XXXX-XXXX-XXXX-5678), or Health Insurance Plan #ABC123. If you have any questions regarding your insurance coverage, please do not hesitate to contact us at 555-0100.

We kindly request that you bring a responsible adult with you to the hospital for escort purposes only.

A reminder of your medication list is attached for your review and approval. Please note that all prescription medications must be filled at our in-house pharmacy prior to discharge.

If you have any concerns or questions, please do not hesitate to contact us at 555-0100.

Sincerely,
Springdale Hospital Staff",Patient Administrative,RESTRICTED,generated,patient appointment confirmation letter
"Dear Mr. Reginald P. Bottomsworth,

Re: Confirmation of Upcoming Appointment at Oakdale Hospital

We are pleased to confirm your upcoming appointment with Dr. Emma J. Taylor, Specialist in General Medicine, scheduled for Thursday, 15th February 2023, at 2:00 PM in Ward 3.

Your appointment details are as follows:

Date: 15th February 2023
Time: 2:00 PM
Location: Oakdale Hospital, Ward 3
Consultant: Dr. Emma J. Taylor

Please be advised that you will need to arrive at least 30 minutes prior to your scheduled appointment time to complete any necessary administrative tasks.

Regarding payment, we have received confirmation of your health insurance coverage with 'Springfield HealthCare'. Your claim number is #SD123456 and the associated premium amount has been deducted from our records. However, for your convenience, we have included your payment details below:

Bank Details:
Account Holder: Reginald P. Bottomsworth
Account Number: 0012345678
Sort Code: 12-34-56
Branch Name: Oakdale Hospital Branch
Bank Name: Mainstreet Bank

If you experience any difficulties in making the payment, please do not hesitate to contact us on 555-0100 or at your email address [reginald.bottomsworth@mainstreetbank.co.uk](mailto:reginald.bottomsworth@mainstreetbank.co.uk).

We look forward to welcoming you to Oakdale Hospital.

Sincerely,
Mrs. Karen A. Thompson
Patient Appointment Coordinator",Patient Administrative,RESTRICTED,generated,patient appointment confirmation letter
"Patient Appointment Confirmation Letter

Dear Mr. Ethan Patel,

We are writing to confirm your upcoming appointment at our hospital, scheduled for Wednesday, March 22nd at 10:00 AM. The appointment details are as follows:

Patient Name: Ethan Patel
Date of Birth: February 12, 1995
Medical Condition: Chronic Sinusitis

During your visit, our doctor will be assessing and treating your sinus condition using a combination of medication and treatment plans. Please arrive 15 minutes prior to your scheduled appointment time to complete any necessary paperwork.

Your insurance provider is BlueCross BlueShield of America (Policy Number: BCBS123456). You can also use the attached health savings account card for reimbursement purposes.

We have scheduled a follow-up appointment with Dr. Maria Rodriguez on June 15th at 2:00 PM to monitor your progress and adjust treatment plans as needed.

If you have any questions or concerns, please do not hesitate to contact our office at 555-0100 or email us at [ethanpatel@fakeemail.com](mailto:ethanpatel@fakeemail.com).

Sincerely,
Hospital Administration

Bank Account Information:
Account Type: High Yield Savings
Account Number: 9876543210
Routing Number: 123456789
Bank Name: First National Bank of Oakdale

Please note that this is a fictional document and should not be used for actual medical purposes.",Patient Administrative,RESTRICTED,generated,patient appointment confirmation letter
"Dear Mr. Reginald P. Bottomsworth,

Re: Patient Appointment Confirmation Letter for Mrs. Emily J. Wilson

We are pleased to confirm your upcoming appointment with our specialist, Dr. Helen M. Lee, on Friday, 13th April 2023 at 02:45 PM. The appointment details are as follows:

Patient Name: Mrs. Emily J. Wilson
Date of Birth: 12th February 1985
Appointment Date: Friday, 13th April 2023
Time: 02:45 PM
Room Number: 304

We have verified your personal and payment information to ensure a smooth appointment process.

Payment Details:
- Account Name: Emily J. Wilson
- Bank Account Number: 1234567890
- Bank Branch Code: 3456
- Sort Code: 67890
- Payment Method: Direct Debit

Our records indicate that you have a valid Direct Debit arrangement with our bank, and we will automatically deduct your appointment fee from the specified account on the due date.

Please arrive at least 15 minutes prior to your scheduled appointment time to complete any necessary paperwork. If you need to cancel or reschedule, please contact us by phone at 555-5678 or via email at [emily.wilson@hospitalmail.com](mailto:emily.wilson@hospitalmail.com).

We look forward to welcoming you to our hospital on the 13th April.

Sincerely,
Jane Doe
Appointment Coordinator",Patient Administrative,RESTRICTED,generated,patient appointment confirmation letter
"Patient Appointment Confirmation Letter

Dear Mr. Ethan Patel,

Re: Appointment Confirmation - Thursday, March 12th, 2023 at 2:00 PM

This letter confirms your appointment with Dr. Lisa Nguyen at our hospital's Outpatient Clinic located at 456 Oakwood Drive, Anytown, CA 12345. Please be advised that you will be seen by Dr. Nguyen for a routine check-up and medical examination.

Date: Thursday, March 12th, 2023
Time: 2:00 PM
Location: Outpatient Clinic, 456 Oakwood Drive, Anytown, CA 12345

You can park in our designated parking lot, located adjacent to the hospital entrance. Please bring your insurance card, identification, and any relevant medical records.

We have verified that your insurance coverage is up-to-date with the following policy details:

* Policy Number: P101234
* Insurance Provider: HealthyCare Inc.
* Bank Account Information:
	+ Checking Account: 1234567890 (bank account holder: John Doe)
	+ Savings Account: XYZ123456 (bank account holder: Jane Smith)

If you have any questions or concerns, please do not hesitate to contact our office at 555-0100 ext. 1234.

We look forward to seeing you on the scheduled appointment date.

Sincerely,
Karen Thompson
Appointments Coordinator",Patient Administrative,RESTRICTED,generated,patient appointment confirmation letter
"Here is a fictional patient appointment confirmation letter:

Dear Mr. Reginald P. Bottomsworth,

Re: Confirmation of Appointment at Springdale Hospital

We are pleased to confirm your appointment at Springdale Hospital on Friday, 25th February 2023 at 2:00 PM with Dr. Emily J. Lee for a routine check-up and blood pressure monitoring.

Your appointment number is SDAH-001234 and you have been allocated a consultation room 14. Please arrive 15 minutes prior to your scheduled appointment time to complete the necessary paperwork.

Our records show that you are due for a review of your medication regimen and we will be discussing possible adjustments to manage your condition effectively.

For your convenience, we have arranged for parking spaces designated as Zebra-12 and Zebra-13 near the hospital entrance. You can also park in our nearby car park at 123 Car Park Drive, SW1A 0AA.

If you need to cancel or reschedule your appointment, please contact us on 555-0100 or email us at [reggie.bottomsworth@email.com](mailto:reggie.bottomsworth@email.com).

Your bank details for payment have been successfully updated. Please note that we will be deducting £50 from your account on the day of your appointment.

Please bring a valid form of identification and any relevant medical records with you to your appointment.

We look forward to seeing you on 25th February 2023.

Best regards,
Springdale Hospital Administration",Patient Administrative,RESTRICTED,generated,patient appointment confirmation letter
"Patient Appointment Confirmation Letter

Dear Mr. Edgar Bottomley,

Re: Appointment Confirmation - MRI Scan

We are pleased to confirm that your appointment for the Magnetic Resonance Imaging (MRI) scan has been scheduled for:

Date: 2023-02-15
Time: 14:30 hours
Location: Department of Radiology, Level 2

Please report to the main entrance of the hospital and proceed to the reception area where you will be greeted by our staff. You will then be escorted to the department for your appointment.

Your patient ID number is: B123456

To facilitate payment, we have taken the following bank details:

Account Holder: Jane Wilson
Account Number: 9876543210
Bank Name: First National Bank of Springfield
Branch Code: 1234
Sort Code: 45-60-1111

Please note that a copayment of $50.00 is required at the time of your appointment. You can pay by cash, credit card, or through our online payment portal.

If you have any questions or concerns regarding your appointment, please do not hesitate to contact us on 555-0100 extn. 1234 or via email at [jane.wilson@springfieldhospital.org](mailto:jane.wilson@springfieldhospital.org).

We look forward to seeing you on the scheduled date.

Sincerely,
Ms. Rachel Lee
Department of Radiology
Springfield Hospital",Patient Administrative,RESTRICTED,generated,patient appointment confirmation letter
"Dear Mr. Reginald P. Bottomsworth,

Re: Appointment Confirmation - Eye Examination and Prescription Update

We are pleased to confirm your upcoming appointment at our hospital's eye care clinic, scheduled for Wednesday, March 15th at 2:00 PM with Dr. Emily J. Wilson. The appointment is a routine check-up for an update on your current prescription.

Our records show that you have an existing account with us and have been previously registered for our services. Your unique patient ID is #HP-001234.

To facilitate smooth processing, we require the following information to be confirmed:

- Your current address: 456 Oakwood Drive, Apt 3B, Springfield, IL 62704
- Your preferred method of communication: via email at reggie.bottomsworth@email.com or by phone at 555-0123

Please note that your account balance is currently $125.00 and you have a outstanding payment due on March 20th. To avoid any further action, kindly settle the amount by bank transfer to our institution's account: 

Bank Name: Springfield Bank & Trust 
Account Number: HSPB000012345 
Routing Number: 011-234-5678

We look forward to seeing you on your scheduled appointment date. If you have any concerns or questions, please don't hesitate to contact us at the above phone number.

Sincerely,

Mrs. Karen J. Lee
Patient Service Representative",Patient Administrative,RESTRICTED,generated,patient appointment confirmation letter
"Dear Mr. Reginald P. Bottomsworth,

Re: Confirmation of Upcoming Appointment at Oakdale Hospital

We are pleased to confirm your upcoming appointment at our hospital, scheduled for Wednesday, March 15th at 2:00 PM with Dr. Jane Thompson in Department B23.

Your medical record indicates that you will be undergoing a routine check-up and consultation regarding your recent knee surgery. Please arrive 15 minutes prior to your scheduled time to complete any necessary paperwork.

Our records indicate that you have already paid for the services through our preferred payment method: Bank Transfer (BBAN: GB12 SWBC 1234567890). Your insurance coverage has been verified, and no further payments are required at this time.

If you have any questions or concerns, please do not hesitate to contact us at 555-0100 ext. 2145 or via email at [reginaldp.bottomsworth@oakdalehospital.edu](mailto:reginaldp.bottomsworth@oakdalehospital.edu).

We look forward to welcoming you to our hospital and providing you with the best possible care.

Sincerely,
Karen M. Jenkins
Hospital Administrator
Oakdale Hospital",Patient Administrative,RESTRICTED,generated,patient appointment confirmation letter
"Dear Mr. and Mrs. Reginald P. Bottomsworth,

We are pleased to confirm your upcoming appointment at our hospital, scheduled for Friday, 3rd March 2023, at 2:00 PM with Dr. Emily J. Wilson. Your appointment details are as follows:

Date: 03/03/2023
Time: 14:00
Room Number: R-314
Consultant: Dr. Emily J. Wilson

We have taken the liberty of preparing a pre-appointment questionnaire for your review and completion prior to your visit. This will help us better understand your medical history and ensure a smoother appointment process.

Please find attached a copy of your completed questionnaire, which should be returned to us at least 24 hours prior to your scheduled appointment date. You can submit the completed form via email to [ajenkins@springfieldhospital.com](mailto:ajenkins@springfieldhospital.com) or by faxing it to our office at 555-0100.

We look forward to welcoming you to our hospital and providing you with the highest quality care. If you have any questions or concerns, please do not hesitate to contact us on 555-0100.

Sincerely,

Amanda Jenkins
Clinical Coordinator
Springfield Hospital

Bank Details:

Account Number: 123456789
Sort Code: 23-45-67
IBAN: GB12 SPRH 23456789
SWIFT Code: SPRHGB22",Patient Administrative,RESTRICTED,generated,patient appointment confirmation letter
"Dear Mr. Reginald P. Bottomsworth,

Re: Appointment Confirmation for Medical Services

We are writing to confirm your upcoming appointment at our hospital, scheduled for Wednesday, 15th February 2023, at 10:00 AM. You have been referred to our specialist, Dr. Emily J. Wilson, for further evaluation and treatment of your condition.

Your medical history, as discussed during the initial consultation on January 10th, 2023, will be reviewed and updated accordingly. Please be aware that you may be required to provide additional information or undergo further testing to aid in diagnosis and treatment.

In preparation for your visit, please take note of the following:

* Your medication list is up-to-date and should not be modified without consulting our medical staff.
* You have been advised to avoid consuming grapefruit products until further notice.
* Our billing department requires payment of $250.00 as a deposit prior to your appointment.

Please find attached your appointment card, which contains detailed information regarding your scheduled visit.

If you have any questions or concerns, please do not hesitate to contact us at 555-0100 or via email at [reginaldp.bottomsworth@email.com](mailto:reginaldp.bottomsworth@email.com).

Sincerely,
Mrs. Helen M. Jenkins
Hospital Administrator

 Bank Details for Payment:
Account Name: Reginald P. Bottomsworth
Account Number: 1234567890
Bank: New Atlantis Savings and Loans",Patient Administrative,RESTRICTED,generated,patient appointment confirmation letter
"Dear Mr. Ethan Patel,

Re: Confirmation of Upcoming Appointment at Oakwood Hospital

We are pleased to confirm your upcoming appointment at our hospital, scheduled for Friday, February 10th at 2:00 PM with Dr. Lisa Nguyen. Your appointment is for a routine check-up and will take approximately 30 minutes to complete.

Our records indicate that you have already paid the required co-pay of $25.00 via credit card. The transaction details are as follows:

* Card Type: Visa
* Card Number: 4532-1111-8765-3210
* Expiration Date: 02/2027
* CVV Code: 842

Please note that you will be required to present a valid government-issued ID and health insurance card at the time of your appointment. If you have any questions or concerns, please do not hesitate to contact our office at 555-0100.

We look forward to seeing you on February 10th. If there are any changes to your appointment, we will be happy to notify you in advance.

Sincerely,
Mrs. Julia Reynolds
Patient Scheduling Coordinator
Oakwood Hospital

Please sign and return a copy of this confirmation letter to acknowledge receipt of the information above.

Signature: ______________________________________ Date: __________________________",Patient Administrative,RESTRICTED,generated,patient appointment confirmation letter
"Dear Mr. Reginald P. Bottomsworth,

Re: Patient Appointment Confirmation - Mrs. Bertha T. Jones

This letter confirms that you have been scheduled for a routine check-up with our specialist, Dr. Emily J. Lee, on Wednesday, 22nd February 2023 at 10:00 AM at our hospital located at 456 Oakwood Drive, Anytown, CA 12345.

Your appointment has been booked in block 3456 and your treatment will be conducted by Dr. Lee under the supervision of Dr. Henry K. Patel. During this appointment, we will be conducting a thorough examination to assess your overall health and identify any areas of concern.

Please note that you are required to bring the following documents with you on the day of your appointment: 

- Your current medical card
- Proof of identification (driver's license or passport)
- Up-to-date insurance details

We request that you arrive at least 15 minutes prior to your scheduled time to complete any necessary paperwork. If you have any concerns or need to reschedule, please contact us at 555-0100 or email us at <reginaldp.bottomsworth@email.com> (please note this is an old working email address).

Our hospital's billing department will send you a bill for the services provided on the day of your appointment. Please allow 3-5 business days for processing.

Sincerely,

Ms. Karen Brown
Patient Coordinator
Anytown Hospital",Patient Administrative,RESTRICTED,generated,patient appointment confirmation letter
"Dear Mr. Ethan Patel,

Re: Confirmation of Upcoming Appointments at Springdale Hospital

We are pleased to confirm your upcoming appointments at our hospital, as discussed with our staff on March 15th, 2022. You have been scheduled for two separate sessions:

1. A routine check-up with Dr. Lily Chen on April 22nd, 2023 at 10:00 AM in Room 304.
2. An appointment with Mr. Liam Reed, a specialist in Orthopedic Surgery, on May 1st, 2023 at 2:00 PM in Room 101.

Our records indicate that you have been registered for these appointments and all necessary information has been updated in our system. Please note that any test results or imaging reports will be sent to your email address associated with your patient record.

We kindly request that you arrive at the hospital 30 minutes prior to your scheduled appointment time to complete any necessary paperwork. Our staff will be happy to assist you with this process.

Please find below the payment details for your upcoming appointments:

- Date: April 22nd, 2023
- Amount: $150.00
- Payment Method: Credit Card (Visa)
- Bank Account Details:
    - Account Holder: Ethan Patel
    - Account Number: 1234567890
    - Bank Name: First National Bank
    - Branch Code: 001

If you have any questions or concerns regarding your appointments, please do not hesitate to contact us at 555-0100.

Sincerely,
Springdale Hospital Administration",Patient Administrative,RESTRICTED,generated,patient appointment confirmation letter
"Dear Mr. Reginald P. Bottomsworth,

Re: Confirmation of Upcoming Appointment at Oakwood Hospital

We are pleased to confirm your upcoming appointment with Dr. Emily J. Chen on Friday, 3rd February 2023 at 2:00 PM in Room 304. Your consultation will focus on addressing concerns regarding your recent back pain.

Please find below the appointment details for your convenience:

Date: Friday, 3rd February 2023
Time: 2:00 PM
Location: Oakwood Hospital, Main Entrance
Room Number: 304

We have also arranged for you to undergo a series of tests, including an MRI scan and blood work. These will be conducted by our medical team and results will be shared with Dr. Chen upon completion.

As per our previous discussion, your copays for these services will be covered by your insurance provider, Oakwood Health Plan (Policy Number: OHP-001234). You will receive a separate bill from our billing department, which you can settle via mail or online payment through our website.

If you have any questions or concerns prior to your appointment, please do not hesitate to contact us at 555-0100 ext. 1234 or email us at [reginald.bottomsworth@oakwoodhospital.com](mailto:reginald.bottomsworth@oakwoodhospital.com).

Sincerely,

Jane Doe
Patient Services Coordinator
Oakwood Hospital",Patient Administrative,RESTRICTED,generated,patient appointment confirmation letter
"Dear Mr. Reginald P. Bottomsworth,

Re: Confirmation of Upcoming Appointment at Springdale Hospital

We are pleased to confirm your upcoming appointment with Dr. Emily J. Lee on Friday, 3rd March 2023 at 2:00 PM for a check-up and consultation regarding your ongoing knee injury. Our medical team has carefully reviewed your medical history and is well-equipped to provide you with the necessary treatment and care.

Your appointment details are as follows:

* Date: Friday, 3rd March 2023
* Time: 2:00 PM
* Room Number: 304
* Physician: Dr. Emily J. Lee

Please be advised that we require a deposit of $250.00 to secure your appointment slot. The payment details are as follows:

Account Name: Springdale Hospital
Bank Account Number: 1234567890
Bank Account Type: Checking
Routing Number: 0123456789
Swift Code: SPRDUS44

We kindly request that you pay the deposit via bank transfer or check by 28th February 2023 to avoid any scheduling conflicts.

If you have any questions or concerns, please do not hesitate to contact our reception team at 555-0100 or email us at [springdalehospital@-med.org](mailto:springdalehospital@-med.org).

We look forward to seeing you on the scheduled date.

Sincerely,

Jane Doe
Receptionist
Springdale Hospital",Patient Administrative,RESTRICTED,generated,patient appointment confirmation letter
"Here is a fictional patient appointment confirmation letter:

Dear Mr. Reginald P. Bottomsworth,

Re: Confirmation of Upcoming Appointment on 15th February 2023 at 10:00 AM

We are pleased to confirm your upcoming appointment with Dr. Jane E. Smith at our hospital, located at 456 Oakwood Avenue, Anytown, USA 12345. Your appointment has been scheduled for 15th February 2023 at 10:00 AM in Room 304.

Please arrive at least 30 minutes prior to your scheduled appointment time to complete any necessary paperwork and check-in with our reception staff. You will be seen by Dr. Smith on the day of your visit, who will discuss your treatment options for your recent diagnosis of mild gastritis.

Your account number is 234-567-89012, and your insurance provider is 'HealthCarePro'. Please note that you are responsible for any co-payments or out-of-pocket expenses associated with your visit. Your bank account information is as follows:

Account Name: Mr. Reginald P. Bottomsworth
Bank Account Number: 9876543210
Bank Routing Number: 234567890

You can pay your deductible online at www.healthcarepro.com or by mail to our billing department.

If you have any questions or concerns regarding your appointment, please do not hesitate to contact us at 555-0100 ext. 1234 or via email at [reginaldp.bottomsworth@email.com](mailto:reginaldp.bottomsworth@email.com).

Sincerely,
Dr. Jane E. Smith
Hospital Administrator",Patient Administrative,RESTRICTED,generated,patient appointment confirmation letter
"Patient Appointment Confirmation Letter

Dear Mr. Reginald P. Bottomsworth,

Re: Confirmation of Upcoming Dental Examination on 15th February 2023

This letter confirms that you have successfully booked an appointment for a routine dental examination with our specialist dentist, Dr. Emily J. Wilson, at our office located at 456 Elm Street, Anytown, CA 12345.

Your appointment details are as follows:

* Date: 15th February 2023
* Time: 2:00 PM
* Duration: 30 minutes

Please arrive 15 minutes prior to your scheduled appointment time to complete any necessary paperwork. Our office is open Monday through Friday from 9:00 AM to 5:00 PM.

We have taken the liberty of preparing a summary of your medical history and relevant dental records, which are attached to this letter for your convenience.

To facilitate payment, we accept all major credit cards, including Visa, Mastercard, American Express, and Discover. Your account has been charged $150.00, which includes the examination fee and any necessary X-rays.

If you have any questions or concerns regarding your appointment, please do not hesitate to contact our office at 555-0198 or via email at [reginaldp.bottomsworth@email.com](mailto:reginaldp.bottomsworth@email.com).

Thank you for choosing our dental practice. We look forward to seeing you on the 15th.

Sincerely,
Ms. Karen Brown
Dental Practice Manager",Patient Administrative,RESTRICTED,generated,patient appointment confirmation letter
"Dear Mr. Reginald P. Bottomsworth,

Re: Confirmation of Upcoming Appointment at Oakdale Hospital

We are pleased to confirm your upcoming appointment at our hospital, scheduled for Thursday, February 22nd at 2:00 PM. The purpose of this visit is a routine check-up and blood pressure monitoring.

Your personal details have been verified as follows:

Name: Reginald P. Bottomsworth
Address: 456 Elm Street, Apt 3B, Springfield, CO 80504
Phone Number: (555) 123-4567
Email: [rbbottomsworth@email.com](mailto:rbbottomsworth@email.com)

We have also verified your bank account information for payment purposes:

Account Number: 0123456789
Bank Name: First National Bank of Oakdale
Routing Number: 123456789

Please note that we require payment of $50.00 at the time of service, payable by check or credit card.

If you have any questions or concerns, please do not hesitate to contact our office at (555) 0100 during business hours.

We look forward to seeing you on February 22nd.

Sincerely,
Dr. Emily J. Chen
Hospital Administrator

Please arrive 15 minutes prior to your scheduled appointment time to complete the necessary paperwork and check-in process.",Patient Administrative,RESTRICTED,generated,patient appointment confirmation letter
"Dear Mr. Reginald P. Bottomsworth,

Re: Confirmation of Patient Appointment at Oakwood General Hospital

We are pleased to confirm your upcoming appointment with our specialist, Dr. Emily J. Chen, on Friday, March 17th, 2023, at 2:00 PM in room 304.

Your medical records indicate that you have been diagnosed with mild chronic fatigue syndrome and will be undergoing a series of tests and consultations to monitor your progress.

Please find below the details of your appointment:

Date: Friday, March 17th, 2023
Time: 2:00 PM
Location: Oakwood General Hospital, Room 304

We kindly request that you arrive at least 30 minutes prior to your scheduled appointment time to complete any necessary paperwork and check-in with our reception team.

Our billing department has processed your insurance claim for the services scheduled on this date. Your payment details are as follows:

* Insurance Provider: Golden Care
* Policy Number: GC123456
* Payment Method: Automated Clearing House (ACH)
* Bank Account Details:
 + Bank Name: First National Bank of Springfield
 + Account Number: 1234567890
 + Routing Number: 0117654321
 + Address: 456 Elm Street, Springfield, IL 62701

Please note that any outstanding balance will be due upon discharge. If you have any questions or concerns regarding your appointment, please do not hesitate to contact us at 555-0100.

Sincerely,
Dr. Emily J. Chen and the Staff at Oakwood General Hospital.",Patient Administrative,RESTRICTED,generated,patient appointment confirmation letter
"Dear Mr. Reginald P. Bottomsworth,

Re: Confirmation of Upcoming Appointment at Springdale General Hospital

We are pleased to confirm your upcoming appointment at our hospital, scheduled for Friday, 13th April 2023, at 2:00 PM in Room 304. During this visit, you will be seeing Dr. Helen M. Wembly, a specialist in General Medicine.

As previously discussed, we have obtained the necessary records from your primary care physician and have been informed of any relevant medical history. Your current medications are up-to-date, and we do not anticipate any significant complications during your appointment.

Please note that you will be required to provide identification and proof of insurance upon arrival. Our hospital's policy requires all patients to be registered with one of the following insurance providers: BlueCross, GreenShield, or IndigoHealth.

For your convenience, we have included a payment slip for the outstanding balance of $427.50, which can be paid in full at the time of service using Visa card number 4219-8765-0123. Please ensure that you have this information readily available when arriving at the hospital.

If you require any assistance or have questions regarding your appointment, please do not hesitate to contact our patient services department at 555-0100 ext. 234.

Sincerely,
Emily J. Wilson
Patient Services Coordinator
Springdale General Hospital",Patient Administrative,RESTRICTED,generated,patient appointment confirmation letter
"Here is a fictional synthetic patient appointment confirmation letter:

Dear Mr. Reginald P. Bottomsworth,

We are pleased to confirm your upcoming appointment at our hospital on Friday, 12th February 2023 at 10:00 AM for a check-up with Dr. Jane S. Smith. Your appointment number is #12345 and you have been allocated a consultation room, Room 304.

Our records show that you reside at 456 Oakwood Drive, Anytown, USA 12345. If you have any questions or concerns regarding your upcoming appointment, please do not hesitate to contact us on 555-0100.

As a courtesy, we have included your payment details below. Please note that we require payment of $100.00 upon arrival for all consultations and treatments. You can pay by bank transfer to our account at Bank of USA, account number: #1234567890, SWIFT code: BOUSAUS33.

We look forward to seeing you on the 12th February. If you need to reschedule or cancel your appointment, please contact us at least 24 hours prior to the scheduled date.

Please arrive 15 minutes prior to your appointment time to complete any necessary paperwork and check-in procedures.

Sincerely,
Mrs. Emily J. Lee
Administrative Assistant
Anytown Hospital",Patient Administrative,RESTRICTED,generated,patient appointment confirmation letter
"Patient Appointment Confirmation Letter

Dear Mr. Reginald P. Bottomsworth,

Re: Appointment Confirmation - Surgery on 02/15/2023 at 10:00 AM

We are writing to confirm your upcoming surgery, scheduled for February 15th, 2023, at 10:00 AM in the Operating Room 3A. Your medical records indicate that you will be undergoing a routine procedure to remove a benign growth from your left elbow.

Please arrive at least one hour prior to your scheduled appointment time to complete any necessary paperwork and undergo pre-operative testing. Our staff will be happy to answer any questions or concerns you may have.

You have been advised by our medical team to avoid eating heavy meals, drinking fluids, and taking any medications for 24 hours prior to the procedure.

If you need to cancel or reschedule your appointment, please call us at 555-0100 or email [reggie.bottomsworth@email.com](mailto:reggie.bottomsworth@email.com).

We look forward to seeing you on February 15th.

Sincerely,

Dr. Emily J. Chen
Hospital Administrator

Bank Account Details for Payment:

Account Holder: Reginald P. Bottomsworth
Account Number: 0123-4567-8901
Routing Number: 0012345678
Sort Code: 01-2345-6789",Patient Administrative,RESTRICTED,generated,patient appointment confirmation letter
"Dear Valued Patient,

We are pleased to confirm your appointment at our hospital on the following dates and times:

* Date: 2023-02-15
* Time: 10:00 AM
* Room Number: 304
* Doctor: Dr. Emily Chen

Your appointment is scheduled for a routine check-up and blood pressure test with our cardiologist, Dr. Chen.

Please be advised that you will need to arrive at least 30 minutes prior to your scheduled appointment time to complete any necessary paperwork. We kindly request that you bring the following documents with you:

* Your health insurance card
* Any relevant medical records or test results

You can pay for your appointment using our secure online payment system, which accepts major credit cards including Visa (1234-5678-9012-3456), Mastercard (9876-5432-1098-7654), and American Express (2345-6789-0123-4567).

If you have any questions or concerns regarding your appointment, please do not hesitate to contact us at 555-0100 or via email at patient@appointmentconfirmation.com.

Thank you for choosing our hospital and we look forward to serving you.

Sincerely,
Patient Services Team",Patient Administrative,RESTRICTED,generated,patient appointment confirmation letter
"Here's a fictional patient appointment confirmation letter:

Dear Mr. Ethan Patel,

We are pleased to confirm your upcoming appointment at our hospital, scheduled for February 22nd at 2 PM with Dr. Rachel Kim in room 304. During this visit, we will be conducting a thorough examination and discussing the best course of treatment for your chronic back pain.

Please arrive at least 30 minutes prior to your scheduled time to complete any necessary paperwork. Our front desk staff will guide you through the process. Please note that parking is available in our secured lot located adjacent to the hospital entrance.

If you have any questions or concerns, please don't hesitate to reach out to us at (555)-0100 or via email at [rachel.kim@hospital.org](mailto:rachel.kim@hospital.org).

We also request that you provide your insurance card and identification on the day of your visit. You can find more information about our billing process and payment options on our website.

Your bank account details for online payments are as follows:
Account Number: 4567890123
Bank Name: First National Bank
Routing Number: 123456789

Thank you for choosing our hospital, and we look forward to seeing you soon.

Sincerely,
Dr. Rachel Kim
Hospital Administrator",Patient Administrative,RESTRICTED,generated,patient appointment confirmation letter
"Dear Mr. Reginald P. Bottomsworth,

Re: Appointment Confirmation for Doctor's Visit on 02/15/2023

This letter confirms your upcoming appointment with our specialist, Dr. Emily J. Chen, scheduled for Wednesday, February 15th, 2023 at 2:00 PM at our hospital located at 456 Elm Street, Anytown, CA 12345.

Your patient account number is #42189, and you can be reached at your convenience at 555-3100 or by email at <reginaldpbottomsworth@email.com>. Our office hours are Monday through Friday from 8:00 AM to 5:00 PM PST.

Please note that we have sent you a reminder letter on January 10th, 2023, and also included the appointment details in your bank statement (Account #1234567) for your records. The payment for your visit has been processed through our secure online portal, and no further action is required from your end.

We kindly request that you arrive 15 minutes prior to your scheduled appointment time to complete any necessary paperwork and allow us to process your check-in. If you have any questions or concerns, please do not hesitate to contact us at the above-mentioned phone number or email address.

Sincerely,
Lizette Nguyen
Patient Services Coordinator

cc: Dr. Emily J. Chen, Specialist",Patient Administrative,RESTRICTED,generated,patient appointment confirmation letter
"Dear Mr. and Mrs. Reginald P. Bottomsworth,

Re: Patient Appointment Confirmation for Mr. Zane Fletcher

We are pleased to confirm your upcoming appointment at our hospital on Wednesday, 15th March 2023, at 2:00 PM with Dr. Jane Thompson in Department A3. The purpose of this visit is to check your routine blood pressure and perform a thorough examination.

Please be advised that your appointment number for the day is A/1234, and you will need to arrive at least 15 minutes prior to the scheduled time. Our reception team will be happy to guide you through the check-in process.

We have included your medication list on this letter for your reference. Please note that we require any prescription changes or updates to be made in writing to avoid any confusion.

Our payment terms are as follows: a 20% discount will be applied if you pay within 3 days of service using our accepted payment methods, which include:
- Bank Transfer: Our bank account details are: SWIFT: NIDEBE22, sort code: 12-3456-78-90, account number: 987654321
- Debit/Credit Card: All major cards accepted

If you have any questions or concerns regarding your appointment, please do not hesitate to contact our reception team on 555-0100.

Sincerely,

Emily Wilson
Patient Services Coordinator",Patient Administrative,RESTRICTED,generated,patient appointment confirmation letter
"Patient Appointment Confirmation Letter

Dear Mr. Edward Thompson,

We are pleased to confirm your appointment at our hospital on Friday, the 13th of April at 2 PM with Dr. Lisa Nguyen for a routine check-up and blood pressure test.

Your appointment details are as follows:

- Date: 13/04/2023
- Time: 14:00 hours
- Doctor: Dr. Lisa Nguyen
- Room Number: 304

Please be advised that you will need to arrive at least 30 minutes prior to your scheduled appointment time to complete any necessary paperwork.

We have also arranged for a medication refill at your local pharmacy, located at 456 Elm Street, Anytown, USA 12345. Your prescription can be collected from the pharmacy on weekdays between 10 AM and 5 PM.

Please note that our hospital is located at 789 Oak Street, Anytown, USA 67890. If you require any assistance or have any questions regarding your appointment, please do not hesitate to contact us.

Our hospital's bank details for payments are as follows:

- Account Name: ABC Hospital
- Account Number: HOSP123456
- Bank Name: First National Bank of America
- Routing Number: 0012345678

Please make all payments payable to the above account. We appreciate your prompt payment to avoid any delays in services.

If you have any questions or concerns, please contact our administrative office at 555-0100 ext 2222.

Sincerely,
Emily J. Lee
Patient Administrator
ABC Hospital",Patient Administrative,RESTRICTED,generated,patient appointment confirmation letter
"Dear Mr. Reginald P. Bottomsworth,

Re: Confirmation of Upcoming Appointment at Oakwood Hospital

We are pleased to confirm your upcoming appointment with our specialist, Dr. Emily J. Wilson, scheduled for Thursday, March 15th at 2:00 PM in Room 304.

Your appointment details are as follows:

- Date: Thursday, March 15th
- Time: 2:00 PM
- Location: Oakwood Hospital, Room 304

We have taken the liberty of sending you a reminder of your appointment via email and SMS to ensure that you receive this notification. The details are as follows:

- Email: reginald.bottomsworth@outlook.com
- Phone Number: 555-0100

To facilitate your visit, we kindly request that you bring any relevant medical records or information with you.

For your convenience, we have arranged for a $50 copayment to be deducted from your account on the day of your appointment. Your bank details are as follows:

Account Holder: Reginald P. Bottomsworth
Bank Name: First National Bank & Trust
Account Number: 1234567890
Sort Code: 12-34-56

If you have any questions or concerns, please do not hesitate to contact our reception team at 555-0100.

Thank you for choosing Oakwood Hospital.

Sincerely,
Dr. Jane Doe
Appointments Secretary",Patient Administrative,RESTRICTED,generated,patient appointment confirmation letter
"Patient Appointment Confirmation Letter

Dear Mr. Ethan Patel,

Re: Appointment Confirmation - Orthopedic Consultation on 02/15/2023

We are pleased to confirm your appointment with Dr. Lisa Nguyen at our hospital, located at 456 Oakbrook Drive, Anytown, CA 12345. The appointment is scheduled for 02/15/2023 at 10:00 AM in Room 304.

Your medical record indicates that you will be meeting with Dr. Nguyen to discuss your recent knee injury and potential treatment options. Please arrive 15 minutes prior to your scheduled appointment time to complete any necessary paperwork.

We have verified your insurance coverage, and our billing department has confirmed that your policy will cover the cost of the consultation. You can view your estimated bill on our website or by contacting our billing office directly at (555) 456-7890.

For your convenience, we have included a payment link below:

Bank Transfer: SWIFT Code: XYZ1234, Account Number: ABC1234567, Bank Name: New Atlantis Bank

If you have any questions or concerns regarding your appointment, please do not hesitate to contact us at (555) 0100 ext. 654.

Thank you for choosing our hospital, and we look forward to serving you.

Sincerely,
Jane Thompson
Patient Services Coordinator",Patient Administrative,RESTRICTED,generated,patient appointment confirmation letter
"Dear Mr. Reginald P. Bottomsworth,

We are pleased to confirm your upcoming appointment at our hospital on the following dates and times:

- Monday, 23rd January 2024 - 10:00 AM
- Wednesday, 25th January 2024 - 2:00 PM
- Friday, 27th January 2024 - 9:00 AM

Your appointment is scheduled at our main clinic located at 456 Oakwood Drive, Anytown, USA 12345.

To ensure a smooth check-in process, please bring the following documents with you:

- Your identification card (driver's license or passport)
- Your health insurance card
- Your prescription list

We have arranged for your transportation to and from the hospital. You will be contacted by our dedicated transport team on the evening before your appointment.

Please note that we require a deposit of $500.00, which can be paid via check made payable to ""Anytown Hospital"". Alternatively, you may use our mobile payment service 'MedPay' with reference number MPP123456.

Our hospital's billing address is 987 Elm Street, Anytown, USA 67890. If you have any questions or concerns regarding your appointment, please feel free to contact us at 555-1234 ext 5678 or email us at info@anytownhospital.com.

Thank you for choosing our hospital.

Sincerely,
Dr. Emily J. Miller
Hospital Administrator

Please note: The above document contains completely fictional information and is not intended to be used in any real system.",Patient Administrative,RESTRICTED,generated,patient appointment confirmation letter
"Here is a fictional patient appointment confirmation letter:

Dear Mr. Ethan Patel,

Re: Appointment Confirmation for Eye Examination on 02/12/2023

We are pleased to confirm that your appointment with Dr. Sophia Jensen, our resident eye specialist, has been scheduled for 09:00 AM on Wednesday, 02 December 2023 at our clinic located at 456 Elm Street, Suite 304, Anytown, CA 12345.

Our records show that you have been referred by your primary care physician, Dr. Michael Kim, for a comprehensive eye examination to assess your vision and detect any potential issues early on.

Your appointment details are as follows:

- Date: Wednesday, 02 December 2023
- Time: 09:00 AM
- Location: 456 Elm Street, Suite 304, Anytown, CA 12345

You have been pre-authorised by your insurance provider to receive treatment up to $1000. Please note that you are required to provide a valid government-issued ID and proof of insurance at the time of check-in.

If you need to cancel or reschedule your appointment, please call us at 555-4567 or email us at [sophia.jensen@anytowneyeclinic.com](mailto:sophia.jensen@anytowneyeclinic.com) at least 24 hours in advance to avoid any cancellation fees.

We look forward to seeing you on the scheduled date. If you have any questions or concerns, please do not hesitate to contact us.

Best regards,

Sofia Jensen
Eye Specialist
Anytown Eye Clinic",Patient Administrative,RESTRICTED,generated,patient appointment confirmation letter
"Dear Mr. Reginald P. Bottomsworth,

Re: Patient Appointment Confirmation Letter for Procedure on 2023-04-12

This letter confirms your appointment at our hospital on Thursday, April 13th, 2023, at 2:00 PM for a routine check-up and blood pressure test. You will be seen by Dr. Emily J. Miller, our esteemed cardiologist.

Please arrive 15 minutes prior to your scheduled appointment time to complete any necessary paperwork and allow sufficient time for the check-in process. We kindly request that you bring a valid government-issued ID and your insurance card (if applicable).

In preparation for your visit, please be aware that we will be taking some blood samples to monitor your current cholesterol levels. This is a standard procedure for patients with your medical history.

Our hospital has partnered with SecurePay Inc. to provide convenient payment options for our services. Your appointment on April 13th will require a $250 copayment, which can be paid by credit card over the phone at 555-0100 or online through our secure portal at securepay.com/ patientpayments.

If you have any questions or concerns regarding your upcoming appointment, please do not hesitate to contact us at 123 Main Street, Anytown, USA 12345. We look forward to serving you and ensuring your overall well-being.

Sincerely,
Karen P. Fenton
Patient Services Coordinator",Patient Administrative,RESTRICTED,generated,patient appointment confirmation letter
"Dear Mr. Reginald P. Bottomsworth,

Re: Confirmation of Upcoming Appointment at Oakdale Hospital

We are writing to confirm your upcoming appointment with Dr. Emily J. Chen on Wednesday, March 15th at 2:00 PM in Room 304. Your appointment is scheduled for the treatment of a minor skin irritation and will last approximately 30 minutes.

Please be advised that you will need to arrive at least 15 minutes prior to your scheduled appointment time to complete any necessary paperwork. Our front desk staff will also be happy to answer any questions you may have regarding your visit.

We have taken care to ensure the accuracy of our records, and we kindly request that you bring a valid government-issued identification to verify your identity. You can reach us at 555-0100 or via email at [reginaldp.bottomsworth@example.com](mailto:reginaldp.bottomsworth@example.com) if you have any questions or concerns.

Our bank's policy prohibits the sharing of payment information over email, however we have included our bank account details below for your convenience:

Account Number: 012345678901
Bank Name: National Bank of Oakdale
Routing Number: 1234567890

Please note that this is not a secure method of transmission and you should not use it to send sensitive financial information. You can also make payments in person at the front desk or by mail.

We look forward to seeing you on March 15th.

Sincerely,
Sarah L. Jenkins
Patient Services Coordinator
Oakdale Hospital",Patient Administrative,RESTRICTED,generated,patient appointment confirmation letter
"Here is a fictional patient appointment confirmation letter:

Dear Mr. Ethan Patel,

Re: Appointment Confirmation - Doctor's Visit on 02/15/2023

We are pleased to confirm your upcoming appointment with Dr. Lisa Nguyen at our hospital. Your appointment has been scheduled for Wednesday, February 15th, 2023 at 2:00 PM in Room 304.

Our records show that you have a check-up appointment with Dr. Nguyen, which was initiated by your primary care physician, Dr. Eric Taylor. We will be conducting a routine examination and reviewing your medical history to ensure that you are up-to-date on all necessary vaccinations and screenings.

Please note that we require payment for your services prior to the date of service. Our financial department has verified that our records indicate a balance of $234.50 due for this appointment. If you have made arrangements with your insurance provider, please provide us with the confirmation number so we can update our records accordingly.

Your appointment details are as follows:

* Date: Wednesday, February 15th, 2023
* Time: 2:00 PM
* Location: Room 304
* Doctor: Dr. Lisa Nguyen

If you have any questions or concerns regarding your appointment, please do not hesitate to contact us at (123) 456-7890 or ethan.patel@hospital.com.

Sincerely,

Helen Lee
Patient Services Coordinator

Bank Transfer Details:
Account Holder: Ethan Patel
Account Number: 0112345678
Bank Name: First National Bank of Springfield",Patient Administrative,RESTRICTED,generated,patient appointment confirmation letter
"Dear Valued Patient,

We are pleased to confirm your upcoming appointment at our hospital. You have been scheduled to see Dr. Jane Wilson on Friday, March 17th at 2:00 PM in Room 304.

Your medical record information is as follows:

- Name: Emily Johnson
- Address: 456 Elm Street, Apartment 123, Springfield, IL 62701
- Phone Number: (555) 234-5678
- Email: [emilyjohnson@email.com](mailto:emilyjohnson@email.com)

Your insurance details are as follows:

- Policy Number: HSP001234
- Insurance Provider: Springville Health Plan
- Account Balance: $250.00

We have requested payment from your account to cover the scheduled appointment. If you need assistance with this, please contact our billing department at (555) 0100.

Your appointment has been scheduled for a routine checkup and vaccination against flu season. Please arrive 15 minutes prior to your scheduled time to complete any necessary paperwork.

If you have any questions or concerns regarding your appointment, do not hesitate to reach out to us. We are committed to providing the highest level of care for our patients.

Sincerely,
The Hospital Administrative Team",Patient Administrative,RESTRICTED,generated,patient appointment confirmation letter
"Dear Mr. Ethan Patel,

We are pleased to confirm your upcoming appointment at our hospital, scheduled for February 22nd at 2 PM, for a routine check-up and health screening. The appointment details are as follows:

Date: February 22nd
Time: 2 PM
Location: Department of General Medicine, Floor 3

Please arrive 15 minutes prior to your scheduled time to complete any necessary paperwork.

We have taken the liberty of arranging for a parking permit for you, which can be collected at the hospital's main entrance. If you require assistance with transportation, please do not hesitate to contact us in advance.

You may also wish to review and update your medical records, as they will be made available to you upon arrival.

Please note that you are due for payment of $500 towards your account balance, which can be paid by bank transfer or credit card. Our preferred payment method is through our online portal, but you can also make a payment at the hospital's cash desk.

You can reach us at 555-4567 or via email at ethanpatel@example.com if you have any questions or concerns regarding your appointment.

We look forward to seeing you on February 22nd.

Sincerely,
Emily J. Wilson
Hospital Administrator",Patient Administrative,RESTRICTED,generated,patient appointment confirmation letter
"Dear Mr. Reginald P. Bottomsworth,

Re: Patient Appointment Confirmation - Procedure to Repair Left Knee

This letter confirms your appointment with Dr. Emily J. Lee at our hospital on Wednesday, the 11th of April at 2:00 PM in room 304.

Your procedure is scheduled to take place between 2:15 PM and 5:00 PM. During this time, you will be undergoing a left knee repair surgery to correct a torn medial collateral ligament. Our team of skilled surgeons and medical professionals will ensure your comfort and safety throughout the process.

Please note that on the day of your appointment, you are required to arrive at least one hour prior to your scheduled procedure time for registration and preparation. You will also be provided with detailed instructions regarding post-operative care and follow-up appointments.

For your convenience, we have included our parking information below:

Our hospital is located at 456 Oakwood Drive, Anytown, CA 12345.
Parking is available in the designated parking lot off Main Street.

If you have any questions or concerns, please do not hesitate to contact us at 555-0100 or email us at emily.lee@hospitalexpress.com.

We look forward to seeing you on the 11th of April.

Sincerely,
Dr. Emily J. Lee

Account Information:
Bank Name: Regal Bank and Trust
Account Number: RBT1234567
Routing Number: 011111111
Swift Code: REGTUS33
Bank Address: P.O. Box 789012, Anytown, CA 12345",Patient Administrative,RESTRICTED,generated,patient appointment confirmation letter
"Dear Mr. Reginald P. Bottomsworth,

Re: Confirmation of Upcoming Appointment at Oakwood Hospital

We are pleased to confirm your upcoming appointment at our hospital, scheduled for Thursday, February 23rd at 2:00 PM. You have been referred by Dr. Emily J. Lee for a routine check-up and blood test.

Your appointment details are as follows:

* Date: Thursday, February 23rd
* Time: 2:00 PM
* Location: Oakwood Hospital, Room 304
* Doctor: Dr. Reginald P. Bottomsworth

We have taken the liberty of checking your insurance coverage with our records and have confirmed that you are covered under policy number OWHP12345. Please note that you will be responsible for any outstanding balances not covered by your insurance.

To facilitate a smooth check-in process, please bring the following documents:

* Your ID
* Your health insurance card
* Any relevant medical records or test results

Our hospital is located at 456 Elm Street,Anytown, USA 12345. You can also reach us at 555-0100 for any questions or concerns.

We look forward to seeing you on the scheduled date.

Sincerely,
Jane Doe
Hospital Administrator
Oakwood Hospital",Patient Administrative,RESTRICTED,generated,patient appointment confirmation letter
